postcode,date,weekday_iso,month,transactions,transactions_dated,amount_pln,merchants,temperature_mean_c,rainy_fraction,wind_speed_mean_kmh,event_listings_count
81-704,2025-01-01,3,1,14,14,7064,7,5.0,0.7083,38.08,10
81-704,2025-01-02,4,1,11,11,3782,5,2.8,0.625,29.18,10
81-704,2025-01-03,5,1,10,10,1754,6,0.6,0.125,29.54,10
81-704,2025-01-04,6,1,19,19,6932,9,-1.6,0.0417,25.9,10
81-704,2025-01-05,7,1,16,16,10141,5,-0.7,0.0,21.23,13
81-704,2025-01-06,1,1,9,9,3855,4,2.0,0.5417,26.12,11
81-704,2025-01-07,2,1,7,7,2730,3,5.3,0.0,22.29,6
81-704,2025-01-08,3,1,11,11,9241,7,2.3,0.1667,25.3,8
81-704,2025-01-09,4,1,8,8,27597,3,1.0,0.4583,16.98,8
81-704,2025-01-10,5,1,9,9,1527,8,1.5,0.7917,30.61,15
81-704,2025-01-11,6,1,22,22,7286,9,1.5,0.5833,31.73,13
81-704,2025-01-12,7,1,13,13,5806,5,2.4,0.6667,34.2,10
81-704,2025-01-13,1,1,3,3,837,3,0.4,0.0,21.26,5
81-704,2025-01-14,2,1,6,6,1352,5,0.8,0.1667,30.55,5
81-704,2025-01-15,3,1,7,7,2684,4,3.9,0.0417,13.89,4
81-704,2025-01-16,4,1,15,14,4034,7,2.8,0.0,24.86,9
81-704,2025-01-17,5,1,13,13,23953,6,3.3,0.0,27.23,9
81-704,2025-01-18,6,1,31,31,12719,8,3.3,0.2917,21.86,8
81-704,2025-01-19,7,1,26,26,8014,8,2.1,0.0417,12.4,10
81-704,2025-01-20,1,1,6,6,1255,4,0.6,0.0,12.16,4
81-704,2025-01-21,2,1,7,7,1891,4,0.6,0.0,11.57,4
81-704,2025-01-22,3,1,10,10,1813,6,-0.4,0.0,10.99,4
81-704,2025-01-23,4,1,8,8,2703,5,1.0,0.2083,25.6,6
81-704,2025-01-24,5,1,16,16,5104,7,3.3,0.0,21.68,10
81-704,2025-01-25,6,1,24,24,9573,8,6.6,0.4167,22.62,15
81-704,2025-01-26,7,1,26,26,9482,8,5.6,0.5417,13.4,16
81-704,2025-01-27,1,1,18,18,7490,7,5.9,0.1667,20.66,5
81-704,2025-01-28,2,1,5,5,1009,5,7.0,0.2917,15.92,4
81-704,2025-01-29,3,1,13,13,4692,8,6.7,0.5,20.39,5
81-704,2025-01-30,4,1,13,13,4499,7,6.5,0.375,20.2,10
81-704,2025-01-31,5,1,11,11,2971,6,4.3,0.75,18.38,9
81-704,2025-02-01,6,2,41,40,12921,9,2.6,0.0833,19.06,10
81-704,2025-02-02,7,2,28,28,7708,7,0.8,0.0,13.47,6
81-704,2025-02-03,1,2,10,10,1651,7,1.2,0.0,12.85,2
81-704,2025-02-04,2,2,18,18,3522,7,2.3,0.0,12.61,3
81-704,2025-02-05,3,2,25,25,4380,9,1.8,0.0,14.37,2
81-704,2025-02-06,4,2,27,26,8692,10,3.5,0.0,14.44,8
81-704,2025-02-07,5,2,27,27,8644,7,2.2,0.4583,22.81,9
81-704,2025-02-08,6,2,41,41,12097,9,-0.5,0.0,25.76,13
81-704,2025-02-09,7,2,24,23,12359,9,-1.2,0.0,14.68,5
81-704,2025-02-10,1,2,22,22,3643,9,-2.2,0.0,15.3,3
81-704,2025-02-11,2,2,18,18,3273,7,-4.0,0.0,18.12,2
81-704,2025-02-12,3,2,30,30,6032,8,-3.6,0.0,17.99,4
81-704,2025-02-13,4,2,18,17,3867,8,-1.4,0.0,14.22,10
81-704,2025-02-14,5,2,37,37,10232,11,-0.4,0.0417,21.71,33
81-704,2025-02-15,6,2,32,32,10289,8,-2.0,0.0,18.14,24
81-704,2025-02-16,7,2,30,30,12089,8,-2.7,0.0,15.44,16
81-704,2025-02-17,1,2,19,19,4346,9,-2.7,0.0,23.7,6
81-704,2025-02-18,2,2,11,11,3014,7,-0.6,0.0,15.51,6
81-704,2025-02-19,3,2,13,13,2781,6,-0.4,0.0833,10.62,4
81-704,2025-02-20,4,2,22,22,4762,7,-2.2,0.0,14.49,13
81-704,2025-02-21,5,2,29,29,12129,9,0.0,0.0,26.15,15
81-704,2025-02-22,6,2,41,41,11787,11,2.8,0.0,22.82,14
81-704,2025-02-23,7,2,31,31,8882,9,3.1,0.1667,14.54,7
81-704,2025-02-24,1,2,19,18,5521,6,3.5,0.0417,13.52,6
81-704,2025-02-25,2,2,18,18,3262,6,3.8,0.4167,19.07,6
81-704,2025-02-26,3,2,24,24,8559,8,4.5,0.2083,7.7,5
81-704,2025-02-27,4,2,19,19,3419,8,4.4,0.5833,5.28,10
81-704,2025-02-28,5,2,30,30,7695,8,3.4,0.9167,14.73,10
81-704,2025-03-01,6,3,37,37,58698,9,2.8,0.4583,21.25,17
81-704,2025-03-02,7,3,40,39,40227,9,4.0,0.0,27.35,10
81-704,2025-03-03,1,3,12,12,4918,5,5.4,0.0,34.3,8
81-704,2025-03-04,2,3,10,10,3834,6,6.2,0.0417,36.79,7
81-704,2025-03-05,3,3,10,10,3375,6,8.4,0.0,34.63,8
81-704,2025-03-06,4,3,16,16,5662,8,9.3,0.0,23.4,9
81-704,2025-03-07,5,3,26,26,7919,8,7.6,0.0,9.61,16
81-704,2025-03-08,6,3,49,49,14512,11,7.1,0.0,7.3,19
81-704,2025-03-09,7,3,40,39,14193,10,7.1,0.0,12.52,14
81-704,2025-03-10,1,3,11,11,2575,5,7.8,0.0,11.99,9
81-704,2025-03-11,2,3,14,14,2624,6,3.9,0.0417,13.07,7
81-704,2025-03-12,3,3,13,13,2996,6,4.8,0.3333,7.65,11
81-704,2025-03-13,4,3,30,29,3889,10,3.0,0.7917,20.66,12
81-704,2025-03-14,5,3,22,22,6091,9,2.2,0.0417,10.9,15
81-704,2025-03-15,6,3,57,56,24737,11,1.8,0.0,8.72,17
81-704,2025-03-16,7,3,33,33,20373,7,2.5,0.4583,21.7,12
81-704,2025-03-17,1,3,19,19,4003,7,0.9,0.1667,22.35,9
81-704,2025-03-18,2,3,15,15,4938,6,3.1,0.0,27.48,8
81-704,2025-03-19,3,3,19,19,2743,7,4.2,0.0,19.18,7
81-704,2025-03-20,4,3,19,19,2782,7,5.9,0.0,12.82,10
81-704,2025-03-21,5,3,40,40,23995,10,5.5,0.0,13.41,15
81-704,2025-03-22,6,3,33,33,6583,9,5.9,0.0,24.12,17
81-704,2025-03-23,7,3,52,52,17297,8,7.1,0.0,26.74,14
81-704,2025-03-24,1,3,14,14,5844,5,4.6,0.0,10.43,6
81-704,2025-03-25,2,3,20,20,2274,7,5.9,0.0417,12.19,6
81-704,2025-03-26,3,3,18,18,2287,8,6.4,0.6667,16.0,10
81-704,2025-03-27,4,3,22,22,5774,9,6.4,0.0,8.94,9
81-704,2025-03-28,5,3,44,44,11787,9,7.8,0.0,12.63,14
81-704,2025-03-29,6,3,52,52,12834,11,8.5,0.0,11.46,12
81-704,2025-03-30,7,3,24,24,9859,9,7.0,0.2609,8.61,12
81-704,2025-03-31,1,3,14,14,2371,6,5.3,0.0833,12.4,8
81-704,2025-04-01,2,4,16,16,3053,5,4.9,0.0,14.93,6
81-704,2025-04-02,3,4,29,29,9975,9,6.5,0.0,16.89,5
81-704,2025-04-03,4,4,24,24,5004,8,8.7,0.0,11.85,9
81-704,2025-04-04,5,4,42,42,12943,10,7.7,0.0,17.76,13
81-704,2025-04-05,6,4,49,49,21153,9,2.8,0.2083,29.9,16
81-704,2025-04-06,7,4,34,34,14750,8,2.2,0.125,25.45,12
81-704,2025-04-07,1,4,12,11,3365,6,4.4,0.125,15.09,7
81-704,2025-04-08,2,4,21,21,5595,10,4.2,0.0,18.37,11
81-704,2025-04-09,3,4,16,16,4524,5,5.0,0.375,19.96,11
81-704,2025-04-10,4,4,21,21,4458,6,3.7,0.125,21.52,10
81-704,2025-04-11,5,4,26,26,18001,9,7.0,0.25,20.66,17
81-704,2025-04-12,6,4,56,56,31888,10,7.6,0.0833,15.32,20
81-704,2025-04-13,7,4,52,52,35721,10,10.6,0.0,14.86,22
81-704,2025-04-14,1,4,19,19,5874,8,11.6,0.375,9.4,12
81-704,2025-04-15,2,4,26,26,10564,8,12.8,0.0,17.6,9
81-704,2025-04-16,3,4,23,23,6798,7,13.4,0.4583,13.82,10
81-704,2025-04-17,4,4,27,27,7243,7,15.7,0.0,15.75,13
81-704,2025-04-18,5,4,26,25,7991,11,17.2,0.0833,12.56,11
81-704,2025-04-19,6,4,26,26,10211,8,12.9,0.0417,15.22,14
81-704,2025-04-20,7,4,14,14,8368,3,11.3,0.2083,7.54,16
81-704,2025-04-21,1,4,32,31,9705,7,10.2,0.0,9.88,11
81-704,2025-04-22,2,4,14,14,2735,7,9.9,0.5833,8.46,7
81-704,2025-04-23,3,4,13,13,3697,5,10.2,0.3333,9.28,8
81-704,2025-04-24,4,4,20,20,7135,10,7.4,0.0,16.43,11
81-704,2025-04-25,5,4,47,46,23396,10,5.8,0.0,19.49,14
81-704,2025-04-26,6,4,41,41,16509,10,5.1,0.0,12.01,27
81-704,2025-04-27,7,4,50,50,14010,8,6.3,0.0,9.55,23
81-704,2025-04-28,1,4,26,26,7071,7,9.6,0.0,10.64,11
81-704,2025-04-29,2,4,24,24,4863,9,11.4,0.0,21.16,11
81-704,2025-04-30,3,4,36,35,8929,9,11.4,0.0,20.75,11
81-704,2025-05-01,4,5,54,54,24316,9,10.4,0.0,10.88,25
81-704,2025-05-02,5,5,63,63,24853,9,14.2,0.125,19.39,26
81-704,2025-05-03,6,5,68,67,30383,12,10.3,0.0,16.58,27
81-704,2025-05-04,7,5,40,39,19722,10,8.2,0.6667,19.47,18
81-704,2025-05-05,1,5,25,25,7473,7,6.5,0.0417,17.36,9
81-704,2025-05-06,2,5,27,27,9894,7,7.0,0.125,18.09,8
81-704,2025-05-07,3,5,25,25,7230,9,6.3,0.0,13.97,11
81-704,2025-05-08,4,5,18,18,7331,5,5.7,0.0,12.07,17
81-704,2025-05-09,5,5,32,31,14072,8,7.5,0.4167,8.41,19
81-704,2025-05-10,6,5,51,51,19866,9,7.4,0.2083,17.38,30
81-704,2025-05-11,7,5,47,47,17573,8,6.7,0.1667,14.27,20
81-704,2025-05-12,1,5,32,32,9289,8,7.4,0.0,11.81,11
81-704,2025-05-13,2,5,32,32,11696,11,9.5,0.2083,10.35,6
81-704,2025-05-14,3,5,22,22,7289,6,9.5,0.2917,20.88,9
81-704,2025-05-15,4,5,18,18,12036,5,6.5,0.7083,23.15,9
81-704,2025-05-16,5,5,23,23,7101,8,7.3,0.75,28.19,12
81-704,2025-05-17,6,5,48,48,20234,10,7.2,0.875,25.75,23
81-704,2025-05-18,7,5,44,44,15724,10,8.8,0.3333,13.64,15
81-704,2025-05-19,1,5,23,23,5455,6,9.2,0.25,12.4,10
81-704,2025-05-20,2,5,26,26,7528,8,13.1,0.0,21.12,9
81-704,2025-05-21,3,5,29,29,7435,10,13.5,0.125,13.83,11
81-704,2025-05-22,4,5,24,24,10134,9,11.0,0.0,10.23,16
81-704,2025-05-23,5,5,41,41,14562,11,9.5,0.2917,12.54,18
81-704,2025-05-24,6,5,49,49,26234,9,9.6,0.375,6.79,19
81-704,2025-05-25,7,5,63,63,33528,9,13.0,0.0,17.33,23
81-704,2025-05-26,1,5,31,31,12963,7,13.1,0.4167,14.2,12
81-704,2025-05-27,2,5,23,23,5903,8,13.8,0.2083,8.5,11
81-704,2025-05-28,3,5,26,26,9720,11,15.1,0.4167,12.57,13
81-704,2025-05-29,4,5,41,41,13039,10,12.8,0.25,23.85,15
81-704,2025-05-30,5,5,40,40,22414,11,13.6,0.0833,18.13,19
81-704,2025-05-31,6,5,80,78,31198,10,14.9,0.0,20.03,32
81-704,2025-06-01,7,6,46,45,18061,10,15.0,0.2083,11.03,27
81-704,2025-06-02,1,6,25,25,8261,9,15.5,0.25,17.45,9
81-704,2025-06-03,2,6,23,23,4309,9,14.4,0.25,9.13,9
81-704,2025-06-04,3,6,21,21,8909,9,17.5,0.2917,18.98,7
81-704,2025-06-05,4,6,28,27,7353,8,15.8,0.5417,10.15,9
81-704,2025-06-06,5,6,36,36,20815,11,16.5,0.2917,17.23,10
81-704,2025-06-07,6,6,57,56,23422,12,16.1,0.4167,13.59,18
81-704,2025-06-08,7,6,39,39,24045,9,15.7,0.4583,18.7,20
81-704,2025-06-09,1,6,20,20,9129,5,13.0,0.2917,31.8,11
81-704,2025-06-10,2,6,16,16,4807,5,13.2,0.5,19.31,8
81-704,2025-06-11,3,6,31,31,11697,10,13.8,0.5417,20.57,9
81-704,2025-06-12,4,6,33,33,23473,11,13.0,0.0,20.15,13
81-704,2025-06-13,5,6,48,48,32304,10,13.0,0.0,15.98,21
81-704,2025-06-14,6,6,69,68,38396,12,13.5,0.0,10.62,26
81-704,2025-06-15,7,6,67,66,25768,12,17.2,0.0,9.54,24
81-704,2025-06-16,1,6,31,31,14217,7,16.2,0.25,21.5,14
81-704,2025-06-17,2,6,31,30,9711,10,16.3,0.0,27.18,11
81-704,2025-06-18,3,6,31,31,9390,9,17.1,0.0,26.55,14
81-704,2025-06-19,4,6,64,64,22463,12,15.0,0.0417,29.97,14
81-704,2025-06-20,5,6,68,67,24684,11,15.1,0.0,19.88,23
81-704,2025-06-21,6,6,84,82,29507,11,16.8,0.0,22.47,25
81-704,2025-06-22,7,6,53,52,22696,11,16.0,0.0,15.47,22
81-704,2025-06-23,1,6,33,33,13666,9,17.7,0.2917,20.42,13
81-704,2025-06-24,2,6,28,28,10365,8,15.0,0.5,31.97,12
81-704,2025-06-25,3,6,31,31,9044,7,16.0,0.625,28.26,13
81-704,2025-06-26,4,6,43,42,23804,11,17.1,0.0,10.79,23
81-704,2025-06-27,5,6,30,29,25605,11,17.2,0.625,27.86,20
81-704,2025-06-28,6,6,68,68,21759,12,17.8,0.0,26.93,29
81-704,2025-06-29,7,6,61,61,21270,9,18.7,0.0,34.63,24
81-704,2025-06-30,1,6,44,42,16036,10,16.2,0.0,23.16,20
81-704,2025-07-01,2,7,49,48,9038,11,17.2,0.0,9.85,17
81-704,2025-07-02,3,7,61,61,17089,10,21.4,0.0,8.91,17
81-704,2025-07-03,4,7,63,63,14858,11,19.9,0.0,24.73,21
81-704,2025-07-04,5,7,56,56,19036,12,16.0,0.0,20.5,23
81-704,2025-07-05,6,7,71,70,25984,11,18.0,0.0417,15.43,29
81-704,2025-07-06,7,7,57,57,20689,10,18.8,0.0,8.73,27
81-704,2025-07-07,1,7,49,48,12795,11,18.2,0.4583,6.27,16
81-704,2025-07-08,2,7,51,49,16339,10,16.6,0.3333,9.73,14
81-704,2025-07-09,3,7,35,35,7750,11,15.9,0.5,16.48,16
81-704,2025-07-10,4,7,57,56,19533,11,16.8,0.0833,25.15,18
81-704,2025-07-11,5,7,49,49,17640,9,15.6,0.8333,24.64,20
81-704,2025-07-12,6,7,72,70,35733,11,16.4,0.625,16.75,27
81-704,2025-07-13,7,7,52,52,14711,13,18.5,0.375,15.05,25
81-704,2025-07-14,1,7,53,53,11552,13,18.4,0.4167,6.58,18
81-704,2025-07-15,2,7,44,42,11143,11,17.9,0.375,9.8,15
81-704,2025-07-16,3,7,50,50,9369,14,17.1,0.9583,13.73,18
81-704,2025-07-17,4,7,60,60,14391,14,17.6,0.6667,9.88,24
81-704,2025-07-18,5,7,62,62,14194,13,18.2,0.0833,6.94,26
81-704,2025-07-19,6,7,84,81,29809,15,19.5,0.2083,13.94,26
81-704,2025-07-20,7,7,101,99,26978,14,20.4,0.0,14.11,25
81-704,2025-07-21,1,7,75,73,18770,14,19.8,0.0833,9.04,15
81-704,2025-07-22,2,7,65,64,13827,14,19.9,0.25,15.16,14
81-704,2025-07-23,3,7,62,62,15976,13,18.5,0.2083,11.31,17
81-704,2025-07-24,4,7,65,65,26664,15,18.7,0.6667,10.51,24
81-704,2025-07-25,5,7,73,72,18381,14,19.5,0.3333,5.22,23
81-704,2025-07-26,6,7,63,61,23217,14,19.9,0.25,10.64,28
81-704,2025-07-27,7,7,72,71,24443,14,19.0,0.0833,7.23,26
81-704,2025-07-28,1,7,39,39,7743,10,18.6,0.9167,24.86,15
81-704,2025-07-29,2,7,57,57,11520,14,18.5,0.4167,25.36,15
81-704,2025-07-30,3,7,58,58,11624,13,17.1,0.3333,9.06,17
81-704,2025-07-31,4,7,65,64,15752,15,17.6,0.25,8.3,22
81-704,2025-08-01,5,8,65,65,22649,12,17.2,0.4167,11.02,25
81-704,2025-08-02,6,8,71,67,17026,15,18.1,0.3333,11.32,23
81-704,2025-08-03,7,8,78,76,21581,14,17.7,0.5417,7.62,24
81-704,2025-08-04,1,8,49,49,15913,11,17.6,0.25,16.48,15
81-704,2025-08-05,2,8,47,47,31104,10,17.5,0.4583,19.57,11
81-704,2025-08-06,3,8,54,54,14970,11,15.9,0.25,27.06,18
81-704,2025-08-07,4,8,61,61,13741,12,17.5,0.0,15.25,21
81-704,2025-08-08,5,8,70,70,16088,14,18.6,0.1667,11.39,24
81-704,2025-08-09,6,8,71,70,20801,12,19.1,0.0,8.97,23
81-704,2025-08-10,7,8,69,68,17989,12,18.4,0.5,17.35,25
81-704,2025-08-11,1,8,58,58,11436,13,17.4,0.0,16.7,13
81-704,2025-08-12,2,8,65,63,16459,12,17.9,0.0,8.48,9
81-704,2025-08-13,3,8,62,62,20228,14,20.3,0.0,8.47,13
81-704,2025-08-14,4,8,64,62,17510,10,21.2,0.0,11.14,19
81-704,2025-08-15,5,8,103,102,29402,12,23.3,0.0,15.7,21
81-704,2025-08-16,6,8,81,81,22207,13,19.2,0.125,20.42,18
81-704,2025-08-17,7,8,89,88,21971,13,17.0,0.0,19.3,22
81-704,2025-08-18,1,8,42,42,10628,9,17.5,0.0,16.4,14
81-704,2025-08-19,2,8,64,63,14574,12,18.5,0.0,10.89,11
81-704,2025-08-20,3,8,62,62,15032,14,16.2,0.2083,19.36,14
81-704,2025-08-21,4,8,77,75,18936,14,15.3,0.0,7.2,20
81-704,2025-08-22,5,8,66,65,19366,13,15.1,0.0,22.57,18
81-704,2025-08-23,6,8,68,65,13859,14,13.0,0.4167,19.18,19
81-704,2025-08-24,7,8,60,60,14336,11,14.7,0.4167,26.84,25
81-704,2025-08-25,1,8,30,30,6605,13,14.7,0.5417,21.3,15
81-704,2025-08-26,2,8,52,52,12572,11,13.9,0.3333,8.1,12
81-704,2025-08-27,3,8,46,46,9692,10,15.5,0.0,13.74,14
81-704,2025-08-28,4,8,69,69,16155,12,19.7,0.0417,15.05,20
81-704,2025-08-29,5,8,42,42,9693,12,19.3,0.4583,12.82,19
81-704,2025-08-30,6,8,51,50,17536,12,17.6,0.375,6.05,19
81-704,2025-08-31,7,8,58,57,16370,12,17.8,0.0,6.38,24
81-704,2025-09-01,1,9,33,32,6147,11,17.4,0.0,11.05,6
81-704,2025-09-02,2,9,27,27,4999,12,19.2,0.3333,12.21,6
81-704,2025-09-03,3,9,43,43,7861,10,18.9,0.0,12.06,6
81-704,2025-09-04,4,9,53,53,10779,11,20.1,0.0,16.1,7
81-704,2025-09-05,5,9,58,58,19336,12,20.1,0.3333,15.05,16
81-704,2025-09-06,6,9,64,64,12553,13,17.4,0.3333,15.77,18
81-704,2025-09-07,7,9,62,62,12651,10,17.1,0.0417,11.28,16
81-704,2025-09-08,1,9,25,25,3705,8,18.7,0.0,11.55,10
81-704,2025-09-09,2,9,27,27,5153,7,18.2,0.0,14.87,10
81-704,2025-09-10,3,9,52,52,12556,12,18.4,0.125,19.0,9
81-704,2025-09-11,4,9,28,28,6251,8,18.3,0.4167,20.9,12
81-704,2025-09-12,5,9,69,69,14495,12,17.3,0.1667,15.24,17
81-704,2025-09-13,6,9,70,70,19843,12,15.8,0.1667,13.32,20
81-704,2025-09-14,7,9,58,58,14204,12,15.8,0.375,12.91,20
81-704,2025-09-15,1,9,30,30,10136,8,15.7,0.3333,21.92,10
81-704,2025-09-16,2,9,28,28,3965,10,15.9,0.25,26.45,10
81-704,2025-09-17,3,9,31,30,9452,10,14.5,0.5,28.07,11
81-704,2025-09-18,4,9,26,25,3413,7,15.4,0.0833,24.16,14
81-704,2025-09-19,5,9,33,33,8441,11,18.1,0.25,25.37,28
81-704,2025-09-20,6,9,84,83,25883,12,19.1,0.0,17.3,27
81-704,2025-09-21,7,9,62,62,15055,11,20.6,0.0833,16.98,21
81-704,2025-09-22,1,9,20,20,6598,9,14.1,0.2083,19.9,12
81-704,2025-09-23,2,9,21,21,4083,8,11.9,0.125,14.29,10
81-704,2025-09-24,3,9,38,37,7486,12,11.5,0.0,12.41,10
81-704,2025-09-25,4,9,30,30,5432,10,11.5,0.0417,15.48,14
81-704,2025-09-26,5,9,49,49,14967,9,11.4,0.0,18.61,22
81-704,2025-09-27,6,9,65,65,13285,13,11.3,0.0,14.0,28
81-704,2025-09-28,7,9,67,67,16146,11,12.0,0.0417,15.64,21
81-704,2025-09-29,1,9,20,20,3140,12,9.9,0.125,18.57,12
81-704,2025-09-30,2,9,15,15,2797,6,9.4,0.5,15.05,11
81-704,2025-10-01,3,10,17,17,3924,8,10.3,0.4167,11.69,16
81-704,2025-10-02,4,10,22,22,6341,8,9.2,0.1667,10.45,16
81-704,2025-10-03,5,10,37,37,7043,11,8.2,0.0,8.8,18
81-704,2025-10-04,6,10,32,32,9168,11,8.2,0.3333,28.75,28
81-704,2025-10-05,7,10,27,27,7048,8,10.8,0.2083,25.32,23
81-704,2025-10-06,1,10,17,17,2933,7,11.2,0.4583,20.53,16
81-704,2025-10-07,2,10,19,19,3342,8,12.1,0.0,7.82,14
81-704,2025-10-08,3,10,12,12,3240,5,11.2,0.625,18.82,16
81-704,2025-10-09,4,10,14,14,1557,8,12.4,0.125,17.25,20
81-704,2025-10-10,5,10,34,34,8523,10,12.5,0.5417,27.65,20
81-704,2025-10-11,6,10,40,40,9228,8,13.3,0.1667,26.34,27
81-704,2025-10-12,7,10,32,32,9702,10,12.0,0.0,26.25,21
81-704,2025-10-13,1,10,22,22,8398,9,9.8,0.125,21.36,11
81-704,2025-10-14,2,10,19,19,5430,9,9.3,0.125,12.68,10
81-704,2025-10-15,3,10,22,22,3436,6,10.6,0.125,17.97,11
81-704,2025-10-16,4,10,19,19,5608,7,11.1,0.25,20.62,16
81-704,2025-10-17,5,10,38,38,11532,8,10.6,0.7083,14.12,17
81-704,2025-10-18,6,10,38,38,10944,9,8.4,0.9583,24.88,18
81-704,2025-10-19,7,10,28,28,5355,11,7.1,0.0417,9.19,17
81-704,2025-10-20,1,10,18,18,3820,7,6.3,0.0,22.17,12
81-704,2025-10-21,2,10,10,10,2287,6,7.8,0.0,27.12,10
81-704,2025-10-22,3,10,18,18,5023,9,10.2,0.4167,18.73,11
81-704,2025-10-23,4,10,17,17,2665,8,12.2,0.2083,16.71,18
81-704,2025-10-24,5,10,40,40,11635,6,11.4,0.7083,17.44,26
81-704,2025-10-25,6,10,40,40,17975,11,8.8,0.0,21.55,28
81-704,2025-10-26,7,10,27,27,4440,11,8.1,0.24,22.15,23
81-704,2025-10-27,1,10,21,21,9892,6,7.2,0.5833,23.13,13
81-704,2025-10-28,2,10,14,14,3234,8,8.1,0.625,22.97,10
81-704,2025-10-29,3,10,11,11,2380,7,9.4,0.3333,21.8,14
81-704,2025-10-30,4,10,18,18,3409,7,9.4,0.5833,31.44,18
81-704,2025-10-31,5,10,22,22,6037,7,8.9,0.125,25.31,21
81-704,2025-11-01,6,11,28,28,8086,11,8.4,0.125,18.77,8
81-704,2025-11-02,7,11,18,18,6063,9,10.9,0.5,10.75,11
81-704,2025-11-03,1,11,12,12,3177,6,9.5,0.125,12.03,9
81-704,2025-11-04,2,11,20,20,3758,9,10.0,0.0833,17.48,10
81-704,2025-11-05,3,11,18,18,3011,6,10.1,0.0,18.89,9
81-704,2025-11-06,4,11,13,13,2706,5,9.1,0.0,14.26,12
81-704,2025-11-07,5,11,32,32,8207,10,7.8,0.0,18.04,12
81-704,2025-11-08,6,11,35,35,11015,10,6.7,0.0,13.37,16
81-704,2025-11-09,7,11,49,49,12897,10,4.9,0.0,7.6,18
81-704,2025-11-10,1,11,34,34,13403,11,7.0,0.1667,4.76,11
81-704,2025-11-11,2,11,26,26,9724,10,7.5,0.0,9.77,16
81-704,2025-11-12,3,11,13,13,1868,5,8.1,0.0,17.37,8
81-704,2025-11-13,4,11,24,24,4612,7,10.1,0.0,25.32,16
81-704,2025-11-14,5,11,25,25,4067,7,8.9,0.625,15.4,18
81-704,2025-11-15,6,11,26,26,7780,7,4.6,0.0417,12.66,19
81-704,2025-11-16,7,11,23,23,6651,6,1.7,0.5833,11.5,19
81-704,2025-11-17,1,11,15,15,2744,4,3.8,0.25,20.39,13
81-704,2025-11-18,2,11,15,15,2503,6,2.9,0.4167,23.03,11
81-704,2025-11-19,3,11,7,7,1441,3,3.4,0.3333,24.47,11
81-704,2025-11-20,4,11,18,18,1734,7,1.9,0.1667,22.85,15
81-704,2025-11-21,5,11,19,19,11366,10,2.7,0.4583,27.6,16
81-704,2025-11-22,6,11,28,28,5230,9,0.3,0.0,16.08,15
81-704,2025-11-23,7,11,30,30,8144,10,-2.7,0.0,14.77,16
81-704,2025-11-24,1,11,12,12,2725,5,-1.8,0.0,18.1,10
81-704,2025-11-25,2,11,17,17,5241,5,0.8,0.0,12.56,11
81-704,2025-11-26,3,11,17,17,4837,5,2.7,0.5833,23.79,6
81-704,2025-11-27,4,11,10,10,3882,5,2.8,0.3333,18.23,16
81-704,2025-11-28,5,11,17,17,3275,6,2.7,0.3333,24.82,16
81-704,2025-11-29,6,11,31,31,8831,10,1.5,0.5833,18.95,24
81-704,2025-11-30,7,11,22,22,5429,9,1.0,0.2917,20.09,19
81-704,2025-12-01,1,12,12,12,2564,4,2.5,0.125,15.35,8
81-704,2025-12-02,2,12,11,11,2477,7,1.5,0.3333,20.3,9
81-704,2025-12-03,3,12,10,10,2153,5,3.0,0.5,16.69,8
81-704,2025-12-04,4,12,8,8,1781,5,3.5,0.0,15.05,15
81-704,2025-12-05,5,12,22,22,5971,9,4.8,0.1667,16.76,10
81-704,2025-12-06,6,12,30,30,7063,8,5.5,0.5,14.37,27
81-704,2025-12-07,7,12,22,22,5307,9,5.6,0.1667,17.28,19
81-704,2025-12-08,1,12,10,10,2727,4,7.0,0.25,23.16,8
81-704,2025-12-09,2,12,13,13,2432,3,9.3,0.5417,17.85,7
81-704,2025-12-10,3,12,10,10,1242,3,10.0,0.4583,17.78,9
81-704,2025-12-11,4,12,23,23,1773,7,9.1,0.2083,28.51,13
81-704,2025-12-12,5,12,24,24,4934,8,7.8,0.125,19.04,16
81-704,2025-12-13,6,12,16,16,3384,10,5.9,0.625,15.76,20
81-704,2025-12-14,7,12,32,32,6629,9,6.3,0.0,24.38,15
81-704,2025-12-15,1,12,15,15,4468,4,4.3,0.0,20.32,11
81-704,2025-12-16,2,12,20,20,4212,7,2.6,0.0,15.8,8
81-704,2025-12-17,3,12,10,10,811,4,0.7,0.0,11.44,11
81-704,2025-12-18,4,12,15,15,2994,5,3.0,0.0,16.54,17
81-704,2025-12-19,5,12,16,16,13546,6,5.0,0.0833,22.26,14
81-704,2025-12-20,6,12,18,18,3278,9,6.4,0.2917,15.78,19
81-704,2025-12-21,7,12,20,20,6066,6,4.9,0.0,11.45,15
81-704,2025-12-23,2,12,12,12,3709,4,1.7,0.5,15.15,7
81-704,2025-12-25,4,12,5,5,354,3,-4.5,0.0,13.7,13
81-704,2025-12-26,5,12,26,26,6616,4,3.9,0.0,19.82,12
81-704,2025-12-27,6,12,18,18,5335,5,4.6,0.0,31.73,10
81-704,2025-12-28,7,12,25,25,7415,6,3.3,0.0,33.34,10
81-704,2025-12-29,1,12,16,16,3793,5,2.7,0.25,27.95,8
81-704,2025-12-30,2,12,30,30,9841,8,0.3,0.5417,40.29,9
81-704,2025-12-31,3,12,23,23,6139,6,-1.2,0.0833,15.6,39
81-704,2026-01-01,4,1,24,24,4717,8,0.4,0.4167,29.05,10
81-704,2026-01-02,5,1,28,28,6491,9,1.7,0.1667,30.33,12
81-704,2026-01-03,6,1,23,23,7372,9,-0.7,0.0,30.02,15
81-704,2026-01-04,7,1,22,22,5364,8,-2.6,0.0,28.73,12
81-704,2026-01-05,1,1,21,21,5369,5,-2.9,0.0,20.56,10
81-704,2026-01-06,2,1,30,30,7724,8,-4.4,0.0,15.54,12
81-704,2026-01-07,3,1,12,12,1256,6,-5.4,0.0,15.11,8
81-704,2026-01-08,4,1,10,10,817,4,-7.1,0.0,12.27,8
81-704,2026-01-09,5,1,15,15,1323,5,-4.9,0.0,21.63,13
81-704,2026-01-10,6,1,20,20,3170,5,-1.1,0.0417,30.46,18
81-704,2026-01-11,7,1,14,14,4447,5,-0.2,0.1667,25.4,12
81-704,2026-01-12,1,1,8,8,728,5,-1.7,0.0,10.72,5
81-704,2026-01-13,2,1,10,10,911,4,-4.3,0.0,19.1,5
81-704,2026-01-14,3,1,5,5,374,3,-1.2,0.6667,28.45,6
81-704,2026-01-15,4,1,15,15,1243,8,1.2,0.0,16.61,9
81-704,2026-01-16,5,1,13,13,1969,6,-0.6,0.0,28.07,13
81-704,2026-01-17,6,1,22,22,3596,9,-3.6,0.0,21.84,17
81-704,2026-01-18,7,1,25,25,7975,7,-7.8,0.0,24.57,9
81-704,2026-01-19,1,1,8,8,2753,3,-8.2,0.0,24.4,5
81-704,2026-01-20,2,1,17,17,3026,5,-6.1,0.0,18.38,8
81-704,2026-01-21,3,1,9,9,1883,6,-8.3,0.0,8.17,10
81-704,2026-01-22,4,1,15,15,2738,5,-7.4,0.0,19.07,10
81-704,2026-01-23,5,1,22,22,5868,6,-7.5,0.0,23.92,9
81-704,2026-01-24,6,1,13,13,5609,3,-5.8,0.0,23.05,14
81-704,2026-01-25,7,1,16,16,3380,5,-5.2,0.0,18.12,17
81-704,2026-01-27,2,1,14,14,3428,5,-0.8,0.0,12.86,11
81-704,2026-01-28,3,1,18,18,3648,5,-1.8,0.0,16.3,9
81-704,2026-01-29,4,1,15,15,2936,3,-5.6,0.0,22.5,11
81-704,2026-01-30,5,1,19,19,4034,6,-7.5,0.0,25.67,16
81-704,2026-01-31,6,1,15,15,2191,4,-9.8,0.0,28.46,14
81-704,2026-02-01,7,2,25,25,3907,4,-12.0,0.0,21.24,13
81-704,2026-02-03,2,2,3,3,640,3,-9.5,0.0,19.37,7
81-704,2026-02-04,3,2,12,12,1503,4,-8.8,0.0,26.27,9
81-704,2026-02-05,4,2,10,10,1045,4,-4.8,0.25,22.91,9
81-704,2026-02-06,5,2,13,13,2288,4,-1.2,0.375,21.09,8
81-704,2026-02-08,7,2,17,17,1509,3,-2.8,0.0,23.63,13
81-704,2026-02-09,1,2,11,11,6492,5,-7.2,0.0,20.61,5
81-704,2026-02-10,2,2,8,8,793,5,-6.4,0.0,13.8,6
81-704,2026-02-11,3,2,8,8,2274,3,-1.1,0.0417,11.35,7
81-704,2026-02-12,4,2,9,9,1691,5,0.5,0.2083,17.57,11
81-704,2026-02-13,5,2,24,24,4925,7,-0.2,0.3333,25.28,19
81-704,2026-02-14,6,2,28,28,6720,8,-2.9,0.0,20.42,47
81-704,2026-02-15,7,2,26,26,3390,7,-6.2,0.0,12.13,25
81-704,2026-02-16,1,2,11,11,1454,4,-10.6,0.0,22.93,10
81-704,2026-02-17,2,2,16,16,1476,4,-8.5,0.0,18.66,12
81-704,2026-02-18,3,2,13,13,1647,5,-5.6,0.0,16.97,8
81-704,2026-02-19,4,2,17,17,1001,3,-4.4,0.0,15.46,10
81-704,2026-02-20,5,2,23,23,1921,6,-4.3,0.0,17.12,13
81-704,2026-02-21,6,2,25,25,3304,7,-1.3,0.2083,31.11,14
81-704,2026-02-22,7,2,12,12,1269,6,1.8,0.375,20.38,16
81-704,2026-02-23,1,2,7,7,1423,4,2.9,0.5417,21.6,8
81-704,2026-02-24,2,2,8,8,644,4,1.8,0.1667,17.68,6
81-704,2026-02-25,3,2,14,14,1058,6,-0.0,0.0417,12.39,11
81-704,2026-02-26,4,2,16,16,1528,6,1.3,0.0,26.91,12
81-704,2026-02-27,5,2,33,33,3833,6,4.8,0.0,19.09,16
81-704,2026-02-28,6,2,35,35,4408,9,5.7,0.0,15.53,25
81-704,2026-03-01,7,3,21,20,4489,6,4.0,0.0,19.58,18
81-704,2026-03-02,1,3,7,7,1520,3,3.9,0.0,12.2,7
81-704,2026-03-03,2,3,8,8,1144,5,5.6,0.0,11.77,9
81-704,2026-03-05,4,3,7,7,857,3,3.1,0.0,16.44,8
81-704,2026-03-06,5,3,13,13,2440,4,3.6,0.0,9.07,7
81-704,2026-03-07,6,3,26,26,6900,8,5.2,0.0,9.24,22
81-704,2026-03-08,7,3,24,24,5236,7,6.2,0.0,10.46,17
81-704,2026-03-10,2,3,9,9,1794,4,6.9,0.0,16.69,6
81-704,2026-03-12,4,3,9,9,1751,5,7.1,0.1667,15.42,6
81-704,2026-03-13,5,3,29,28,4065,5,8.0,0.0,26.24,8
81-704,2026-03-14,6,3,43,42,8268,12,9.7,0.0,22.16,16
81-704,2026-03-15,7,3,38,37,7415,10,5.5,0.375,14.25,17
81-704,2026-03-16,1,3,17,17,2880,6,3.9,0.6667,10.98,10
81-704,2026-03-17,2,3,20,20,2072,6,4.1,0.1667,7.7,14
81-704,2026-03-18,3,3,22,22,1406,7,3.0,0.0,4.47,10
81-704,2026-03-19,4,3,22,22,1739,7,5.2,0.0833,8.55,13
81-704,2026-03-20,5,3,13,13,1933,6,4.2,0.1667,9.82,10
81-704,2026-03-21,6,3,42,42,5381,11,3.6,0.0,9.64,19
81-704,2026-03-22,7,3,45,44,6179,10,4.8,0.0,9.96,14
81-704,2026-03-23,1,3,17,17,1085,5,7.4,0.0417,8.07,8
81-704,2026-03-24,2,3,21,21,802,8,8.3,0.0,16.51,9
81-704,2026-03-25,3,3,16,16,1165,7,9.2,0.125,25.86,15
81-704,2026-03-26,4,3,21,21,2417,8,4.4,0.0,17.67,15
81-704,2026-03-27,5,3,29,29,4536,7,3.3,0.0,10.9,13
81-704,2026-03-28,6,3,59,59,11718,10,3.7,0.0,9.13,16
81-704,2026-03-29,7,3,32,31,5120,8,4.6,0.4348,9.68,14
81-704,2026-03-30,1,3,22,22,3885,6,4.8,0.0,14.94,8
81-704,2026-03-31,2,3,24,24,3152,6,4.1,0.0,12.16,7
81-704,2026-04-01,3,4,26,26,5566,7,3.3,0.0,6.46,5
81-704,2026-04-02,4,4,26,26,7094,7,3.8,0.0,6.23,7
81-704,2026-04-03,5,4,15,14,3364,6,4.7,0.0833,16.38,7
81-704,2026-04-04,6,4,33,32,6712,8,5.9,0.125,28.4,10
81-704,2026-04-05,7,4,28,28,7527,5,7.8,0.1667,23.7,16
81-704,2026-04-06,1,4,29,29,4297,8,6.4,0.3333,40.19,11
81-704,2026-04-07,2,4,14,14,2790,6,5.5,0.0,29.64,7
81-704,2026-04-08,3,4,31,31,5509,8,3.6,0.0417,23.44,5
81-704,2026-04-09,4,4,28,28,5775,10,2.7,0.0,19.93,5
81-704,2026-04-10,5,4,36,36,9629,8,3.1,0.0,12.58,7
81-704,2026-04-11,6,4,55,54,14941,13,3.6,0.0,9.65,10
81-704,2026-04-12,7,4,48,48,9310,9,6.1,0.0,11.89,16
81-704,2026-04-13,1,4,18,18,3257,6,7.4,0.0,19.43,5
81-704,2026-04-14,2,4,23,22,6403,10,8.6,0.125,22.32,4
81-704,2026-04-15,3,4,21,21,4274,10,7.6,0.1667,9.91,10
81-704,2026-04-16,4,4,25,25,4995,7,5.7,0.0833,8.31,9
81-704,2026-04-17,5,4,49,47,8759,12,5.8,0.0,15.63,12
81-704,2026-04-18,6,4,75,74,26546,13,7.5,0.0,9.67,24
81-704,2026-04-19,7,4,56,54,15072,10,8.0,0.0,12.48,20
81-704,2026-04-20,1,4,24,24,5008,7,6.5,0.0,28.4,9
81-704,2026-04-21,2,4,22,22,3453,10,5.9,0.0,17.64,7
81-704,2026-04-22,3,4,26,26,2854,9,7.9,0.0,18.1,9
81-704,2026-04-23,4,4,34,34,5155,9,8.0,0.0,16.69,12
81-704,2026-04-24,5,4,38,37,9143,13,8.5,0.0,12.59,12
81-704,2026-04-25,6,4,45,45,9723,13,7.9,0.1667,29.41,20
81-704,2026-04-26,7,4,59,58,13754,10,5.5,0.0833,26.66,18
81-704,2026-04-27,1,4,25,25,4312,7,5.8,0.0,17.24,9
81-704,2026-04-28,2,4,16,16,2589,4,4.8,0.0417,13.46,12
81-704,2026-04-29,3,4,15,15,1941,6,4.5,0.1667,14.75,10
81-704,2026-04-30,4,4,37,37,7475,8,7.4,0.0,11.75,15
81-704,2026-05-01,5,5,76,76,25317,13,11.2,0.0,9.33,19
81-704,2026-05-02,6,5,98,98,22810,15,14.3,0.0,9.72,28
81-704,2026-05-03,7,5,73,73,18549,13,16.7,0.0,15.72,13
81-704,2026-05-04,1,5,39,39,8775,10,14.4,0.1667,17.22,9
81-704,2026-05-05,2,5,33,33,3695,6,9.7,0.25,10.1,12
81-704,2026-05-06,3,5,30,30,4799,7,6.8,0.5833,23.37,13
81-704,2026-05-07,4,5,25,25,4905,6,6.8,0.0,20.19,14
81-704,2026-05-08,5,5,47,46,9107,11,8.3,0.2083,18.12,12
81-704,2026-05-09,6,5,83,83,23961,14,9.2,0.0,9.68,17
81-704,2026-05-10,7,5,88,88,21969,12,10.6,0.0,9.54,15
81-704,2026-05-11,1,5,39,38,12419,9,13.2,0.1667,18.23,13
81-704,2026-05-12,2,5,29,26,5166,9,9.8,0.0417,22.82,13
81-704,2026-05-13,3,5,32,32,3895,8,8.3,0.5833,15.08,11
81-704,2026-05-14,4,5,43,43,11882,9,9.2,0.5,17.87,12
81-704,2026-05-15,5,5,52,50,13971,12,9.4,0.6667,9.9,19
81-704,2026-05-16,6,5,70,69,16821,13,9.3,0.0833,8.03,24
81-704,2026-05-17,7,5,51,51,12329,8,9.7,0.1667,7.34,19
81-704,2026-05-18,1,5,23,23,4658,7,9.6,0.1667,15.33,12
81-704,2026-05-19,2,5,24,24,4641,7,10.7,0.0417,9.61,15
81-704,2026-05-20,3,5,40,39,9974,9,11.8,0.0,8.09,20
81-704,2026-05-21,4,5,45,45,11083,8,13.7,0.25,13.62,20
81-704,2026-05-22,5,5,56,56,13914,11,13.9,0.0,17.48,25
81-704,2026-05-23,6,5,73,73,28056,13,15.4,0.0,9.07,24
81-704,2026-05-24,7,5,71,71,22321,12,16.2,0.0,18.23,24
81-704,2026-05-25,1,5,35,35,10638,8,15.6,0.0,24.45,18
81-704,2026-05-26,2,5,28,27,6736,8,16.8,0.0,28.33,16
81-704,2026-05-27,3,5,32,32,6470,10,14.0,0.0,23.59,20
81-704,2026-05-28,4,5,37,37,7372,10,12.5,0.1667,15.9,22
81-704,2026-05-29,5,5,42,42,20983,11,13.8,0.0,16.55,19
81-704,2026-05-30,6,5,71,71,22761,11,14.9,0.0417,17.99,22
81-704,2026-05-31,7,5,52,51,14647,11,13.7,0.2917,16.2,22
81-704,2026-06-01,1,6,38,38,9411,8,13.2,0.125,8.26,14
81-704,2026-06-02,2,6,35,35,11090,7,14.4,0.0,8.65,13
81-704,2026-06-03,3,6,39,38,9263,8,17.4,0.0,17.55,12
81-704,2026-06-04,4,6,54,53,21113,11,17.7,0.375,12.89,10
81-704,2026-06-05,5,6,44,42,13503,11,15.4,0.7917,9.84,13
81-704,2026-06-06,6,6,39,38,8156,8,15.7,0.3333,9.53,22
81-704,2026-06-07,7,6,29,29,7941,9,16.9,0.2917,10.79,15
81-704,2026-06-08,1,6,14,14,2376,4,15.8,0.25,10.88,12
81-704,2026-06-09,2,6,10,9,1957,5,16.1,0.3333,15.78,10
81-704,2026-06-10,3,6,28,26,8230,7,14.9,0.1667,9.92,10
81-704,2026-06-11,4,6,40,39,7093,10,12.8,0.6667,11.8,15
81-704,2026-06-12,5,6,46,46,19815,10,14.1,0.5,9.8,22
81-704,2026-06-13,6,6,43,43,10047,10,14.5,0.7917,14.42,22
81-704,2026-06-14,7,6,33,32,9058,8,13.1,0.75,23.69,23
81-704,2026-06-15,1,6,14,14,2205,7,13.1,0.8333,24.63,14
81-704,2026-06-16,2,6,19,19,4131,7,14.3,0.4583,24.75,8
81-704,2026-06-17,3,6,35,35,5025,9,14.2,0.0,19.18,12
81-704,2026-06-18,4,6,30,30,6653,9,15.9,0.125,15.41,17
81-704,2026-06-19,5,6,37,36,6486,10,18.6,0.0,8.76,27
81-704,2026-06-20,6,6,54,52,14071,10,21.8,0.0,11.72,21
81-704,2026-06-21,7,6,70,68,16466,12,21.8,0.1667,8.65,24
81-704,2026-06-22,1,6,30,29,12973,9,18.5,0.0,18.44,14
81-704,2026-06-23,2,6,31,31,3923,8,17.2,0.0,7.98,13
81-704,2026-06-24,3,6,29,28,6718,9,18.4,0.0,10.64,12
81-704,2026-06-25,4,6,34,34,5590,9,21.0,0.0,11.33,18
81-704,2026-06-26,5,6,42,41,8529,11,21.3,0.0,7.9,13
81-704,2026-06-27,6,6,58,57,13827,12,25.3,0.0,10.22,20
81-704,2026-06-28,7,6,70,70,16836,10,26.6,0.0,8.62,16
81-704,2026-06-29,1,6,31,31,5237,8,23.6,0.0,20.43,13
81-704,2026-06-30,2,6,32,30,9939,9,20.4,0.125,14.47,16
81-706,2025-01-03,5,1,8,8,454,3,0.6,0.125,29.54,10
81-706,2025-01-04,6,1,5,5,505,3,-1.6,0.0417,25.9,10
81-706,2025-01-05,7,1,10,10,783,3,-0.7,0.0,21.23,13
81-706,2025-01-09,4,1,4,4,161,3,1.0,0.4583,16.98,8
81-706,2025-01-11,6,1,5,5,730,3,1.5,0.5833,31.73,13
81-706,2025-01-12,7,1,5,5,428,3,2.4,0.6667,34.2,10
81-706,2025-01-17,5,1,5,5,260,3,3.3,0.0,27.23,9
81-706,2025-01-19,7,1,8,8,412,3,2.1,0.0417,12.4,10
81-706,2025-01-23,4,1,7,7,309,3,1.0,0.2083,25.6,6
81-706,2025-01-24,5,1,6,6,360,3,3.3,0.0,21.68,10
81-706,2025-01-25,6,1,12,12,982,3,6.6,0.4167,22.62,15
81-706,2025-01-26,7,1,9,9,352,3,5.6,0.5417,13.4,16
81-706,2025-02-02,7,2,10,10,1626,3,0.8,0.0,13.47,6
81-706,2026-06-17,3,6,7,7,663,3,14.2,0.0,19.18,12
81-706,2026-06-18,4,6,17,17,3479,3,15.9,0.125,15.41,17
81-706,2026-06-20,6,6,14,14,3031,3,21.8,0.0,11.72,21
81-706,2026-06-23,2,6,9,9,1717,3,17.2,0.0,7.98,13
81-706,2026-06-25,4,6,11,11,5212,3,21.0,0.0,11.33,18
81-706,2026-06-26,5,6,12,12,2185,3,21.3,0.0,7.9,13
81-706,2026-06-27,6,6,16,16,3125,3,25.3,0.0,10.22,20
81-706,2026-06-30,2,6,12,12,6710,3,20.4,0.125,14.47,16
81-717,2026-03-15,7,3,6,6,2313,3,5.5,0.375,14.25,17
81-717,2026-03-21,6,3,7,7,2587,3,3.6,0.0,9.64,19
81-717,2026-04-06,1,4,6,6,1375,3,6.4,0.3333,40.19,11
81-717,2026-05-02,6,5,4,4,1007,3,14.3,0.0,9.72,28
81-718,2025-01-01,3,1,12,11,4089,5,5.0,0.7083,38.08,10
81-718,2025-01-02,4,1,11,10,2213,5,2.8,0.625,29.18,10
81-718,2025-01-03,5,1,15,13,2850,7,0.6,0.125,29.54,10
81-718,2025-01-04,6,1,26,24,4394,8,-1.6,0.0417,25.9,10
81-718,2025-01-05,7,1,21,20,2375,5,-0.7,0.0,21.23,13
81-718,2025-01-06,1,1,15,13,2381,7,2.0,0.5417,26.12,11
81-718,2025-01-07,2,1,5,3,374,3,5.3,0.0,22.29,6
81-718,2025-01-08,3,1,8,8,715,4,2.3,0.1667,25.3,8
81-718,2025-01-09,4,1,5,4,1351,4,1.0,0.4583,16.98,8
81-718,2025-01-10,5,1,6,6,1206,4,1.5,0.7917,30.61,15
81-718,2025-01-11,6,1,18,15,3826,6,1.5,0.5833,31.73,13
81-718,2025-01-12,7,1,12,12,4111,6,2.4,0.6667,34.2,10
81-718,2025-01-13,1,1,9,8,464,5,0.4,0.0,21.26,5
81-718,2025-01-15,3,1,8,8,1406,4,3.9,0.0417,13.89,4
81-718,2025-01-16,4,1,6,6,587,4,2.8,0.0,24.86,9
81-718,2025-01-17,5,1,6,6,565,3,3.3,0.0,27.23,9
81-718,2025-01-18,6,1,16,13,2786,7,3.3,0.2917,21.86,8
81-718,2025-01-19,7,1,30,28,4444,8,2.1,0.0417,12.4,10
81-718,2025-01-20,1,1,13,12,988,5,0.6,0.0,12.16,4
81-718,2025-01-21,2,1,16,12,1287,3,0.6,0.0,11.57,4
81-718,2025-01-22,3,1,10,10,1655,3,-0.4,0.0,10.99,4
81-718,2025-01-23,4,1,6,6,465,3,1.0,0.2083,25.6,6
81-718,2025-01-24,5,1,11,11,3858,6,3.3,0.0,21.68,10
81-718,2025-01-25,6,1,27,26,4971,7,6.6,0.4167,22.62,15
81-718,2025-01-26,7,1,10,10,4113,5,5.6,0.5417,13.4,16
81-718,2025-01-27,1,1,11,11,1679,3,5.9,0.1667,20.66,5
81-718,2025-01-28,2,1,4,4,341,3,7.0,0.2917,15.92,4
81-718,2025-01-29,3,1,8,8,1849,5,6.7,0.5,20.39,5
81-718,2025-01-30,4,1,9,9,1315,5,6.5,0.375,20.2,10
81-718,2025-01-31,5,1,16,13,2073,4,4.3,0.75,18.38,9
81-718,2025-02-01,6,2,42,41,7982,8,2.6,0.0833,19.06,10
81-718,2025-02-02,7,2,29,28,2525,6,0.8,0.0,13.47,6
81-718,2025-02-03,1,2,9,8,1185,5,1.2,0.0,12.85,2
81-718,2025-02-04,2,2,12,12,387,3,2.3,0.0,12.61,3
81-718,2025-02-05,3,2,6,6,553,3,1.8,0.0,14.37,2
81-718,2025-02-07,5,2,10,10,2122,4,2.2,0.4583,22.81,9
81-718,2025-02-08,6,2,26,26,4016,6,-0.5,0.0,25.76,13
81-718,2025-02-09,7,2,15,15,1622,6,-1.2,0.0,14.68,5
81-718,2025-02-10,1,2,14,14,2170,5,-2.2,0.0,15.3,3
81-718,2025-02-12,3,2,4,4,810,3,-3.6,0.0,17.99,4
81-718,2025-02-14,5,2,10,10,2887,4,-0.4,0.0417,21.71,33
81-718,2025-02-15,6,2,29,29,4922,6,-2.0,0.0,18.14,24
81-718,2025-02-16,7,2,22,22,3239,6,-2.7,0.0,15.44,16
81-718,2025-02-17,1,2,8,7,1944,5,-2.7,0.0,23.7,6
81-718,2025-02-19,3,2,13,13,1583,3,-0.4,0.0833,10.62,4
81-718,2025-02-20,4,2,9,9,1253,4,-2.2,0.0,14.49,13
81-718,2025-02-22,6,2,31,31,4490,5,2.8,0.0,22.82,14
81-718,2025-02-23,7,2,16,16,1551,4,3.1,0.1667,14.54,7
81-718,2025-02-27,4,2,6,6,742,3,4.4,0.5833,5.28,10
81-718,2025-03-01,6,3,11,11,3505,5,2.8,0.4583,21.25,17
81-718,2025-03-02,7,3,11,11,1958,4,4.0,0.0,27.35,10
81-718,2025-03-06,4,3,9,9,1080,5,9.3,0.0,23.4,9
81-718,2025-03-07,5,3,20,20,3630,5,7.6,0.0,9.61,16
81-718,2025-03-08,6,3,49,49,9357,6,7.1,0.0,7.3,19
81-718,2025-03-09,7,3,37,37,7975,5,7.1,0.0,12.52,14
81-718,2025-03-10,1,3,6,6,821,4,7.8,0.0,11.99,9
81-718,2025-03-11,2,3,5,5,1078,3,3.9,0.0417,13.07,7
81-718,2025-03-13,4,3,3,3,472,3,3.0,0.7917,20.66,12
81-718,2025-03-15,6,3,19,19,4598,5,1.8,0.0,8.72,17
81-718,2025-03-16,7,3,15,15,2766,6,2.5,0.4583,21.7,12
81-718,2025-03-20,4,3,20,20,1942,5,5.9,0.0,12.82,10
81-718,2025-03-21,5,3,20,20,4761,6,5.5,0.0,13.41,15
81-718,2025-03-22,6,3,28,28,6342,6,5.9,0.0,24.12,17
81-718,2025-03-23,7,3,41,41,7823,6,7.1,0.0,26.74,14
81-718,2025-03-24,1,3,6,6,727,4,4.6,0.0,10.43,6
81-718,2025-03-25,2,3,7,7,707,3,5.9,0.0417,12.19,6
81-718,2025-03-28,5,3,27,27,3984,6,7.8,0.0,12.63,14
81-718,2025-03-29,6,3,38,38,7660,5,8.5,0.0,11.46,12
81-718,2025-03-30,7,3,15,15,2734,6,7.0,0.2609,8.61,12
81-718,2025-03-31,1,3,4,4,1000,3,5.3,0.0833,12.4,8
81-718,2025-04-01,2,4,3,3,417,3,4.9,0.0,14.93,6
81-718,2025-04-03,4,4,15,15,779,3,8.7,0.0,11.85,9
81-718,2025-04-04,5,4,14,14,2082,5,7.7,0.0,17.76,13
81-718,2025-04-05,6,4,8,8,998,4,2.8,0.2083,29.9,16
81-718,2025-04-06,7,4,6,6,894,3,2.2,0.125,25.45,12
81-718,2025-04-09,3,4,5,5,3426,4,5.0,0.375,19.96,11
81-718,2025-04-11,5,4,9,9,1254,4,7.0,0.25,20.66,17
81-718,2025-04-12,6,4,29,29,5274,5,7.6,0.0833,15.32,20
81-718,2025-04-13,7,4,53,53,6279,5,10.6,0.0,14.86,22
81-718,2025-04-14,1,4,17,17,2496,5,11.6,0.375,9.4,12
81-718,2025-04-15,2,4,10,10,1218,4,12.8,0.0,17.6,9
81-718,2025-04-17,4,4,30,30,4756,4,15.7,0.0,15.75,13
81-718,2025-04-18,5,4,49,49,7668,5,17.2,0.0833,12.56,11
81-718,2025-04-19,6,4,27,27,4203,4,12.9,0.0417,15.22,14
81-718,2025-04-20,7,4,29,29,2172,4,11.3,0.2083,7.54,16
81-718,2025-04-21,1,4,44,44,5585,4,10.2,0.0,9.88,11
81-718,2025-04-25,5,4,11,11,1191,5,5.8,0.0,19.49,14
81-718,2025-04-26,6,4,21,21,4430,6,5.1,0.0,12.01,27
81-718,2025-04-27,7,4,30,30,3409,6,6.3,0.0,9.55,23
81-718,2025-04-28,1,4,18,18,1873,4,9.6,0.0,10.64,11
81-718,2025-04-29,2,4,20,20,1434,4,11.4,0.0,21.16,11
81-718,2025-04-30,3,4,20,20,2470,5,11.4,0.0,20.75,11
81-718,2025-05-01,4,5,91,91,21630,6,10.4,0.0,10.88,25
81-718,2025-05-02,5,5,98,98,22387,6,14.2,0.125,19.39,26
81-718,2025-05-03,6,5,78,78,21875,5,10.3,0.0,16.58,27
81-718,2025-05-04,7,5,20,20,8484,4,8.2,0.6667,19.47,18
81-718,2025-05-06,2,5,6,6,1285,4,7.0,0.125,18.09,8
81-718,2025-05-07,3,5,13,13,4247,5,6.3,0.0,13.97,11
81-718,2025-05-08,4,5,11,11,2076,5,5.7,0.0,12.07,17
81-718,2025-05-09,5,5,9,9,1995,3,7.5,0.4167,8.41,19
81-718,2025-05-10,6,5,36,36,14031,6,7.4,0.2083,17.38,30
81-718,2025-05-11,7,5,39,39,6333,7,6.7,0.1667,14.27,20
81-718,2025-05-12,1,5,11,11,2166,4,7.4,0.0,11.81,11
81-718,2025-05-13,2,5,10,10,1799,4,9.5,0.2083,10.35,6
81-718,2025-05-14,3,5,3,3,364,3,9.5,0.2917,20.88,9
81-718,2025-05-15,4,5,12,12,2234,4,6.5,0.7083,23.15,9
81-718,2025-05-16,5,5,13,13,2613,4,7.3,0.75,28.19,12
81-718,2025-05-17,6,5,20,20,7541,5,7.2,0.875,25.75,23
81-718,2025-05-18,7,5,39,39,11624,5,8.8,0.3333,13.64,15
81-718,2025-05-19,1,5,3,3,1035,3,9.2,0.25,12.4,10
81-718,2025-05-20,2,5,30,30,5668,6,13.1,0.0,21.12,9
81-718,2025-05-21,3,5,25,25,1604,5,13.5,0.125,13.83,11
81-718,2025-05-22,4,5,19,19,4531,4,11.0,0.0,10.23,16
81-718,2025-05-23,5,5,18,18,6245,7,9.5,0.2917,12.54,18
81-718,2025-05-24,6,5,39,39,10384,6,9.6,0.375,6.79,19
81-718,2025-05-25,7,5,84,84,19004,7,13.0,0.0,17.33,23
81-718,2025-05-26,1,5,23,23,2556,6,13.1,0.4167,14.2,12
81-718,2025-05-27,2,5,32,32,5113,5,13.8,0.2083,8.5,11
81-718,2025-05-28,3,5,23,23,3461,6,15.1,0.4167,12.57,13
81-718,2025-05-29,4,5,34,34,4060,6,12.8,0.25,23.85,15
81-718,2025-05-30,5,5,32,32,4619,7,13.6,0.0833,18.13,19
81-718,2025-05-31,6,5,65,65,14931,7,14.9,0.0,20.03,32
81-718,2025-06-01,7,6,48,48,9640,6,15.0,0.2083,11.03,27
81-718,2025-06-02,1,6,25,25,2338,6,15.5,0.25,17.45,9
81-718,2025-06-03,2,6,17,17,2405,3,14.4,0.25,9.13,9
81-718,2025-06-04,3,6,22,22,2533,6,17.5,0.2917,18.98,7
81-718,2025-06-05,4,6,7,7,635,5,15.8,0.5417,10.15,9
81-718,2025-06-06,5,6,32,32,4197,7,16.5,0.2917,17.23,10
81-718,2025-06-07,6,6,32,32,4144,6,16.1,0.4167,13.59,18
81-718,2025-06-08,7,6,40,40,6612,7,15.7,0.4583,18.7,20
81-718,2025-06-09,1,6,17,17,1919,4,13.0,0.2917,31.8,11
81-718,2025-06-10,2,6,8,8,817,4,13.2,0.5,19.31,8
81-718,2025-06-11,3,6,8,8,2383,5,13.8,0.5417,20.57,9
81-718,2025-06-12,4,6,30,30,5363,5,13.0,0.0,20.15,13
81-718,2025-06-13,5,6,39,39,5632,5,13.0,0.0,15.98,21
81-718,2025-06-14,6,6,71,71,11353,7,13.5,0.0,10.62,26
81-718,2025-06-15,7,6,105,105,15156,10,17.2,0.0,9.54,24
81-718,2025-06-16,1,6,14,14,1534,4,16.2,0.25,21.5,14
81-718,2025-06-17,2,6,25,25,3392,7,16.3,0.0,27.18,11
81-718,2025-06-18,3,6,21,21,3524,6,17.1,0.0,26.55,14
81-718,2025-06-19,4,6,38,38,5000,7,15.0,0.0417,29.97,14
81-718,2025-06-20,5,6,72,72,9231,6,15.1,0.0,19.88,23
81-718,2025-06-21,6,6,94,94,10867,8,16.8,0.0,22.47,25
81-718,2025-06-22,7,6,83,83,40702,8,16.0,0.0,15.47,22
81-718,2025-06-23,1,6,22,22,4586,5,17.7,0.2917,20.42,13
81-718,2025-06-24,2,6,8,8,3373,5,15.0,0.5,31.97,12
81-718,2025-06-25,3,6,14,14,1374,4,16.0,0.625,28.26,13
81-718,2025-06-26,4,6,27,27,8673,7,17.1,0.0,10.79,23
81-718,2025-06-27,5,6,22,22,30128,5,17.2,0.625,27.86,20
81-718,2025-06-28,6,6,70,70,16401,9,17.8,0.0,26.93,29
81-718,2025-06-29,7,6,55,55,16072,8,18.7,0.0,34.63,24
81-718,2025-06-30,1,6,39,39,3549,6,16.2,0.0,23.16,20
81-718,2025-07-01,2,7,76,76,19253,6,17.2,0.0,9.85,17
81-718,2025-07-02,3,7,101,101,23705,8,21.4,0.0,8.91,17
81-718,2025-07-03,4,7,36,36,10269,6,19.9,0.0,24.73,21
81-718,2025-07-04,5,7,68,68,23334,7,16.0,0.0,20.5,23
81-718,2025-07-05,6,7,67,67,15853,6,18.0,0.0417,15.43,29
81-718,2025-07-06,7,7,92,92,19859,8,18.8,0.0,8.73,27
81-718,2025-07-07,1,7,23,23,4189,5,18.2,0.4583,6.27,16
81-718,2025-07-08,2,7,13,13,3633,4,16.6,0.3333,9.73,14
81-718,2025-07-09,3,7,8,8,4560,4,15.9,0.5,16.48,16
81-718,2025-07-10,4,7,45,45,13037,6,16.8,0.0833,25.15,18
81-718,2025-07-11,5,7,4,4,739,3,15.6,0.8333,24.64,20
81-718,2025-07-12,6,7,22,22,2569,5,16.4,0.625,16.75,27
81-718,2025-07-13,7,7,87,87,17843,7,18.5,0.375,15.05,25
81-718,2025-07-14,1,7,39,39,8543,5,18.4,0.4167,6.58,18
81-718,2025-07-15,2,7,60,60,9704,7,17.9,0.375,9.8,15
81-718,2025-07-17,4,7,64,64,15127,6,17.6,0.6667,9.88,24
81-718,2025-07-18,5,7,67,67,11688,8,18.2,0.0833,6.94,26
81-718,2025-07-19,6,7,127,127,22077,8,19.5,0.2083,13.94,26
81-718,2025-07-20,7,7,148,148,26033,9,20.4,0.0,14.11,25
81-718,2025-07-21,1,7,69,69,9966,6,19.8,0.0833,9.04,15
81-718,2025-07-22,2,7,47,47,7675,7,19.9,0.25,15.16,14
81-718,2025-07-23,3,7,71,71,13687,7,18.5,0.2083,11.31,17
81-718,2025-07-24,4,7,74,74,12575,7,18.7,0.6667,10.51,24
81-718,2025-07-25,5,7,89,89,21624,7,19.5,0.3333,5.22,23
81-718,2025-07-26,6,7,73,73,9914,7,19.9,0.25,10.64,28
81-718,2025-07-27,7,7,130,130,26362,8,19.0,0.0833,7.23,26
81-718,2025-07-29,2,7,65,65,9367,6,18.5,0.4167,25.36,15
81-718,2025-07-30,3,7,59,59,12967,7,17.1,0.3333,9.06,17
81-718,2025-07-31,4,7,74,74,14228,7,17.6,0.25,8.3,22
81-718,2025-08-01,5,8,66,65,9322,7,17.2,0.4167,11.02,25
81-718,2025-08-02,6,8,81,81,16575,7,18.1,0.3333,11.32,23
81-718,2025-08-03,7,8,40,40,5641,7,17.7,0.5417,7.62,24
81-718,2025-08-04,1,8,66,66,9949,7,17.6,0.25,16.48,15
81-718,2025-08-05,2,8,44,44,6500,7,17.5,0.4583,19.57,11
81-718,2025-08-06,3,8,45,45,5760,5,15.9,0.25,27.06,18
81-718,2025-08-07,4,8,99,99,14792,7,17.5,0.0,15.25,21
81-718,2025-08-08,5,8,72,72,11621,7,18.6,0.1667,11.39,24
81-718,2025-08-09,6,8,148,148,20564,9,19.1,0.0,8.97,23
81-718,2025-08-10,7,8,85,85,13715,8,18.4,0.5,17.35,25
81-718,2025-08-11,1,8,67,67,8840,6,17.4,0.0,16.7,13
81-718,2025-08-12,2,8,73,73,10554,6,17.9,0.0,8.48,9
81-718,2025-08-13,3,8,114,114,15049,8,20.3,0.0,8.47,13
81-718,2025-08-14,4,8,109,109,16493,8,21.2,0.0,11.14,19
81-718,2025-08-15,5,8,169,169,30805,8,23.3,0.0,15.7,21
81-718,2025-08-16,6,8,110,110,17877,7,19.2,0.125,20.42,18
81-718,2025-08-17,7,8,106,106,15880,8,17.0,0.0,19.3,22
81-718,2025-08-18,1,8,58,58,8348,6,17.5,0.0,16.4,14
81-718,2025-08-19,2,8,118,118,20070,8,18.5,0.0,10.89,11
81-718,2025-08-20,3,8,35,35,3774,5,16.2,0.2083,19.36,14
81-718,2025-08-21,4,8,57,57,9128,8,15.3,0.0,7.2,20
81-718,2025-08-22,5,8,57,57,10018,7,15.1,0.0,22.57,18
81-718,2025-08-23,6,8,36,36,6278,6,13.0,0.4167,19.18,19
81-718,2025-08-24,7,8,75,75,15429,7,14.7,0.4167,26.84,25
81-718,2025-08-25,1,8,19,19,3735,7,14.7,0.5417,21.3,15
81-718,2025-08-26,2,8,29,29,3885,7,13.9,0.3333,8.1,12
81-718,2025-08-27,3,8,56,56,6399,7,15.5,0.0,13.74,14
81-718,2025-08-28,4,8,68,68,12143,10,19.7,0.0417,15.05,20
81-718,2025-08-29,5,8,26,26,8890,8,19.3,0.4583,12.82,19
81-718,2025-08-30,6,8,32,32,5139,7,17.6,0.375,6.05,19
81-718,2025-08-31,7,8,73,73,13060,9,17.8,0.0,6.38,24
81-718,2025-09-01,1,9,46,46,6498,8,17.4,0.0,11.05,6
81-718,2025-09-02,2,9,21,21,4291,7,19.2,0.3333,12.21,6
81-718,2025-09-03,3,9,36,36,5884,6,18.9,0.0,12.06,6
81-718,2025-09-04,4,9,58,58,6928,5,20.1,0.0,16.1,7
81-718,2025-09-05,5,9,48,48,10705,7,20.1,0.3333,15.05,16
81-718,2025-09-06,6,9,24,24,3645,5,17.4,0.3333,15.77,18
81-718,2025-09-07,7,9,45,45,8097,8,17.1,0.0417,11.28,16
81-718,2025-09-08,1,9,31,31,6302,7,18.7,0.0,11.55,10
81-718,2025-09-09,2,9,34,34,5440,7,18.2,0.0,14.87,10
81-718,2025-09-10,3,9,23,23,3878,5,18.4,0.125,19.0,9
81-718,2025-09-11,4,9,14,14,2431,5,18.3,0.4167,20.9,12
81-718,2025-09-12,5,9,74,74,9916,8,17.3,0.1667,15.24,17
81-718,2025-09-13,6,9,75,75,10797,8,15.8,0.1667,13.32,20
81-718,2025-09-14,7,9,21,21,2159,5,15.8,0.375,12.91,20
81-718,2025-09-15,1,9,24,24,2812,8,15.7,0.3333,21.92,10
81-718,2025-09-17,3,9,10,10,3724,5,14.5,0.5,28.07,11
81-718,2025-09-18,4,9,13,13,1329,5,15.4,0.0833,24.16,14
81-718,2025-09-19,5,9,25,25,3487,6,18.1,0.25,25.37,28
81-718,2025-09-20,6,9,83,83,21393,8,19.1,0.0,17.3,27
81-718,2025-09-21,7,9,65,65,9626,7,20.6,0.0833,16.98,21
81-718,2025-09-24,3,9,11,11,1042,4,11.5,0.0,12.41,10
81-718,2025-09-25,4,9,6,6,942,3,11.5,0.0417,15.48,14
81-718,2025-09-26,5,9,24,24,3520,7,11.4,0.0,18.61,22
81-718,2025-09-27,6,9,50,50,6329,6,11.3,0.0,14.0,28
81-718,2025-09-28,7,9,63,63,10559,7,12.0,0.0417,15.64,21
81-718,2025-10-01,3,10,8,8,3096,3,10.3,0.4167,11.69,16
81-718,2025-10-02,4,10,6,6,3325,5,9.2,0.1667,10.45,16
81-718,2025-10-03,5,10,13,13,4991,4,8.2,0.0,8.8,18
81-718,2025-10-04,6,10,18,18,5223,4,8.2,0.3333,28.75,28
81-718,2025-10-05,7,10,25,25,10738,5,10.8,0.2083,25.32,23
81-718,2025-10-06,1,10,5,5,2375,4,11.2,0.4583,20.53,16
81-718,2025-10-07,2,10,12,12,2183,6,12.1,0.0,7.82,14
81-718,2025-10-08,3,10,3,3,677,3,11.2,0.625,18.82,16
81-718,2025-10-09,4,10,17,17,1717,4,12.4,0.125,17.25,20
81-718,2025-10-10,5,10,4,4,1034,3,12.5,0.5417,27.65,20
81-718,2025-10-11,6,10,14,14,8073,6,13.3,0.1667,26.34,27
81-718,2025-10-12,7,10,21,21,5529,5,12.0,0.0,26.25,21
81-718,2025-10-16,4,10,4,4,1789,3,11.1,0.25,20.62,16
81-718,2025-10-17,5,10,5,5,427,3,10.6,0.7083,14.12,17
81-718,2025-10-18,6,10,19,19,6053,4,8.4,0.9583,24.88,18
81-718,2025-10-19,7,10,35,35,8706,4,7.1,0.0417,9.19,17
81-718,2025-10-22,3,10,6,6,1338,4,10.2,0.4167,18.73,11
81-718,2025-10-24,5,10,6,6,2074,4,11.4,0.7083,17.44,26
81-718,2025-10-25,6,10,25,25,4701,5,8.8,0.0,21.55,28
81-718,2025-10-26,7,10,17,17,3994,4,8.1,0.24,22.15,23
81-718,2025-10-28,2,10,5,5,390,3,8.1,0.625,22.97,10
81-718,2025-10-29,3,10,8,8,897,3,9.4,0.3333,21.8,14
81-718,2025-10-30,4,10,3,3,624,3,9.4,0.5833,31.44,18
81-718,2025-11-01,6,11,10,10,310,3,8.4,0.125,18.77,8
81-718,2025-11-02,7,11,15,15,1786,3,10.9,0.5,10.75,11
81-718,2025-11-04,2,11,5,4,263,4,10.0,0.0833,17.48,10
81-718,2025-11-05,3,11,7,7,156,3,10.1,0.0,18.89,9
81-718,2025-11-06,4,11,6,6,609,3,9.1,0.0,14.26,12
81-718,2025-11-08,6,11,46,46,3327,5,6.7,0.0,13.37,16
81-718,2025-11-09,7,11,32,32,7994,6,4.9,0.0,7.6,18
81-718,2025-11-10,1,11,29,29,8625,6,7.0,0.1667,4.76,11
81-718,2025-11-11,2,11,22,22,1564,5,7.5,0.0,9.77,16
81-718,2025-11-15,6,11,10,10,3134,4,4.6,0.0417,12.66,19
81-718,2025-11-22,6,11,9,9,9174,4,0.3,0.0,16.08,15
81-718,2025-11-23,7,11,8,8,2186,4,-2.7,0.0,14.77,16
81-718,2025-11-27,4,11,3,3,1334,3,2.8,0.3333,18.23,16
81-718,2025-11-29,6,11,8,8,1058,3,1.5,0.5833,18.95,24
81-718,2025-12-01,1,12,3,3,235,3,2.5,0.125,15.35,8
81-718,2025-12-06,6,12,17,17,1089,4,5.5,0.5,14.37,27
81-718,2025-12-07,7,12,16,16,1195,6,5.6,0.1667,17.28,19
81-718,2025-12-08,1,12,3,3,204,3,7.0,0.25,23.16,8
81-718,2025-12-13,6,12,16,16,2194,4,5.9,0.625,15.76,20
81-718,2025-12-14,7,12,13,13,1292,5,6.3,0.0,24.38,15
81-718,2025-12-15,1,12,5,5,690,3,4.3,0.0,20.32,11
81-718,2025-12-19,5,12,8,8,3977,5,5.0,0.0833,22.26,14
81-718,2025-12-21,7,12,6,6,896,5,4.9,0.0,11.45,15
81-718,2025-12-25,4,12,6,6,168,3,-4.5,0.0,13.7,13
81-718,2025-12-26,5,12,16,16,1990,4,3.9,0.0,19.82,12
81-718,2025-12-27,6,12,18,18,1257,5,4.6,0.0,31.73,10
81-718,2025-12-28,7,12,13,13,1486,6,3.3,0.0,33.34,10
81-718,2025-12-29,1,12,14,14,956,6,2.7,0.25,27.95,8
81-718,2025-12-31,3,12,11,11,1401,6,-1.2,0.0833,15.6,39
81-718,2026-01-01,4,1,9,9,9799,5,0.4,0.4167,29.05,10
81-718,2026-01-02,5,1,21,21,7564,4,1.7,0.1667,30.33,12
81-718,2026-01-03,6,1,17,17,3752,6,-0.7,0.0,30.02,15
81-718,2026-01-04,7,1,11,11,1896,6,-2.6,0.0,28.73,12
81-718,2026-01-05,1,1,10,10,1942,3,-2.9,0.0,20.56,10
81-718,2026-01-06,2,1,6,6,670,3,-4.4,0.0,15.54,12
81-718,2026-01-11,7,1,8,8,2850,3,-0.2,0.1667,25.4,12
81-718,2026-01-15,4,1,5,5,549,3,1.2,0.0,16.61,9
81-718,2026-01-17,6,1,10,10,3054,4,-3.6,0.0,21.84,17
81-718,2026-01-18,7,1,10,10,1190,5,-7.8,0.0,24.57,9
81-718,2026-01-20,2,1,4,4,1450,3,-6.1,0.0,18.38,8
81-718,2026-01-21,3,1,5,5,1717,5,-8.3,0.0,8.17,10
81-718,2026-01-24,6,1,8,8,2240,4,-5.8,0.0,23.05,14
81-718,2026-01-25,7,1,6,6,1249,4,-5.2,0.0,18.12,17
81-718,2026-01-30,5,1,5,5,434,3,-7.5,0.0,25.67,16
81-718,2026-01-31,6,1,13,13,1741,3,-9.8,0.0,28.46,14
81-718,2026-02-01,7,2,7,7,1715,4,-12.0,0.0,21.24,13
81-718,2026-02-07,6,2,7,7,623,4,-1.3,0.0833,16.27,16
81-718,2026-02-08,7,2,5,5,266,3,-2.8,0.0,23.63,13
81-718,2026-02-13,5,2,9,9,1011,4,-0.2,0.3333,25.28,19
81-718,2026-02-14,6,2,10,10,702,5,-2.9,0.0,20.42,47
81-718,2026-02-15,7,2,12,12,1715,5,-6.2,0.0,12.13,25
81-718,2026-02-20,5,2,4,4,157,3,-4.3,0.0,17.12,13
81-718,2026-02-21,6,2,6,6,255,3,-1.3,0.2083,31.11,14
81-718,2026-02-22,7,2,5,5,436,3,1.8,0.375,20.38,16
81-718,2026-02-28,6,2,36,36,1638,4,5.7,0.0,15.53,25
81-718,2026-03-01,7,3,10,10,2126,3,4.0,0.0,19.58,18
81-718,2026-03-05,4,3,6,6,1050,3,3.1,0.0,16.44,8
81-718,2026-03-06,5,3,11,11,1902,3,3.6,0.0,9.07,7
81-718,2026-03-07,6,3,26,26,4939,4,5.2,0.0,9.24,22
81-718,2026-03-08,7,3,31,31,9432,5,6.2,0.0,10.46,17
81-718,2026-03-10,2,3,5,5,1330,3,6.9,0.0,16.69,6
81-718,2026-03-13,5,3,9,9,2099,4,8.0,0.0,26.24,8
81-718,2026-03-14,6,3,15,15,3100,4,9.7,0.0,22.16,16
81-718,2026-03-17,2,3,3,3,677,3,4.1,0.1667,7.7,14
81-718,2026-03-21,6,3,11,11,41413,3,3.6,0.0,9.64,19
81-718,2026-03-22,7,3,10,10,2673,3,4.8,0.0,9.96,14
81-718,2026-03-25,3,3,3,3,256,3,9.2,0.125,25.86,15
81-718,2026-03-26,4,3,3,3,956,3,4.4,0.0,17.67,15
81-718,2026-03-28,6,3,18,18,3573,4,3.7,0.0,9.13,16
81-718,2026-03-29,7,3,6,6,2422,3,4.6,0.4348,9.68,14
81-718,2026-04-01,3,4,3,3,1593,3,3.3,0.0,6.46,5
81-718,2026-04-10,5,4,4,4,1315,3,3.1,0.0,12.58,7
81-718,2026-04-11,6,4,5,5,2078,3,3.6,0.0,9.65,10
81-718,2026-04-18,6,4,41,41,8768,3,7.5,0.0,9.67,24
81-718,2026-04-19,7,4,15,15,2220,4,8.0,0.0,12.48,20
81-718,2026-04-24,5,4,5,5,1043,3,8.5,0.0,12.59,12
81-718,2026-05-01,5,5,17,17,6522,3,11.2,0.0,9.33,19
81-718,2026-05-02,6,5,25,25,7400,4,14.3,0.0,9.72,28
81-718,2026-05-03,7,5,18,18,4055,4,16.7,0.0,15.72,13
81-718,2026-05-10,7,5,13,13,3966,3,10.6,0.0,9.54,15
81-718,2026-05-13,3,5,6,6,3764,3,8.3,0.5833,15.08,11
81-718,2026-05-17,7,5,25,25,3849,3,9.7,0.1667,7.34,19
81-718,2026-05-21,4,5,15,15,2408,3,13.7,0.25,13.62,20
81-718,2026-05-23,6,5,43,43,8822,4,15.4,0.0,9.07,24
81-718,2026-05-24,7,5,34,34,4709,4,16.2,0.0,18.23,24
81-718,2026-05-25,1,5,24,24,2431,4,15.6,0.0,24.45,18
81-718,2026-05-26,2,5,16,16,2339,3,16.8,0.0,28.33,16
81-718,2026-05-27,3,5,4,4,401,3,14.0,0.0,23.59,20
81-718,2026-05-28,4,5,8,8,2895,3,12.5,0.1667,15.9,22
81-718,2026-05-29,5,5,21,21,1839,3,13.8,0.0,16.55,19
81-718,2026-05-30,6,5,27,27,10463,4,14.9,0.0417,17.99,22
81-718,2026-06-01,1,6,10,10,1459,3,13.2,0.125,8.26,14
81-718,2026-06-03,3,6,21,21,3272,5,17.4,0.0,17.55,12
81-718,2026-06-04,4,6,24,24,4880,5,17.7,0.375,12.89,10
81-718,2026-06-06,6,6,32,32,12793,5,15.7,0.3333,9.53,22
81-718,2026-06-07,7,6,12,12,3916,4,16.9,0.2917,10.79,15
81-718,2026-06-09,2,6,6,6,1135,3,16.1,0.3333,15.78,10
81-718,2026-06-10,3,6,6,6,1986,4,14.9,0.1667,9.92,10
81-718,2026-06-11,4,6,7,7,2363,3,12.8,0.6667,11.8,15
81-718,2026-06-12,5,6,19,19,3510,5,14.1,0.5,9.8,22
81-718,2026-06-13,6,6,17,17,5202,3,14.5,0.7917,14.42,22
81-718,2026-06-15,1,6,5,5,704,3,13.1,0.8333,24.63,14
81-718,2026-06-17,3,6,26,26,6629,4,14.2,0.0,19.18,12
81-718,2026-06-18,4,6,16,16,4026,3,15.9,0.125,15.41,17
81-718,2026-06-19,5,6,42,42,11676,3,18.6,0.0,8.76,27
81-718,2026-06-20,6,6,77,77,19509,3,21.8,0.0,11.72,21
81-718,2026-06-21,7,6,35,35,11579,4,21.8,0.1667,8.65,24
81-718,2026-06-22,1,6,19,19,3858,4,18.5,0.0,18.44,14
81-718,2026-06-23,2,6,15,15,3307,3,17.2,0.0,7.98,13
81-718,2026-06-24,3,6,23,23,7014,5,18.4,0.0,10.64,12
81-718,2026-06-25,4,6,28,28,4894,4,21.0,0.0,11.33,18
81-718,2026-06-27,6,6,42,42,12279,5,25.3,0.0,10.22,20
81-718,2026-06-28,7,6,26,26,11363,4,26.6,0.0,8.62,16
81-718,2026-06-30,2,6,13,13,4273,4,20.4,0.125,14.47,16
81-720,2025-01-01,3,1,20,17,7402,7,5.0,0.7083,38.08,10
81-720,2025-01-02,4,1,29,24,13002,7,2.8,0.625,29.18,10
81-720,2025-01-03,5,1,17,17,4419,6,0.6,0.125,29.54,10
81-720,2025-01-04,6,1,28,27,10326,7,-1.6,0.0417,25.9,10
81-720,2025-01-05,7,1,26,24,7303,6,-0.7,0.0,21.23,13
81-720,2025-01-06,1,1,18,17,3662,7,2.0,0.5417,26.12,11
81-720,2025-01-09,4,1,7,6,2576,3,1.0,0.4583,16.98,8
81-720,2025-01-10,5,1,10,8,3262,5,1.5,0.7917,30.61,15
81-720,2025-01-11,6,1,11,11,5227,3,1.5,0.5833,31.73,13
81-720,2025-01-12,7,1,11,10,3301,5,2.4,0.6667,34.2,10
81-720,2025-01-13,1,1,5,5,696,3,0.4,0.0,21.26,5
81-720,2025-01-15,3,1,3,3,570,3,3.9,0.0417,13.89,4
81-720,2025-01-17,5,1,8,8,1709,5,3.3,0.0,27.23,9
81-720,2025-01-18,6,1,17,14,11594,8,3.3,0.2917,21.86,8
81-720,2025-01-19,7,1,25,23,8059,7,2.1,0.0417,12.4,10
81-720,2025-01-20,1,1,7,4,1867,3,0.6,0.0,12.16,4
81-720,2025-01-21,2,1,9,8,2199,4,0.6,0.0,11.57,4
81-720,2025-01-22,3,1,10,10,2731,5,-0.4,0.0,10.99,4
81-720,2025-01-23,4,1,8,7,2314,4,1.0,0.2083,25.6,6
81-720,2025-01-24,5,1,25,23,7027,6,3.3,0.0,21.68,10
81-720,2025-01-25,6,1,24,20,6737,6,6.6,0.4167,22.62,15
81-720,2025-01-26,7,1,14,14,3673,4,5.6,0.5417,13.4,16
81-720,2025-01-27,1,1,11,10,2008,6,5.9,0.1667,20.66,5
81-720,2025-01-28,2,1,9,8,1591,3,7.0,0.2917,15.92,4
81-720,2025-01-29,3,1,9,9,1583,4,6.7,0.5,20.39,5
81-720,2025-01-30,4,1,15,11,3590,5,6.5,0.375,20.2,10
81-720,2025-01-31,5,1,18,15,6264,5,4.3,0.75,18.38,9
81-720,2025-02-01,6,2,26,26,6168,7,2.6,0.0833,19.06,10
81-720,2025-02-02,7,2,26,25,7987,7,0.8,0.0,13.47,6
81-720,2025-02-03,1,2,4,4,1408,3,1.2,0.0,12.85,2
81-720,2025-02-06,4,2,3,3,979,3,3.5,0.0,14.44,8
81-720,2025-02-08,6,2,11,11,1264,3,-0.5,0.0,25.76,13
81-720,2025-02-13,4,2,4,4,556,3,-1.4,0.0,14.22,10
81-720,2025-02-15,6,2,14,14,1215,3,-2.0,0.0,18.14,24
81-720,2025-02-16,7,2,8,8,847,3,-2.7,0.0,15.44,16
81-720,2025-02-20,4,2,7,7,1167,3,-2.2,0.0,14.49,13
81-720,2025-02-22,6,2,5,5,822,3,2.8,0.0,22.82,14
81-720,2025-03-08,6,3,31,31,9323,4,7.1,0.0,7.3,19
81-720,2025-03-09,7,3,20,20,4424,3,7.1,0.0,12.52,14
81-720,2025-03-10,1,3,6,6,1086,3,7.8,0.0,11.99,9
81-720,2025-03-15,6,3,7,7,1854,3,1.8,0.0,8.72,17
81-720,2025-03-16,7,3,13,13,1790,3,2.5,0.4583,21.7,12
81-720,2025-03-22,6,3,19,19,4344,3,5.9,0.0,24.12,17
81-720,2025-03-28,5,3,17,17,1664,3,7.8,0.0,12.63,14
81-720,2025-04-04,5,4,6,6,16076,3,7.7,0.0,17.76,13
81-720,2025-04-11,5,4,11,11,2935,3,7.0,0.25,20.66,17
81-720,2025-04-12,6,4,23,23,3327,3,7.6,0.0833,15.32,20
81-720,2025-04-14,1,4,9,9,2932,3,11.6,0.375,9.4,12
81-720,2025-04-16,3,4,5,5,943,3,13.4,0.4583,13.82,10
81-720,2025-04-17,4,4,19,19,1629,3,15.7,0.0,15.75,13
81-720,2025-04-18,5,4,12,12,632,3,17.2,0.0833,12.56,11
81-720,2025-04-19,6,4,15,15,3601,3,12.9,0.0417,15.22,14
81-720,2025-04-21,1,4,16,16,1695,3,10.2,0.0,9.88,11
81-720,2025-04-25,5,4,6,6,818,3,5.8,0.0,19.49,14
81-720,2025-04-27,7,4,16,16,1763,4,6.3,0.0,9.55,23
81-720,2025-05-01,4,5,28,28,7563,4,10.4,0.0,10.88,25
81-720,2025-05-02,5,5,36,36,4895,4,14.2,0.125,19.39,26
81-720,2025-05-03,6,5,44,44,6451,4,10.3,0.0,16.58,27
81-720,2025-05-04,7,5,8,8,1083,4,8.2,0.6667,19.47,18
81-720,2025-05-05,1,5,5,5,626,3,6.5,0.0417,17.36,9
81-720,2025-05-08,4,5,6,6,1276,4,5.7,0.0,12.07,17
81-720,2025-05-09,5,5,7,7,544,3,7.5,0.4167,8.41,19
81-720,2025-05-10,6,5,22,22,5319,4,7.4,0.2083,17.38,30
81-720,2025-05-11,7,5,18,18,1774,4,6.7,0.1667,14.27,20
81-720,2025-05-13,2,5,12,12,3972,3,9.5,0.2083,10.35,6
81-720,2025-05-14,3,5,5,5,1853,3,9.5,0.2917,20.88,9
81-720,2025-05-16,5,5,3,3,1167,3,7.3,0.75,28.19,12
81-720,2025-05-17,6,5,7,7,992,3,7.2,0.875,25.75,23
81-720,2025-05-18,7,5,15,15,1600,3,8.8,0.3333,13.64,15
81-720,2025-05-19,1,5,5,5,1107,3,9.2,0.25,12.4,10
81-720,2025-05-23,5,5,7,7,2948,3,9.5,0.2917,12.54,18
81-720,2025-05-24,6,5,12,12,2446,3,9.6,0.375,6.79,19
81-720,2025-05-25,7,5,28,28,6008,4,13.0,0.0,17.33,23
81-720,2025-05-30,5,5,13,13,1733,3,13.6,0.0833,18.13,19
81-720,2025-05-31,6,5,19,19,3441,4,14.9,0.0,20.03,32
81-720,2025-06-01,7,6,18,18,3038,4,15.0,0.2083,11.03,27
81-720,2025-06-02,1,6,5,5,1071,3,15.5,0.25,17.45,9
81-720,2025-06-03,2,6,9,9,1355,4,14.4,0.25,9.13,9
81-720,2025-06-04,3,6,10,10,1460,3,17.5,0.2917,18.98,7
81-720,2025-06-05,4,6,7,7,626,3,15.8,0.5417,10.15,9
81-720,2025-06-06,5,6,11,11,2534,4,16.5,0.2917,17.23,10
81-720,2025-06-07,6,6,13,13,3458,4,16.1,0.4167,13.59,18
81-720,2025-06-08,7,6,13,13,1414,3,15.7,0.4583,18.7,20
81-720,2025-06-09,1,6,3,3,980,3,13.0,0.2917,31.8,11
81-720,2025-06-10,2,6,11,11,772,3,13.2,0.5,19.31,8
81-720,2025-06-11,3,6,8,8,885,3,13.8,0.5417,20.57,9
81-720,2025-06-12,4,6,10,10,3559,3,13.0,0.0,20.15,13
81-720,2025-06-13,5,6,9,9,2236,4,13.0,0.0,15.98,21
81-720,2025-06-14,6,6,24,24,3328,4,13.5,0.0,10.62,26
81-720,2025-06-15,7,6,32,32,3723,5,17.2,0.0,9.54,24
81-720,2025-06-17,2,6,6,6,946,3,16.3,0.0,27.18,11
81-720,2025-06-18,3,6,16,16,2910,4,17.1,0.0,26.55,14
81-720,2025-06-19,4,6,32,32,6180,7,15.0,0.0417,29.97,14
81-720,2025-06-20,5,6,47,47,8231,7,15.1,0.0,19.88,23
81-720,2025-06-21,6,6,41,41,6729,5,16.8,0.0,22.47,25
81-720,2025-06-22,7,6,30,30,7125,6,16.0,0.0,15.47,22
81-720,2025-06-23,1,6,11,11,1136,4,17.7,0.2917,20.42,13
81-720,2025-06-24,2,6,11,11,1042,3,15.0,0.5,31.97,12
81-720,2025-06-25,3,6,14,14,2367,4,16.0,0.625,28.26,13
81-720,2025-06-26,4,6,25,25,4414,5,17.1,0.0,10.79,23
81-720,2025-06-27,5,6,17,17,6298,6,17.2,0.625,27.86,20
81-720,2025-06-28,6,6,24,24,7448,6,17.8,0.0,26.93,29
81-720,2025-06-29,7,6,31,31,5731,6,18.7,0.0,34.63,24
81-720,2025-06-30,1,6,15,15,2810,5,16.2,0.0,23.16,20
81-720,2025-07-01,2,7,26,26,2022,6,17.2,0.0,9.85,17
81-720,2025-07-02,3,7,31,31,2986,6,21.4,0.0,8.91,17
81-720,2025-07-03,4,7,21,21,2867,6,19.9,0.0,24.73,21
81-720,2025-07-04,5,7,27,27,2291,7,16.0,0.0,20.5,23
81-720,2025-07-05,6,7,51,51,5603,7,18.0,0.0417,15.43,29
81-720,2025-07-06,7,7,41,41,4384,8,18.8,0.0,8.73,27
81-720,2025-07-07,1,7,18,18,1846,4,18.2,0.4583,6.27,16
81-720,2025-07-08,2,7,16,16,2806,4,16.6,0.3333,9.73,14
81-720,2025-07-09,3,7,24,24,3265,6,15.9,0.5,16.48,16
81-720,2025-07-10,4,7,37,37,7835,7,16.8,0.0833,25.15,18
81-720,2025-07-11,5,7,12,12,3181,4,15.6,0.8333,24.64,20
81-720,2025-07-12,6,7,39,39,5375,6,16.4,0.625,16.75,27
81-720,2025-07-13,7,7,32,32,3931,7,18.5,0.375,15.05,25
81-720,2025-07-14,1,7,27,27,4331,8,18.4,0.4167,6.58,18
81-720,2025-07-15,2,7,32,32,2695,7,17.9,0.375,9.8,15
81-720,2025-07-16,3,7,15,15,850,5,17.1,0.9583,13.73,18
81-720,2025-07-17,4,7,42,42,5766,7,17.6,0.6667,9.88,24
81-720,2025-07-18,5,7,63,63,5608,8,18.2,0.0833,6.94,26
81-720,2025-07-19,6,7,67,67,10895,8,19.5,0.2083,13.94,26
81-720,2025-07-20,7,7,56,56,7694,7,20.4,0.0,14.11,25
81-720,2025-07-21,1,7,31,31,3276,6,19.8,0.0833,9.04,15
81-720,2025-07-22,2,7,56,56,8169,8,19.9,0.25,15.16,14
81-720,2025-07-23,3,7,40,40,4158,7,18.5,0.2083,11.31,17
81-720,2025-07-24,4,7,55,55,5818,8,18.7,0.6667,10.51,24
81-720,2025-07-25,5,7,49,49,7552,8,19.5,0.3333,5.22,23
81-720,2025-07-26,6,7,59,59,11328,8,19.9,0.25,10.64,28
81-720,2025-07-27,7,7,61,61,6866,8,19.0,0.0833,7.23,26
81-720,2025-07-28,1,7,5,5,1665,3,18.6,0.9167,24.86,15
81-720,2025-07-29,2,7,34,34,3536,6,18.5,0.4167,25.36,15
81-720,2025-07-30,3,7,30,30,3715,8,17.1,0.3333,9.06,17
81-720,2025-07-31,4,7,45,45,5398,7,17.6,0.25,8.3,22
81-720,2025-08-01,5,8,32,32,5605,5,17.2,0.4167,11.02,25
81-720,2025-08-02,6,8,70,70,16686,8,18.1,0.3333,11.32,23
81-720,2025-08-03,7,8,44,44,8284,8,17.7,0.5417,7.62,24
81-720,2025-08-04,1,8,35,35,10030,7,17.6,0.25,16.48,15
81-720,2025-08-05,2,8,27,26,4628,6,17.5,0.4583,19.57,11
81-720,2025-08-06,3,8,34,34,7255,6,15.9,0.25,27.06,18
81-720,2025-08-07,4,8,52,52,9645,8,17.5,0.0,15.25,21
81-720,2025-08-08,5,8,55,55,13702,8,18.6,0.1667,11.39,24
81-720,2025-08-09,6,8,76,76,13789,8,19.1,0.0,8.97,23
81-720,2025-08-10,7,8,54,54,15960,8,18.4,0.5,17.35,25
81-720,2025-08-11,1,8,33,33,7481,7,17.4,0.0,16.7,13
81-720,2025-08-12,2,8,43,43,9812,7,17.9,0.0,8.48,9
81-720,2025-08-13,3,8,51,51,15349,7,20.3,0.0,8.47,13
81-720,2025-08-14,4,8,49,49,8716,7,21.2,0.0,11.14,19
81-720,2025-08-15,5,8,95,95,21555,8,23.3,0.0,15.7,21
81-720,2025-08-16,6,8,87,87,19166,7,19.2,0.125,20.42,18
81-720,2025-08-17,7,8,59,59,19136,8,17.0,0.0,19.3,22
81-720,2025-08-18,1,8,42,42,9583,6,17.5,0.0,16.4,14
81-720,2025-08-19,2,8,51,51,11016,8,18.5,0.0,10.89,11
81-720,2025-08-20,3,8,40,40,7367,6,16.2,0.2083,19.36,14
81-720,2025-08-21,4,8,46,46,9738,8,15.3,0.0,7.2,20
81-720,2025-08-22,5,8,45,45,8742,8,15.1,0.0,22.57,18
81-720,2025-08-23,6,8,23,23,5399,6,13.0,0.4167,19.18,19
81-720,2025-08-24,7,8,38,38,8763,7,14.7,0.4167,26.84,25
81-720,2025-08-25,1,8,10,10,3148,5,14.7,0.5417,21.3,15
81-720,2025-08-26,2,8,34,34,6969,7,13.9,0.3333,8.1,12
81-720,2025-08-27,3,8,23,23,4959,6,15.5,0.0,13.74,14
81-720,2025-08-28,4,8,33,33,5129,7,19.7,0.0417,15.05,20
81-720,2025-08-29,5,8,16,16,2602,5,19.3,0.4583,12.82,19
81-720,2025-08-30,6,8,31,31,6787,6,17.6,0.375,6.05,19
81-720,2025-08-31,7,8,27,27,7382,6,17.8,0.0,6.38,24
81-720,2025-09-01,1,9,6,6,923,3,17.4,0.0,11.05,6
81-720,2025-09-02,2,9,8,8,717,3,19.2,0.3333,12.21,6
81-720,2025-09-03,3,9,10,10,3128,4,18.9,0.0,12.06,6
81-720,2025-09-04,4,9,12,12,2422,4,20.1,0.0,16.1,7
81-720,2025-09-05,5,9,7,7,2460,3,20.1,0.3333,15.05,16
81-720,2025-09-06,6,9,22,22,3591,4,17.4,0.3333,15.77,18
81-720,2025-09-07,7,9,24,24,10595,5,17.1,0.0417,11.28,16
81-720,2025-09-08,1,9,13,13,1618,4,18.7,0.0,11.55,10
81-720,2025-09-09,2,9,12,12,4081,3,18.2,0.0,14.87,10
81-720,2025-09-10,3,9,11,11,2687,4,18.4,0.125,19.0,9
81-720,2025-09-11,4,9,9,9,2086,3,18.3,0.4167,20.9,12
81-720,2025-09-12,5,9,13,13,2926,4,17.3,0.1667,15.24,17
81-720,2025-09-13,6,9,33,33,5014,6,15.8,0.1667,13.32,20
81-720,2025-09-14,7,9,20,20,1583,5,15.8,0.375,12.91,20
81-720,2025-09-15,1,9,10,10,1183,4,15.7,0.3333,21.92,10
81-720,2025-09-16,2,9,4,4,797,3,15.9,0.25,26.45,10
81-720,2025-09-17,3,9,12,12,2595,5,14.5,0.5,28.07,11
81-720,2025-09-18,4,9,8,8,2610,4,15.4,0.0833,24.16,14
81-720,2025-09-19,5,9,13,13,1868,6,18.1,0.25,25.37,28
81-720,2025-09-20,6,9,48,48,6267,6,19.1,0.0,17.3,27
81-720,2025-09-21,7,9,35,35,2787,6,20.6,0.0833,16.98,21
81-720,2025-09-23,2,9,5,5,3865,3,11.9,0.125,14.29,10
81-720,2025-09-25,4,9,12,12,2277,4,11.5,0.0417,15.48,14
81-720,2025-09-26,5,9,11,11,980,3,11.4,0.0,18.61,22
81-720,2025-09-27,6,9,35,35,7251,6,11.3,0.0,14.0,28
81-720,2025-09-28,7,9,30,30,2957,4,12.0,0.0417,15.64,21
81-720,2025-09-29,1,9,4,4,850,3,9.9,0.125,18.57,12
81-720,2025-10-01,3,10,4,4,601,3,10.3,0.4167,11.69,16
81-720,2025-10-03,5,10,7,7,1021,4,8.2,0.0,8.8,18
81-720,2025-10-04,6,10,41,41,6762,10,8.2,0.3333,28.75,28
81-720,2025-10-05,7,10,54,54,2628,9,10.8,0.2083,25.32,23
81-720,2025-10-06,1,10,5,5,358,5,11.2,0.4583,20.53,16
81-720,2025-10-07,2,10,32,32,1172,7,12.1,0.0,7.82,14
81-720,2025-10-09,4,10,27,27,1630,7,12.4,0.125,17.25,20
81-720,2025-10-10,5,10,45,45,3812,9,12.5,0.5417,27.65,20
81-720,2025-10-11,6,10,62,62,3506,9,13.3,0.1667,26.34,27
81-720,2025-10-12,7,10,72,72,2646,8,12.0,0.0,26.25,21
81-720,2025-10-13,1,10,24,24,522,6,9.8,0.125,21.36,11
81-720,2025-10-14,2,10,25,25,948,5,9.3,0.125,12.68,10
81-720,2025-10-15,3,10,9,9,1211,5,10.6,0.125,17.97,11
81-720,2025-10-16,4,10,13,13,1443,5,11.1,0.25,20.62,16
81-720,2025-10-17,5,10,11,11,1629,6,10.6,0.7083,14.12,17
81-720,2025-10-18,6,10,30,30,3768,9,8.4,0.9583,24.88,18
81-720,2025-10-19,7,10,64,64,4623,9,7.1,0.0417,9.19,17
81-720,2025-10-20,1,10,16,16,1933,5,6.3,0.0,22.17,12
81-720,2025-10-21,2,10,10,10,249,3,7.8,0.0,27.12,10
81-720,2025-10-22,3,10,16,16,480,5,10.2,0.4167,18.73,11
81-720,2025-10-23,4,10,15,15,670,4,12.2,0.2083,16.71,18
81-720,2025-10-24,5,10,19,19,8670,5,11.4,0.7083,17.44,26
81-720,2025-10-25,6,10,41,41,5153,7,8.8,0.0,21.55,28
81-720,2025-10-26,7,10,40,40,1579,5,8.1,0.24,22.15,23
81-720,2025-10-27,1,10,4,4,408,3,7.2,0.5833,23.13,13
81-720,2025-10-28,2,10,5,5,391,3,8.1,0.625,22.97,10
81-720,2025-10-29,3,10,15,15,623,5,9.4,0.3333,21.8,14
81-720,2025-10-30,4,10,5,5,2061,4,9.4,0.5833,31.44,18
81-720,2025-10-31,5,10,8,8,7251,5,8.9,0.125,25.31,21
81-720,2025-11-01,6,11,26,26,415,5,8.4,0.125,18.77,8
81-720,2025-11-02,7,11,27,27,1689,6,10.9,0.5,10.75,11
81-720,2025-11-03,1,11,14,14,1882,4,9.5,0.125,12.03,9
81-720,2025-11-04,2,11,17,17,542,6,10.0,0.0833,17.48,10
81-720,2025-11-05,3,11,8,8,1439,3,10.1,0.0,18.89,9
81-720,2025-11-06,4,11,14,14,1683,7,9.1,0.0,14.26,12
81-720,2025-11-07,5,11,17,17,1121,5,7.8,0.0,18.04,12
81-720,2025-11-08,6,11,62,62,7689,8,6.7,0.0,13.37,16
81-720,2025-11-09,7,11,80,80,7314,9,4.9,0.0,7.6,18
81-720,2025-11-10,1,11,63,63,4037,9,7.0,0.1667,4.76,11
81-720,2025-11-11,2,11,60,60,3911,7,7.5,0.0,9.77,16
81-720,2025-11-12,3,11,13,13,1009,5,8.1,0.0,17.37,8
81-720,2025-11-13,4,11,11,11,75,4,10.1,0.0,25.32,16
81-720,2025-11-14,5,11,7,7,1509,5,8.9,0.625,15.4,18
81-720,2025-11-15,6,11,40,40,3055,7,4.6,0.0417,12.66,19
81-720,2025-11-16,7,11,7,7,258,4,1.7,0.5833,11.5,19
81-720,2025-11-17,1,11,5,5,182,3,3.8,0.25,20.39,13
81-720,2025-11-21,5,11,7,7,5461,4,2.7,0.4583,27.6,16
81-720,2025-11-22,6,11,21,21,4371,6,0.3,0.0,16.08,15
81-720,2025-11-23,7,11,14,14,261,3,-2.7,0.0,14.77,16
81-720,2025-11-27,4,11,4,4,151,4,2.8,0.3333,18.23,16
81-720,2025-11-28,5,11,6,6,772,6,2.7,0.3333,24.82,16
81-720,2025-11-29,6,11,15,15,542,4,1.5,0.5833,18.95,24
81-720,2025-11-30,7,11,18,18,1481,4,1.0,0.2917,20.09,19
81-720,2025-12-04,4,12,4,4,98,3,3.5,0.0,15.05,15
81-720,2025-12-06,6,12,21,21,604,4,5.5,0.5,14.37,27
81-720,2025-12-07,7,12,18,18,602,4,5.6,0.1667,17.28,19
81-720,2025-12-13,6,12,19,19,539,4,5.9,0.625,15.76,20
81-720,2025-12-14,7,12,17,17,439,4,6.3,0.0,24.38,15
81-720,2025-12-28,7,12,16,16,1768,3,3.3,0.0,33.34,10
81-720,2026-02-19,4,2,14,12,1417,4,-4.4,0.0,15.46,10
81-720,2026-02-20,5,2,21,21,785,4,-4.3,0.0,17.12,13
81-720,2026-02-21,6,2,23,21,1131,5,-1.3,0.2083,31.11,14
81-720,2026-02-22,7,2,20,20,1132,5,1.8,0.375,20.38,16
81-720,2026-02-23,1,2,20,19,543,5,2.9,0.5417,21.6,8
81-720,2026-02-24,2,2,20,19,1358,5,1.8,0.1667,17.68,6
81-720,2026-02-25,3,2,13,13,156,4,-0.0,0.0417,12.39,11
81-720,2026-02-26,4,2,13,10,2021,3,1.3,0.0,26.91,12
81-720,2026-02-27,5,2,25,23,1093,4,4.8,0.0,19.09,16
81-720,2026-02-28,6,2,34,31,1438,5,5.7,0.0,15.53,25
81-720,2026-03-01,7,3,40,39,3021,5,4.0,0.0,19.58,18
81-720,2026-03-02,1,3,6,6,223,3,3.9,0.0,12.2,7
81-720,2026-03-03,2,3,13,11,875,4,5.6,0.0,11.77,9
81-720,2026-03-05,4,3,11,11,519,4,3.1,0.0,16.44,8
81-720,2026-03-06,5,3,15,14,766,4,3.6,0.0,9.07,7
81-720,2026-03-07,6,3,36,35,2878,5,5.2,0.0,9.24,22
81-720,2026-03-08,7,3,57,57,3062,5,6.2,0.0,10.46,17
81-720,2026-03-09,1,3,13,13,1141,5,7.0,0.0,16.38,6
81-720,2026-03-10,2,3,13,11,1512,4,6.9,0.0,16.69,6
81-720,2026-03-11,3,3,11,11,287,3,8.3,0.0,16.46,8
81-720,2026-03-12,4,3,10,10,441,3,7.1,0.1667,15.42,6
81-720,2026-03-13,5,3,20,19,1641,4,8.0,0.0,26.24,8
81-720,2026-03-14,6,3,59,59,3084,5,9.7,0.0,22.16,16
81-720,2026-03-15,7,3,15,15,897,3,5.5,0.375,14.25,17
81-720,2026-03-17,2,3,4,4,198,3,4.1,0.1667,7.7,14
81-720,2026-03-19,4,3,9,8,893,5,5.2,0.0833,8.55,13
81-720,2026-03-20,5,3,14,14,726,5,4.2,0.1667,9.82,10
81-720,2026-03-21,6,3,51,50,3230,5,3.6,0.0,9.64,19
81-720,2026-03-22,7,3,48,48,1955,5,4.8,0.0,9.96,14
81-720,2026-03-23,1,3,11,11,407,4,7.4,0.0417,8.07,8
81-720,2026-03-24,2,3,11,11,232,3,8.3,0.0,16.51,9
81-720,2026-03-26,4,3,10,8,1552,4,4.4,0.0,17.67,15
81-720,2026-03-27,5,3,13,13,1146,4,3.3,0.0,10.9,13
81-720,2026-03-28,6,3,27,25,2071,5,3.7,0.0,9.13,16
81-720,2026-03-29,7,3,9,9,348,4,4.6,0.4348,9.68,14
81-720,2026-03-30,1,3,15,15,1240,4,4.8,0.0,14.94,8
81-720,2026-03-31,2,3,11,11,407,4,4.1,0.0,12.16,7
81-720,2026-04-01,3,4,6,6,339,3,3.3,0.0,6.46,5
81-720,2026-04-02,4,4,19,18,1016,5,3.8,0.0,6.23,7
81-720,2026-04-03,5,4,13,13,413,3,4.7,0.0833,16.38,7
81-720,2026-04-04,6,4,23,22,1197,5,5.9,0.125,28.4,10
81-720,2026-04-05,7,4,44,44,2076,4,7.8,0.1667,23.7,16
81-720,2026-04-06,1,4,21,21,1601,4,6.4,0.3333,40.19,11
81-720,2026-04-07,2,4,7,7,1630,3,5.5,0.0,29.64,7
81-720,2026-04-08,3,4,5,5,330,3,3.6,0.0417,23.44,5
81-720,2026-04-09,4,4,11,9,1342,4,2.7,0.0,19.93,5
81-720,2026-04-10,5,4,16,16,1075,4,3.1,0.0,12.58,7
81-720,2026-04-11,6,4,45,43,2220,5,3.6,0.0,9.65,10
81-720,2026-04-12,7,4,39,38,2709,5,6.1,0.0,11.89,16
81-720,2026-04-13,1,4,10,10,981,4,7.4,0.0,19.43,5
81-720,2026-04-14,2,4,7,6,883,4,8.6,0.125,22.32,4
81-720,2026-04-16,4,4,16,15,774,4,5.7,0.0833,8.31,9
81-720,2026-04-17,5,4,15,15,1268,3,5.8,0.0,15.63,12
81-720,2026-04-18,6,4,43,40,3696,5,7.5,0.0,9.67,24
81-720,2026-04-19,7,4,35,35,1986,5,8.0,0.0,12.48,20
81-720,2026-04-20,1,4,7,7,535,4,6.5,0.0,28.4,9
81-720,2026-04-21,2,4,12,11,1573,4,5.9,0.0,17.64,7
81-720,2026-04-22,3,4,14,12,1118,4,7.9,0.0,18.1,9
81-720,2026-04-23,4,4,17,17,398,3,8.0,0.0,16.69,12
81-720,2026-04-24,5,4,21,19,2389,4,8.5,0.0,12.59,12
81-720,2026-04-25,6,4,30,30,1841,5,7.9,0.1667,29.41,20
81-720,2026-04-26,7,4,17,17,654,4,5.5,0.0833,26.66,18
81-720,2026-04-27,1,4,13,13,688,4,5.8,0.0,17.24,9
81-720,2026-04-28,2,4,14,13,1447,4,4.8,0.0417,13.46,12
81-720,2026-04-29,3,4,11,11,250,3,4.5,0.1667,14.75,10
81-720,2026-04-30,4,4,18,18,548,3,7.4,0.0,11.75,15
81-720,2026-05-01,5,5,75,75,2111,4,11.2,0.0,9.33,19
81-720,2026-05-02,6,5,101,101,2862,4,14.3,0.0,9.72,28
81-720,2026-05-03,7,5,66,66,1805,4,16.7,0.0,15.72,13
81-720,2026-05-04,1,5,21,21,435,3,14.4,0.1667,17.22,9
81-720,2026-05-06,3,5,5,5,93,3,6.8,0.5833,23.37,13
81-720,2026-05-07,4,5,8,8,129,4,6.8,0.0,20.19,14
81-720,2026-05-08,5,5,14,14,257,3,8.3,0.2083,18.12,12
81-720,2026-05-09,6,5,56,56,996,4,9.2,0.0,9.68,17
81-720,2026-05-10,7,5,66,66,1520,4,10.6,0.0,9.54,15
81-720,2026-05-11,1,5,21,21,334,4,13.2,0.1667,18.23,13
81-720,2026-05-12,2,5,11,11,342,4,9.8,0.0417,22.82,13
81-720,2026-05-13,3,5,15,15,231,4,8.3,0.5833,15.08,11
81-720,2026-05-14,4,5,20,20,391,4,9.2,0.5,17.87,12
81-720,2026-05-15,5,5,13,13,273,4,9.4,0.6667,9.9,19
81-720,2026-05-16,6,5,57,57,1148,4,9.3,0.0833,8.03,24
81-720,2026-05-17,7,5,39,39,645,4,9.7,0.1667,7.34,19
81-720,2026-05-18,1,5,24,24,367,4,9.6,0.1667,15.33,12
81-720,2026-05-19,2,5,21,21,326,4,10.7,0.0417,9.61,15
81-720,2026-05-20,3,5,30,30,435,4,11.8,0.0,8.09,20
81-720,2026-05-21,4,5,29,29,637,4,13.7,0.25,13.62,20
81-720,2026-05-22,5,5,52,52,671,4,13.9,0.0,17.48,25
81-720,2026-05-23,6,5,67,67,1259,4,15.4,0.0,9.07,24
81-720,2026-05-24,7,5,54,54,1162,4,16.2,0.0,18.23,24
81-720,2026-05-25,1,5,34,34,540,4,15.6,0.0,24.45,18
81-720,2026-05-26,2,5,26,26,392,4,16.8,0.0,28.33,16
81-720,2026-05-27,3,5,36,36,552,4,14.0,0.0,23.59,20
81-720,2026-05-28,4,5,31,31,581,4,12.5,0.1667,15.9,22
81-720,2026-05-29,5,5,37,37,773,4,13.8,0.0,16.55,19
81-720,2026-05-30,6,5,54,54,804,4,14.9,0.0417,17.99,22
81-720,2026-05-31,7,5,46,46,518,3,13.7,0.2917,16.2,22
81-720,2026-06-01,1,6,37,37,915,4,13.2,0.125,8.26,14
81-720,2026-06-02,2,6,31,31,1549,4,14.4,0.0,8.65,13
81-720,2026-06-03,3,6,44,44,1045,4,17.4,0.0,17.55,12
81-720,2026-06-04,4,6,63,63,1962,4,17.7,0.375,12.89,10
81-720,2026-06-05,5,6,24,24,680,4,15.4,0.7917,9.84,13
81-720,2026-06-06,6,6,83,83,2350,4,15.7,0.3333,9.53,22
81-720,2026-06-07,7,6,40,40,1037,4,16.9,0.2917,10.79,15
81-720,2026-06-08,1,6,31,31,690,4,15.8,0.25,10.88,12
81-720,2026-06-09,2,6,27,27,979,4,16.1,0.3333,15.78,10
81-720,2026-06-10,3,6,38,38,997,4,14.9,0.1667,9.92,10
81-720,2026-06-11,4,6,23,23,1020,3,12.8,0.6667,11.8,15
81-720,2026-06-12,5,6,45,45,1290,4,14.1,0.5,9.8,22
81-720,2026-06-13,6,6,47,47,1375,4,14.5,0.7917,14.42,22
81-720,2026-06-14,7,6,29,29,1704,4,13.1,0.75,23.69,23
81-720,2026-06-15,1,6,7,7,129,3,13.1,0.8333,24.63,14
81-720,2026-06-16,2,6,21,21,756,4,14.3,0.4583,24.75,8
81-731,2025-05-21,3,5,11,11,1072,3,13.5,0.125,13.83,11
81-731,2025-05-24,6,5,6,6,877,3,9.6,0.375,6.79,19
81-731,2025-05-25,7,5,9,9,1337,3,13.0,0.0,17.33,23
81-731,2025-05-29,4,5,4,4,381,3,12.8,0.25,23.85,15
81-731,2025-05-30,5,5,8,8,935,3,13.6,0.0833,18.13,19
81-731,2025-05-31,6,5,15,15,1336,4,14.9,0.0,20.03,32
81-731,2025-06-01,7,6,18,18,3652,3,15.0,0.2083,11.03,27
81-731,2025-06-06,5,6,7,7,632,3,16.5,0.2917,17.23,10
81-731,2025-06-07,6,6,6,6,1497,3,16.1,0.4167,13.59,18
81-731,2025-06-08,7,6,17,17,2562,3,15.7,0.4583,18.7,20
81-731,2025-06-12,4,6,7,7,1341,4,13.0,0.0,20.15,13
81-731,2025-06-13,5,6,11,11,1327,3,13.0,0.0,15.98,21
81-731,2025-06-14,6,6,15,15,4141,3,13.5,0.0,10.62,26
81-731,2025-06-15,7,6,21,21,5684,3,17.2,0.0,9.54,24
81-731,2025-06-19,4,6,17,17,2819,4,15.0,0.0417,29.97,14
81-731,2025-06-20,5,6,16,16,2772,3,15.1,0.0,19.88,23
81-731,2025-06-21,6,6,19,19,3388,3,16.8,0.0,22.47,25
81-731,2025-06-22,7,6,23,23,4092,4,16.0,0.0,15.47,22
81-731,2025-06-23,1,6,6,6,1243,3,17.7,0.2917,20.42,13
81-731,2025-06-26,4,6,5,5,3060,3,17.1,0.0,10.79,23
81-731,2025-06-28,6,6,15,15,5104,3,17.8,0.0,26.93,29
81-731,2025-06-29,7,6,15,15,3569,3,18.7,0.0,34.63,24
81-731,2025-06-30,1,6,8,8,2745,3,16.2,0.0,23.16,20
81-731,2025-07-02,3,7,7,7,1236,3,21.4,0.0,8.91,17
81-731,2025-07-04,5,7,13,13,3373,4,16.0,0.0,20.5,23
81-731,2025-07-05,6,7,19,19,2311,4,18.0,0.0417,15.43,29
81-731,2025-07-06,7,7,26,26,4607,5,18.8,0.0,8.73,27
81-731,2025-07-08,2,7,6,6,1372,4,16.6,0.3333,9.73,14
81-731,2025-07-09,3,7,10,10,3790,3,15.9,0.5,16.48,16
81-731,2025-07-11,5,7,6,6,2428,3,15.6,0.8333,24.64,20
81-731,2025-07-12,6,7,9,9,2065,4,16.4,0.625,16.75,27
81-731,2025-07-13,7,7,13,13,1751,5,18.5,0.375,15.05,25
81-731,2025-07-15,2,7,11,11,2509,4,17.9,0.375,9.8,15
81-731,2025-07-16,3,7,9,9,2482,4,17.1,0.9583,13.73,18
81-731,2025-07-17,4,7,19,19,4189,5,17.6,0.6667,9.88,24
81-731,2025-07-18,5,7,14,14,1828,6,18.2,0.0833,6.94,26
81-731,2025-07-19,6,7,17,17,2659,5,19.5,0.2083,13.94,26
81-731,2025-07-20,7,7,36,35,6148,5,20.4,0.0,14.11,25
81-731,2025-07-21,1,7,14,14,1972,5,19.8,0.0833,9.04,15
81-731,2025-07-22,2,7,11,11,2334,3,19.9,0.25,15.16,14
81-731,2025-07-23,3,7,6,6,960,3,18.5,0.2083,11.31,17
81-731,2025-07-24,4,7,21,21,2909,5,18.7,0.6667,10.51,24
81-731,2025-07-26,6,7,18,18,2617,5,19.9,0.25,10.64,28
81-731,2025-07-27,7,7,21,21,3070,5,19.0,0.0833,7.23,26
81-731,2025-07-28,1,7,6,6,836,3,18.6,0.9167,24.86,15
81-731,2025-07-29,2,7,11,11,1219,4,18.5,0.4167,25.36,15
81-731,2025-07-30,3,7,9,9,1021,4,17.1,0.3333,9.06,17
81-731,2025-07-31,4,7,7,7,667,4,17.6,0.25,8.3,22
81-731,2025-08-01,5,8,7,7,1032,3,17.2,0.4167,11.02,25
81-731,2025-08-02,6,8,16,16,895,5,18.1,0.3333,11.32,23
81-731,2025-08-03,7,8,12,12,778,4,17.7,0.5417,7.62,24
81-731,2025-08-04,1,8,15,15,1108,4,17.6,0.25,16.48,15
81-731,2025-08-06,3,8,7,7,197,4,15.9,0.25,27.06,18
81-731,2025-08-07,4,8,12,12,1189,5,17.5,0.0,15.25,21
81-731,2025-08-08,5,8,14,14,706,5,18.6,0.1667,11.39,24
81-731,2025-08-09,6,8,34,34,3830,5,19.1,0.0,8.97,23
81-731,2025-08-10,7,8,19,19,1073,5,18.4,0.5,17.35,25
81-731,2025-08-11,1,8,6,6,460,4,17.4,0.0,16.7,13
81-731,2025-08-12,2,8,20,20,1171,5,17.9,0.0,8.48,9
81-731,2025-08-13,3,8,21,21,1299,5,20.3,0.0,8.47,13
81-731,2025-08-14,4,8,30,30,1669,6,21.2,0.0,11.14,19
81-731,2025-08-15,5,8,62,62,4388,7,23.3,0.0,15.7,21
81-731,2025-08-16,6,8,30,30,2250,6,19.2,0.125,20.42,18
81-731,2025-08-17,7,8,27,27,2313,5,17.0,0.0,19.3,22
81-731,2025-08-18,1,8,10,10,415,4,17.5,0.0,16.4,14
81-731,2025-08-19,2,8,19,19,1395,5,18.5,0.0,10.89,11
81-731,2025-08-20,3,8,7,7,1127,4,16.2,0.2083,19.36,14
81-731,2025-08-21,4,8,13,13,1287,4,15.3,0.0,7.2,20
81-731,2025-08-22,5,8,9,9,627,4,15.1,0.0,22.57,18
81-731,2025-08-23,6,8,6,6,651,3,13.0,0.4167,19.18,19
81-731,2025-08-24,7,8,9,9,338,3,14.7,0.4167,26.84,25
81-731,2025-08-25,1,8,7,7,1645,4,14.7,0.5417,21.3,15
81-731,2025-08-26,2,8,8,8,1098,4,13.9,0.3333,8.1,12
81-731,2025-08-27,3,8,10,10,275,4,15.5,0.0,13.74,14
81-731,2025-08-28,4,8,8,8,344,3,19.7,0.0417,15.05,20
81-731,2025-08-30,6,8,7,7,335,3,17.6,0.375,6.05,19
81-731,2025-08-31,7,8,25,25,869,5,17.8,0.0,6.38,24
81-731,2025-09-03,3,9,6,6,1229,3,18.9,0.0,12.06,6
81-731,2025-09-05,5,9,11,11,2893,3,20.1,0.3333,15.05,16
81-731,2025-09-07,7,9,12,12,4759,4,17.1,0.0417,11.28,16
81-731,2025-09-08,1,9,5,5,9464,3,18.7,0.0,11.55,10
81-731,2025-09-11,4,9,5,5,615,3,18.3,0.4167,20.9,12
81-731,2025-09-13,6,9,8,8,1991,3,15.8,0.1667,13.32,20
81-731,2025-09-14,7,9,10,10,10201,3,15.8,0.375,12.91,20
81-731,2025-09-15,1,9,7,7,2484,3,15.7,0.3333,21.92,10
81-731,2025-09-17,3,9,10,10,3452,3,14.5,0.5,28.07,11
81-731,2025-09-20,6,9,18,18,11693,4,19.1,0.0,17.3,27
81-731,2025-09-21,7,9,16,16,5616,4,20.6,0.0833,16.98,21
81-731,2025-10-02,4,10,3,3,181,3,9.2,0.1667,10.45,16
81-731,2025-10-16,4,10,5,5,380,3,11.1,0.25,20.62,16
81-731,2025-10-20,1,10,4,4,497,3,6.3,0.0,22.17,12
81-731,2025-10-26,7,10,4,4,361,3,8.1,0.24,22.15,23
81-731,2025-10-31,5,10,4,4,305,3,8.9,0.125,25.31,21
81-731,2025-11-08,6,11,7,7,948,3,6.7,0.0,13.37,16
81-737,2026-04-11,6,4,26,26,3001,3,3.6,0.0,9.65,10
81-759,2025-01-01,3,1,122,105,18166,21,5.0,0.7083,38.08,10
81-759,2025-01-02,4,1,74,67,14607,17,2.8,0.625,29.18,10
81-759,2025-01-03,5,1,88,83,17795,21,0.6,0.125,29.54,10
81-759,2025-01-04,6,1,105,94,24864,21,-1.6,0.0417,25.9,10
81-759,2025-01-05,7,1,117,107,26380,20,-0.7,0.0,21.23,13
81-759,2025-01-06,1,1,58,51,10977,17,2.0,0.5417,26.12,11
81-759,2025-01-07,2,1,20,20,2963,10,5.3,0.0,22.29,6
81-759,2025-01-08,3,1,19,19,3848,8,2.3,0.1667,25.3,8
81-759,2025-01-09,4,1,16,16,5117,7,1.0,0.4583,16.98,8
81-759,2025-01-10,5,1,29,26,7785,13,1.5,0.7917,30.61,15
81-759,2025-01-11,6,1,49,48,12133,15,1.5,0.5833,31.73,13
81-759,2025-01-12,7,1,46,40,11191,13,2.4,0.6667,34.2,10
81-759,2025-01-13,1,1,15,15,2943,9,0.4,0.0,21.26,5
81-759,2025-01-14,2,1,21,21,4118,9,0.8,0.1667,30.55,5
81-759,2025-01-15,3,1,14,13,3162,7,3.9,0.0417,13.89,4
81-759,2025-01-16,4,1,21,17,4314,13,2.8,0.0,24.86,9
81-759,2025-01-17,5,1,48,45,11769,12,3.3,0.0,27.23,9
81-759,2025-01-18,6,1,93,84,17132,17,3.3,0.2917,21.86,8
81-759,2025-01-19,7,1,101,88,18042,18,2.1,0.0417,12.4,10
81-759,2025-01-20,1,1,32,31,7869,13,0.6,0.0,12.16,4
81-759,2025-01-21,2,1,32,27,8276,11,0.6,0.0,11.57,4
81-759,2025-01-22,3,1,35,33,6676,14,-0.4,0.0,10.99,4
81-759,2025-01-23,4,1,47,42,8554,13,1.0,0.2083,25.6,6
81-759,2025-01-24,5,1,76,66,16192,18,3.3,0.0,21.68,10
81-759,2025-01-25,6,1,96,88,28701,18,6.6,0.4167,22.62,15
81-759,2025-01-26,7,1,65,61,11920,15,5.6,0.5417,13.4,16
81-759,2025-01-27,1,1,43,38,6560,12,5.9,0.1667,20.66,5
81-759,2025-01-28,2,1,46,37,8023,12,7.0,0.2917,15.92,4
81-759,2025-01-29,3,1,51,41,7569,16,6.7,0.5,20.39,5
81-759,2025-01-30,4,1,50,41,9397,14,6.5,0.375,20.2,10
81-759,2025-01-31,5,1,48,47,12713,14,4.3,0.75,18.38,9
81-759,2025-02-01,6,2,110,97,20428,17,2.6,0.0833,19.06,10
81-759,2025-02-02,7,2,86,81,15216,19,0.8,0.0,13.47,6
81-759,2025-02-03,1,2,39,36,10422,14,1.2,0.0,12.85,2
81-759,2025-02-04,2,2,24,21,3172,8,2.3,0.0,12.61,3
81-759,2025-02-05,3,2,29,29,4139,8,1.8,0.0,14.37,2
81-759,2025-02-06,4,2,36,34,6177,9,3.5,0.0,14.44,8
81-759,2025-02-07,5,2,45,41,11329,10,2.2,0.4583,22.81,9
81-759,2025-02-08,6,2,78,74,17056,11,-0.5,0.0,25.76,13
81-759,2025-02-09,7,2,45,40,11126,10,-1.2,0.0,14.68,5
81-759,2025-02-10,1,2,22,16,3328,5,-2.2,0.0,15.3,3
81-759,2025-02-11,2,2,39,37,6756,8,-4.0,0.0,18.12,2
81-759,2025-02-12,3,2,29,29,5393,9,-3.6,0.0,17.99,4
81-759,2025-02-13,4,2,37,35,7030,8,-1.4,0.0,14.22,10
81-759,2025-02-14,5,2,56,55,16696,10,-0.4,0.0417,21.71,33
81-759,2025-02-15,6,2,75,72,16119,10,-2.0,0.0,18.14,24
81-759,2025-02-16,7,2,64,62,11675,11,-2.7,0.0,15.44,16
81-759,2025-02-17,1,2,28,28,4601,9,-2.7,0.0,23.7,6
81-759,2025-02-18,2,2,34,33,5814,7,-0.6,0.0,15.51,6
81-759,2025-02-19,3,2,32,29,4604,7,-0.4,0.0833,10.62,4
81-759,2025-02-20,4,2,28,26,5911,10,-2.2,0.0,14.49,13
81-759,2025-02-21,5,2,50,46,8898,11,0.0,0.0,26.15,15
81-759,2025-02-22,6,2,63,63,16999,13,2.8,0.0,22.82,14
81-759,2025-02-23,7,2,62,56,10765,12,3.1,0.1667,14.54,7
81-759,2025-02-24,1,2,32,31,3706,7,3.5,0.0417,13.52,6
81-759,2025-02-25,2,2,28,25,3942,8,3.8,0.4167,19.07,6
81-759,2025-02-26,3,2,22,20,3846,8,4.5,0.2083,7.7,5
81-759,2025-02-27,4,2,28,25,8204,9,4.4,0.5833,5.28,10
81-759,2025-02-28,5,2,26,26,12221,10,3.4,0.9167,14.73,10
81-759,2025-03-01,6,3,59,52,18333,10,2.8,0.4583,21.25,17
81-759,2025-03-02,7,3,51,45,15878,11,4.0,0.0,27.35,10
81-759,2025-03-03,1,3,29,28,5587,8,5.4,0.0,34.3,8
81-759,2025-03-04,2,3,11,11,3450,7,6.2,0.0417,36.79,7
81-759,2025-03-05,3,3,12,12,2147,7,8.4,0.0,34.63,8
81-759,2025-03-06,4,3,33,32,9206,8,9.3,0.0,23.4,9
81-759,2025-03-07,5,3,56,56,20743,10,7.6,0.0,9.61,16
81-759,2025-03-08,6,3,96,91,36459,14,7.1,0.0,7.3,19
81-759,2025-03-09,7,3,68,63,21403,12,7.1,0.0,12.52,14
81-759,2025-03-10,1,3,25,25,6252,6,7.8,0.0,11.99,9
81-759,2025-03-11,2,3,23,22,4890,5,3.9,0.0417,13.07,7
81-759,2025-03-12,3,3,19,19,4736,9,4.8,0.3333,7.65,11
81-759,2025-03-13,4,3,20,20,8328,7,3.0,0.7917,20.66,12
81-759,2025-03-14,5,3,40,40,11382,8,2.2,0.0417,10.9,15
81-759,2025-03-15,6,3,88,87,32093,13,1.8,0.0,8.72,17
81-759,2025-03-16,7,3,49,45,16260,12,2.5,0.4583,21.7,12
81-759,2025-03-17,1,3,16,15,4894,5,0.9,0.1667,22.35,9
81-759,2025-03-18,2,3,27,24,7999,10,3.1,0.0,27.48,8
81-759,2025-03-19,3,3,19,19,5331,8,4.2,0.0,19.18,7
81-759,2025-03-20,4,3,27,26,9327,10,5.9,0.0,12.82,10
81-759,2025-03-21,5,3,52,52,15202,10,5.5,0.0,13.41,15
81-759,2025-03-22,6,3,77,75,25078,12,5.9,0.0,24.12,17
81-759,2025-03-23,7,3,58,54,20440,12,7.1,0.0,26.74,14
81-759,2025-03-24,1,3,18,18,5231,7,4.6,0.0,10.43,6
81-759,2025-03-25,2,3,30,29,7284,7,5.9,0.0417,12.19,6
81-759,2025-03-26,3,3,27,26,8007,9,6.4,0.6667,16.0,10
81-759,2025-03-27,4,3,44,44,11704,10,6.4,0.0,8.94,9
81-759,2025-03-28,5,3,48,47,16189,12,7.8,0.0,12.63,14
81-759,2025-03-29,6,3,96,95,29211,15,8.5,0.0,11.46,12
81-759,2025-03-30,7,3,64,61,14273,13,7.0,0.2609,8.61,12
81-759,2025-03-31,1,3,9,9,3571,6,5.3,0.0833,12.4,8
81-759,2025-04-01,2,4,16,13,4921,8,4.9,0.0,14.93,6
81-759,2025-04-02,3,4,32,30,10991,9,6.5,0.0,16.89,5
81-759,2025-04-03,4,4,46,45,16636,9,8.7,0.0,11.85,9
81-759,2025-04-04,5,4,76,72,25510,15,7.7,0.0,17.76,13
81-759,2025-04-05,6,4,52,51,15331,14,2.8,0.2083,29.9,16
81-759,2025-04-06,7,4,44,43,16005,13,2.2,0.125,25.45,12
81-759,2025-04-07,1,4,12,11,2184,6,4.4,0.125,15.09,7
81-759,2025-04-08,2,4,19,18,10190,9,4.2,0.0,18.37,11
81-759,2025-04-09,3,4,25,24,6133,10,5.0,0.375,19.96,11
81-759,2025-04-10,4,4,25,25,11675,7,3.7,0.125,21.52,10
81-759,2025-04-11,5,4,66,64,26447,15,7.0,0.25,20.66,17
81-759,2025-04-12,6,4,94,91,30911,18,7.6,0.0833,15.32,20
81-759,2025-04-13,7,4,145,144,42066,16,10.6,0.0,14.86,22
81-759,2025-04-14,1,4,45,44,17343,12,11.6,0.375,9.4,12
81-759,2025-04-15,2,4,46,44,11768,14,12.8,0.0,17.6,9
81-759,2025-04-16,3,4,39,39,12182,15,13.4,0.4583,13.82,10
81-759,2025-04-17,4,4,81,81,29749,16,15.7,0.0,15.75,13
81-759,2025-04-18,5,4,93,93,32625,14,17.2,0.0833,12.56,11
81-759,2025-04-19,6,4,96,93,35641,15,12.9,0.0417,15.22,14
81-759,2025-04-20,7,4,97,91,31679,11,11.3,0.2083,7.54,16
81-759,2025-04-21,1,4,90,87,23191,10,10.2,0.0,9.88,11
81-759,2025-04-22,2,4,26,24,8228,11,9.9,0.5833,8.46,7
81-759,2025-04-23,3,4,27,26,7903,11,10.2,0.3333,9.28,8
81-759,2025-04-24,4,4,27,25,8023,8,7.4,0.0,16.43,11
81-759,2025-04-25,5,4,60,58,20070,14,5.8,0.0,19.49,14
81-759,2025-04-26,6,4,95,94,37819,16,5.1,0.0,12.01,27
81-759,2025-04-27,7,4,87,84,33428,16,6.3,0.0,9.55,23
81-759,2025-04-28,1,4,42,40,13068,10,9.6,0.0,10.64,11
81-759,2025-04-29,2,4,51,51,21922,14,11.4,0.0,21.16,11
81-759,2025-04-30,3,4,68,68,21977,16,11.4,0.0,20.75,11
81-759,2025-05-01,4,5,184,182,47060,17,10.4,0.0,10.88,25
81-759,2025-05-02,5,5,179,174,42186,17,14.2,0.125,19.39,26
81-759,2025-05-03,6,5,191,183,53764,18,10.3,0.0,16.58,27
81-759,2025-05-04,7,5,73,71,17195,16,8.2,0.6667,19.47,18
81-759,2025-05-05,1,5,43,41,9589,11,6.5,0.0417,17.36,9
81-759,2025-05-06,2,5,37,37,11507,12,7.0,0.125,18.09,8
81-759,2025-05-07,3,5,40,38,12154,12,6.3,0.0,13.97,11
81-759,2025-05-08,4,5,34,30,6669,13,5.7,0.0,12.07,17
81-759,2025-05-09,5,5,60,58,23103,15,7.5,0.4167,8.41,19
81-759,2025-05-10,6,5,87,80,24810,17,7.4,0.2083,17.38,30
81-759,2025-05-11,7,5,70,66,20761,14,6.7,0.1667,14.27,20
81-759,2025-05-12,1,5,29,29,6400,10,7.4,0.0,11.81,11
81-759,2025-05-13,2,5,34,31,5125,11,9.5,0.2083,10.35,6
81-759,2025-05-14,3,5,27,24,5738,11,9.5,0.2917,20.88,9
81-759,2025-05-15,4,5,36,34,8161,10,6.5,0.7083,23.15,9
81-759,2025-05-16,5,5,40,35,9865,12,7.3,0.75,28.19,12
81-759,2025-05-17,6,5,84,80,25204,17,7.2,0.875,25.75,23
81-759,2025-05-18,7,5,84,82,22329,14,8.8,0.3333,13.64,15
81-759,2025-05-19,1,5,36,36,9624,10,9.2,0.25,12.4,10
81-759,2025-05-20,2,5,62,61,14159,16,13.1,0.0,21.12,9
81-759,2025-05-21,3,5,63,60,9451,15,13.5,0.125,13.83,11
81-759,2025-05-22,4,5,53,52,13796,10,11.0,0.0,10.23,16
81-759,2025-05-23,5,5,68,68,18940,14,9.5,0.2917,12.54,18
81-759,2025-05-24,6,5,112,108,41890,17,9.6,0.375,6.79,19
81-759,2025-05-25,7,5,127,125,28848,16,13.0,0.0,17.33,23
81-759,2025-05-26,1,5,56,55,16341,11,13.1,0.4167,14.2,12
81-759,2025-05-27,2,5,59,56,13827,16,13.8,0.2083,8.5,11
81-759,2025-05-28,3,5,52,50,9873,12,15.1,0.4167,12.57,13
81-759,2025-05-29,4,5,67,67,15973,17,12.8,0.25,23.85,15
81-759,2025-05-30,5,5,72,70,19128,15,13.6,0.0833,18.13,19
81-759,2025-05-31,6,5,143,134,39388,17,14.9,0.0,20.03,32
81-759,2025-06-01,7,6,118,117,23964,16,15.0,0.2083,11.03,27
81-759,2025-06-02,1,6,60,59,9286,12,15.5,0.25,17.45,9
81-759,2025-06-03,2,6,60,59,7105,15,14.4,0.25,9.13,9
81-759,2025-06-04,3,6,66,65,10223,14,17.5,0.2917,18.98,7
81-759,2025-06-05,4,6,58,58,11471,16,15.8,0.5417,10.15,9
81-759,2025-06-06,5,6,79,79,14023,14,16.5,0.2917,17.23,10
81-759,2025-06-07,6,6,128,126,32048,16,16.1,0.4167,13.59,18
81-759,2025-06-08,7,6,106,104,31553,16,15.7,0.4583,18.7,20
81-759,2025-06-09,1,6,57,55,8012,12,13.0,0.2917,31.8,11
81-759,2025-06-10,2,6,47,45,8348,12,13.2,0.5,19.31,8
81-759,2025-06-11,3,6,63,62,9627,15,13.8,0.5417,20.57,9
81-759,2025-06-12,4,6,77,75,14057,16,13.0,0.0,20.15,13
81-759,2025-06-13,5,6,95,94,20606,15,13.0,0.0,15.98,21
81-759,2025-06-14,6,6,166,161,39850,17,13.5,0.0,10.62,26
81-759,2025-06-15,7,6,170,168,39786,17,17.2,0.0,9.54,24
81-759,2025-06-16,1,6,68,65,11583,14,16.2,0.25,21.5,14
81-759,2025-06-17,2,6,87,84,17570,16,16.3,0.0,27.18,11
81-759,2025-06-18,3,6,96,95,25718,14,17.1,0.0,26.55,14
81-759,2025-06-19,4,6,160,151,34974,16,15.0,0.0417,29.97,14
81-759,2025-06-20,5,6,189,185,42545,17,15.1,0.0,19.88,23
81-759,2025-06-21,6,6,191,186,44381,17,16.8,0.0,22.47,25
81-759,2025-06-22,7,6,158,153,33026,18,16.0,0.0,15.47,22
81-759,2025-06-23,1,6,85,85,25586,11,17.7,0.2917,20.42,13
81-759,2025-06-24,2,6,48,47,13593,11,15.0,0.5,31.97,12
81-759,2025-06-25,3,6,63,62,10574,16,16.0,0.625,28.26,13
81-759,2025-06-26,4,6,73,71,12349,16,17.1,0.0,10.79,23
81-759,2025-06-27,5,6,93,92,16377,16,17.2,0.625,27.86,20
81-759,2025-06-28,6,6,176,169,50168,17,17.8,0.0,26.93,29
81-759,2025-06-29,7,6,145,144,29566,17,18.7,0.0,34.63,24
81-759,2025-06-30,1,6,102,101,21936,16,16.2,0.0,23.16,20
81-759,2025-07-01,2,7,109,106,22169,16,17.2,0.0,9.85,17
81-759,2025-07-02,3,7,124,121,22931,16,21.4,0.0,8.91,17
81-759,2025-07-03,4,7,118,115,24339,15,19.9,0.0,24.73,21
81-759,2025-07-04,5,7,138,135,32836,16,16.0,0.0,20.5,23
81-759,2025-07-05,6,7,190,186,48790,17,18.0,0.0417,15.43,29
81-759,2025-07-06,7,7,171,167,33654,17,18.8,0.0,8.73,27
81-759,2025-07-07,1,7,66,62,14814,16,18.2,0.4583,6.27,16
81-759,2025-07-08,2,7,87,84,14019,17,16.6,0.3333,9.73,14
81-759,2025-07-09,3,7,89,83,18024,14,15.9,0.5,16.48,16
81-759,2025-07-10,4,7,149,145,30803,16,16.8,0.0833,25.15,18
81-759,2025-07-11,5,7,89,83,20389,13,15.6,0.8333,24.64,20
81-759,2025-07-12,6,7,138,132,29489,16,16.4,0.625,16.75,27
81-759,2025-07-13,7,7,128,124,32680,15,18.5,0.375,15.05,25
81-759,2025-07-14,1,7,91,88,24543,15,18.4,0.4167,6.58,18
81-759,2025-07-15,2,7,127,124,28848,19,17.9,0.375,9.8,15
81-759,2025-07-16,3,7,63,59,12442,14,17.1,0.9583,13.73,18
81-759,2025-07-17,4,7,140,134,24622,18,17.6,0.6667,9.88,24
81-759,2025-07-18,5,7,157,152,29188,16,18.2,0.0833,6.94,26
81-759,2025-07-19,6,7,185,178,36388,17,19.5,0.2083,13.94,26
81-759,2025-07-20,7,7,192,189,40705,18,20.4,0.0,14.11,25
81-759,2025-07-21,1,7,147,138,28125,18,19.8,0.0833,9.04,15
81-759,2025-07-22,2,7,124,117,24285,16,19.9,0.25,15.16,14
81-759,2025-07-23,3,7,135,126,27124,17,18.5,0.2083,11.31,17
81-759,2025-07-24,4,7,151,143,29183,19,18.7,0.6667,10.51,24
81-759,2025-07-25,5,7,151,149,34019,18,19.5,0.3333,5.22,23
81-759,2025-07-26,6,7,162,153,37273,18,19.9,0.25,10.64,28
81-759,2025-07-27,7,7,141,138,26130,17,19.0,0.0833,7.23,26
81-759,2025-07-28,1,7,40,39,9039,12,18.6,0.9167,24.86,15
81-759,2025-07-29,2,7,128,119,28715,18,18.5,0.4167,25.36,15
81-759,2025-07-30,3,7,152,150,31143,18,17.1,0.3333,9.06,17
81-759,2025-07-31,4,7,118,110,22996,17,17.6,0.25,8.3,22
81-759,2025-08-01,5,8,121,118,40613,18,17.2,0.4167,11.02,25
81-759,2025-08-02,6,8,160,151,52772,18,18.1,0.3333,11.32,23
81-759,2025-08-03,7,8,124,120,39770,17,17.7,0.5417,7.62,24
81-759,2025-08-04,1,8,122,119,33030,18,17.6,0.25,16.48,15
81-759,2025-08-05,2,8,107,99,23286,16,17.5,0.4583,19.57,11
81-759,2025-08-06,3,8,111,106,32233,18,15.9,0.25,27.06,18
81-759,2025-08-07,4,8,125,117,30889,17,17.5,0.0,15.25,21
81-759,2025-08-08,5,8,160,149,48160,16,18.6,0.1667,11.39,24
81-759,2025-08-09,6,8,217,215,60344,19,19.1,0.0,8.97,23
81-759,2025-08-10,7,8,186,182,53762,18,18.4,0.5,17.35,25
81-759,2025-08-11,1,8,142,135,41324,17,17.4,0.0,16.7,13
81-759,2025-08-12,2,8,145,139,36614,16,17.9,0.0,8.48,9
81-759,2025-08-13,3,8,175,167,52127,18,20.3,0.0,8.47,13
81-759,2025-08-14,4,8,163,156,38201,17,21.2,0.0,11.14,19
81-759,2025-08-15,5,8,209,206,66008,17,23.3,0.0,15.7,21
81-759,2025-08-16,6,8,208,202,55375,19,19.2,0.125,20.42,18
81-759,2025-08-17,7,8,175,172,44432,18,17.0,0.0,19.3,22
81-759,2025-08-18,1,8,131,128,38711,17,17.5,0.0,16.4,14
81-759,2025-08-19,2,8,138,131,36640,18,18.5,0.0,10.89,11
81-759,2025-08-20,3,8,131,120,39114,17,16.2,0.2083,19.36,14
81-759,2025-08-21,4,8,161,156,46327,19,15.3,0.0,7.2,20
81-759,2025-08-22,5,8,112,112,37991,18,15.1,0.0,22.57,18
81-759,2025-08-23,6,8,116,116,35763,16,13.0,0.4167,19.18,19
81-759,2025-08-24,7,8,120,119,37994,16,14.7,0.4167,26.84,25
81-759,2025-08-25,1,8,65,65,21087,15,14.7,0.5417,21.3,15
81-759,2025-08-26,2,8,74,73,22767,15,13.9,0.3333,8.1,12
81-759,2025-08-27,3,8,97,97,31094,17,15.5,0.0,13.74,14
81-759,2025-08-28,4,8,104,104,34736,16,19.7,0.0417,15.05,20
81-759,2025-08-29,5,8,95,95,27466,16,19.3,0.4583,12.82,19
81-759,2025-08-30,6,8,138,138,38928,18,17.6,0.375,6.05,19
81-759,2025-08-31,7,8,128,127,29799,17,17.8,0.0,6.38,24
81-759,2025-09-01,1,9,70,70,15942,15,17.4,0.0,11.05,6
81-759,2025-09-02,2,9,52,52,12494,15,19.2,0.3333,12.21,6
81-759,2025-09-03,3,9,63,62,21015,17,18.9,0.0,12.06,6
81-759,2025-09-04,4,9,116,115,33390,18,20.1,0.0,16.1,7
81-759,2025-09-05,5,9,103,103,36917,18,20.1,0.3333,15.05,16
81-759,2025-09-06,6,9,117,116,38018,17,17.4,0.3333,15.77,18
81-759,2025-09-07,7,9,109,109,29586,18,17.1,0.0417,11.28,16
81-759,2025-09-08,1,9,80,80,20988,18,18.7,0.0,11.55,10
81-759,2025-09-09,2,9,69,69,19207,12,18.2,0.0,14.87,10
81-759,2025-09-10,3,9,80,79,19622,16,18.4,0.125,19.0,9
81-759,2025-09-11,4,9,50,50,10473,12,18.3,0.4167,20.9,12
81-759,2025-09-12,5,9,106,105,29604,17,17.3,0.1667,15.24,17
81-759,2025-09-13,6,9,126,126,37586,17,15.8,0.1667,13.32,20
81-759,2025-09-14,7,9,88,88,25149,13,15.8,0.375,12.91,20
81-759,2025-09-15,1,9,65,64,16407,18,15.7,0.3333,21.92,10
81-759,2025-09-16,2,9,69,68,15450,14,15.9,0.25,26.45,10
81-759,2025-09-17,3,9,34,34,11451,14,14.5,0.5,28.07,11
81-759,2025-09-18,4,9,57,57,14117,14,15.4,0.0833,24.16,14
81-759,2025-09-19,5,9,71,71,16557,17,18.1,0.25,25.37,28
81-759,2025-09-20,6,9,180,179,58663,18,19.1,0.0,17.3,27
81-759,2025-09-21,7,9,135,134,41086,17,20.6,0.0833,16.98,21
81-759,2025-09-22,1,9,39,39,10148,11,14.1,0.2083,19.9,12
81-759,2025-09-23,2,9,43,43,13335,12,11.9,0.125,14.29,10
81-759,2025-09-24,3,9,56,56,14702,14,11.5,0.0,12.41,10
81-759,2025-09-25,4,9,53,53,12416,15,11.5,0.0417,15.48,14
81-759,2025-09-26,5,9,72,72,25437,14,11.4,0.0,18.61,22
81-759,2025-09-27,6,9,116,115,43743,18,11.3,0.0,14.0,28
81-759,2025-09-28,7,9,82,81,21878,18,12.0,0.0417,15.64,21
81-759,2025-09-29,1,9,39,39,12399,12,9.9,0.125,18.57,12
81-759,2025-09-30,2,9,30,30,8307,11,9.4,0.5,15.05,11
81-759,2025-10-01,3,10,24,23,5645,10,10.3,0.4167,11.69,16
81-759,2025-10-02,4,10,43,42,10253,12,9.2,0.1667,10.45,16
81-759,2025-10-03,5,10,56,55,15907,15,8.2,0.0,8.8,18
81-759,2025-10-04,6,10,62,61,22298,15,8.2,0.3333,28.75,28
81-759,2025-10-05,7,10,47,47,15733,14,10.8,0.2083,25.32,23
81-759,2025-10-06,1,10,20,20,4400,6,11.2,0.4583,20.53,16
81-759,2025-10-07,2,10,26,26,6737,8,12.1,0.0,7.82,14
81-759,2025-10-08,3,10,19,19,3573,9,11.2,0.625,18.82,16
81-759,2025-10-09,4,10,24,24,6535,12,12.4,0.125,17.25,20
81-759,2025-10-10,5,10,65,64,19798,14,12.5,0.5417,27.65,20
81-759,2025-10-11,6,10,88,87,23716,16,13.3,0.1667,26.34,27
81-759,2025-10-12,7,10,56,55,24339,15,12.0,0.0,26.25,21
81-759,2025-10-13,1,10,32,32,10323,10,9.8,0.125,21.36,11
81-759,2025-10-14,2,10,29,29,11626,9,9.3,0.125,12.68,10
81-759,2025-10-15,3,10,23,23,6023,8,10.6,0.125,17.97,11
81-759,2025-10-16,4,10,38,38,12369,13,11.1,0.25,20.62,16
81-759,2025-10-17,5,10,40,40,13909,11,10.6,0.7083,14.12,17
81-759,2025-10-18,6,10,70,70,28976,14,8.4,0.9583,24.88,18
81-759,2025-10-19,7,10,68,67,18120,14,7.1,0.0417,9.19,17
81-759,2025-10-20,1,10,28,28,8450,9,6.3,0.0,22.17,12
81-759,2025-10-21,2,10,17,17,5498,7,7.8,0.0,27.12,10
81-759,2025-10-22,3,10,28,28,7617,9,10.2,0.4167,18.73,11
81-759,2025-10-23,4,10,33,33,8498,12,12.2,0.2083,16.71,18
81-759,2025-10-24,5,10,46,46,18775,12,11.4,0.7083,17.44,26
81-759,2025-10-25,6,10,86,79,18102,16,8.8,0.0,21.55,28
81-759,2025-10-26,7,10,53,50,16254,13,8.1,0.24,22.15,23
81-759,2025-10-27,1,10,21,21,12202,9,7.2,0.5833,23.13,13
81-759,2025-10-28,2,10,18,18,3687,8,8.1,0.625,22.97,10
81-759,2025-10-29,3,10,23,23,7423,9,9.4,0.3333,21.8,14
81-759,2025-10-30,4,10,16,15,3128,9,9.4,0.5833,31.44,18
81-759,2025-10-31,5,10,38,38,13986,13,8.9,0.125,25.31,21
81-759,2025-11-01,6,11,67,63,16217,13,8.4,0.125,18.77,8
81-759,2025-11-02,7,11,44,41,12492,12,10.9,0.5,10.75,11
81-759,2025-11-03,1,11,21,21,3969,8,9.5,0.125,12.03,9
81-759,2025-11-04,2,11,18,18,5645,9,10.0,0.0833,17.48,10
81-759,2025-11-05,3,11,22,21,4961,7,10.1,0.0,18.89,9
81-759,2025-11-06,4,11,34,31,6228,12,9.1,0.0,14.26,12
81-759,2025-11-07,5,11,47,46,17034,12,7.8,0.0,18.04,12
81-759,2025-11-08,6,11,92,86,27433,16,6.7,0.0,13.37,16
81-759,2025-11-09,7,11,114,104,33456,17,4.9,0.0,7.6,18
81-759,2025-11-10,1,11,100,96,32827,15,7.0,0.1667,4.76,11
81-759,2025-11-11,2,11,69,63,16046,14,7.5,0.0,9.77,16
81-759,2025-11-12,3,11,17,17,1685,7,8.1,0.0,17.37,8
81-759,2025-11-13,4,11,37,35,5796,13,10.1,0.0,25.32,16
81-759,2025-11-14,5,11,38,38,11376,9,8.9,0.625,15.4,18
81-759,2025-11-15,6,11,86,83,29095,15,4.6,0.0417,12.66,19
81-759,2025-11-16,7,11,29,28,6079,10,1.7,0.5833,11.5,19
81-759,2025-11-17,1,11,23,21,3497,9,3.8,0.25,20.39,13
81-759,2025-11-18,2,11,19,19,3738,6,2.9,0.4167,23.03,11
81-759,2025-11-19,3,11,17,17,9876,7,3.4,0.3333,24.47,11
81-759,2025-11-20,4,11,11,11,1585,5,1.9,0.1667,22.85,15
81-759,2025-11-21,5,11,40,40,7237,10,2.7,0.4583,27.6,16
81-759,2025-11-22,6,11,110,108,20609,17,0.3,0.0,16.08,15
81-759,2025-11-23,7,11,89,88,18723,15,-2.7,0.0,14.77,16
81-759,2025-11-24,1,11,24,24,4357,10,-1.8,0.0,18.1,10
81-759,2025-11-25,2,11,26,26,2257,9,0.8,0.0,12.56,11
81-759,2025-11-26,3,11,18,18,4714,9,2.7,0.5833,23.79,6
81-759,2025-11-27,4,11,38,38,5110,10,2.8,0.3333,18.23,16
81-759,2025-11-28,5,11,65,65,13835,13,2.7,0.3333,24.82,16
81-759,2025-11-29,6,11,114,113,23545,15,1.5,0.5833,18.95,24
81-759,2025-11-30,7,11,83,83,18341,17,1.0,0.2917,20.09,19
81-759,2025-12-01,1,12,16,16,3541,7,2.5,0.125,15.35,8
81-759,2025-12-02,2,12,13,13,2480,7,1.5,0.3333,20.3,9
81-759,2025-12-03,3,12,16,16,4351,7,3.0,0.5,16.69,8
81-759,2025-12-04,4,12,25,25,13940,9,3.5,0.0,15.05,15
81-759,2025-12-05,5,12,40,39,12817,11,4.8,0.1667,16.76,10
81-759,2025-12-06,6,12,74,70,21415,14,5.5,0.5,14.37,27
81-759,2025-12-07,7,12,66,63,19180,13,5.6,0.1667,17.28,19
81-759,2025-12-08,1,12,16,16,2267,7,7.0,0.25,23.16,8
81-759,2025-12-09,2,12,12,12,3408,6,9.3,0.5417,17.85,7
81-759,2025-12-10,3,12,16,16,7207,5,10.0,0.4583,17.78,9
81-759,2025-12-11,4,12,23,23,18460,8,9.1,0.2083,28.51,13
81-759,2025-12-12,5,12,42,41,24848,9,7.8,0.125,19.04,16
81-759,2025-12-13,6,12,63,63,19055,14,5.9,0.625,15.76,20
81-759,2025-12-14,7,12,49,48,11569,11,6.3,0.0,24.38,15
81-759,2025-12-15,1,12,46,46,10787,10,4.3,0.0,20.32,11
81-759,2025-12-16,2,12,34,34,3941,7,2.6,0.0,15.8,8
81-759,2025-12-17,3,12,30,30,5157,5,0.7,0.0,11.44,11
81-759,2025-12-18,4,12,38,38,6364,9,3.0,0.0,16.54,17
81-759,2025-12-19,5,12,42,42,5544,9,5.0,0.0833,22.26,14
81-759,2025-12-20,6,12,91,89,13915,14,6.4,0.2917,15.78,19
81-759,2025-12-21,7,12,84,82,17535,13,4.9,0.0,11.45,15
81-759,2025-12-22,1,12,41,41,3624,8,4.4,0.0,5.3,10
81-759,2025-12-23,2,12,19,19,4438,6,1.7,0.5,15.15,7
81-759,2025-12-25,4,12,19,15,2025,4,-4.5,0.0,13.7,13
81-759,2025-12-26,5,12,63,61,22589,11,3.9,0.0,19.82,12
81-759,2025-12-27,6,12,45,41,15061,12,4.6,0.0,31.73,10
81-759,2025-12-28,7,12,61,59,16312,12,3.3,0.0,33.34,10
81-759,2025-12-29,1,12,54,53,18650,11,2.7,0.25,27.95,8
81-759,2025-12-30,2,12,40,40,23719,12,0.3,0.5417,40.29,9
81-759,2025-12-31,3,12,44,44,15786,12,-1.2,0.0833,15.6,39
81-759,2026-01-01,4,1,80,79,20736,15,0.4,0.4167,29.05,10
81-759,2026-01-02,5,1,64,64,20061,12,1.7,0.1667,30.33,12
81-759,2026-01-03,6,1,72,71,27904,14,-0.7,0.0,30.02,15
81-759,2026-01-04,7,1,56,54,20838,15,-2.6,0.0,28.73,12
81-759,2026-01-05,1,1,26,24,5653,10,-2.9,0.0,20.56,10
81-759,2026-01-06,2,1,35,33,7172,8,-4.4,0.0,15.54,12
81-759,2026-01-07,3,1,8,8,2044,3,-5.4,0.0,15.11,8
81-759,2026-01-08,4,1,12,12,3281,6,-7.1,0.0,12.27,8
81-759,2026-01-09,5,1,19,19,9357,8,-4.9,0.0,21.63,13
81-759,2026-01-10,6,1,42,41,13745,11,-1.1,0.0417,30.46,18
81-759,2026-01-11,7,1,21,21,4254,10,-0.2,0.1667,25.4,12
81-759,2026-01-12,1,1,9,9,1675,4,-1.7,0.0,10.72,5
81-759,2026-01-13,2,1,11,11,3009,6,-4.3,0.0,19.1,5
81-759,2026-01-14,3,1,10,10,5147,6,-1.2,0.6667,28.45,6
81-759,2026-01-15,4,1,22,22,7993,7,1.2,0.0,16.61,9
81-759,2026-01-16,5,1,24,24,9531,8,-0.6,0.0,28.07,13
81-759,2026-01-17,6,1,43,43,12904,11,-3.6,0.0,21.84,17
81-759,2026-01-18,7,1,32,30,8669,12,-7.8,0.0,24.57,9
81-759,2026-01-19,1,1,16,16,4017,7,-8.2,0.0,24.4,5
81-759,2026-01-20,2,1,13,13,2788,6,-6.1,0.0,18.38,8
81-759,2026-01-21,3,1,16,16,3266,9,-8.3,0.0,8.17,10
81-759,2026-01-22,4,1,15,14,4183,8,-7.4,0.0,19.07,10
81-759,2026-01-23,5,1,28,27,8592,11,-7.5,0.0,23.92,9
81-759,2026-01-24,6,1,55,54,12210,11,-5.8,0.0,23.05,14
81-759,2026-01-25,7,1,34,33,11594,10,-5.2,0.0,18.12,17
81-759,2026-01-26,1,1,8,8,4182,5,-2.1,0.4583,18.32,9
81-759,2026-01-27,2,1,20,18,4388,7,-0.8,0.0,12.86,11
81-759,2026-01-28,3,1,18,18,4434,8,-1.8,0.0,16.3,9
81-759,2026-01-29,4,1,18,17,4003,7,-5.6,0.0,22.5,11
81-759,2026-01-30,5,1,25,25,8004,7,-7.5,0.0,25.67,16
81-759,2026-01-31,6,1,46,45,15892,11,-9.8,0.0,28.46,14
81-759,2026-02-01,7,2,34,34,18041,6,-12.0,0.0,21.24,13
81-759,2026-02-02,1,2,8,8,2550,3,-12.8,0.0,21.33,6
81-759,2026-02-03,2,2,16,15,6412,6,-9.5,0.0,19.37,7
81-759,2026-02-04,3,2,20,20,6225,8,-8.8,0.0,26.27,9
81-759,2026-02-05,4,2,22,22,5748,7,-4.8,0.25,22.91,9
81-759,2026-02-06,5,2,20,20,10897,9,-1.2,0.375,21.09,8
81-759,2026-02-07,6,2,53,48,16071,12,-1.3,0.0833,16.27,16
81-759,2026-02-08,7,2,38,36,11347,13,-2.8,0.0,23.63,13
81-759,2026-02-09,1,2,34,34,12483,8,-7.2,0.0,20.61,5
81-759,2026-02-10,2,2,30,29,9277,9,-6.4,0.0,13.8,6
81-759,2026-02-11,3,2,21,21,7353,9,-1.1,0.0417,11.35,7
81-759,2026-02-12,4,2,27,25,11173,10,0.5,0.2083,17.57,11
81-759,2026-02-13,5,2,51,50,16380,13,-0.2,0.3333,25.28,19
81-759,2026-02-14,6,2,77,73,24999,14,-2.9,0.0,20.42,47
81-759,2026-02-15,7,2,84,81,24563,13,-6.2,0.0,12.13,25
81-759,2026-02-16,1,2,27,27,9830,6,-10.6,0.0,22.93,10
81-759,2026-02-17,2,2,35,35,18439,8,-8.5,0.0,18.66,12
81-759,2026-02-18,3,2,31,31,11137,10,-5.6,0.0,16.97,8
81-759,2026-02-19,4,2,32,32,7942,10,-4.4,0.0,15.46,10
81-759,2026-02-20,5,2,37,35,11661,11,-4.3,0.0,17.12,13
81-759,2026-02-21,6,2,77,75,31407,14,-1.3,0.2083,31.11,14
81-759,2026-02-22,7,2,56,56,19666,12,1.8,0.375,20.38,16
81-759,2026-02-23,1,2,20,20,6555,8,2.9,0.5417,21.6,8
81-759,2026-02-24,2,2,25,24,10404,9,1.8,0.1667,17.68,6
81-759,2026-02-25,3,2,35,35,10596,10,-0.0,0.0417,12.39,11
81-759,2026-02-26,4,2,37,37,11161,10,1.3,0.0,26.91,12
81-759,2026-02-27,5,2,52,52,27983,9,4.8,0.0,19.09,16
81-759,2026-02-28,6,2,102,101,35327,13,5.7,0.0,15.53,25
81-759,2026-03-01,7,3,64,64,17286,11,4.0,0.0,19.58,18
81-759,2026-03-02,1,3,23,23,6408,8,3.9,0.0,12.2,7
81-759,2026-03-03,2,3,19,18,3226,8,5.6,0.0,11.77,9
81-759,2026-03-04,3,3,14,14,4021,6,3.2,0.0,21.17,7
81-759,2026-03-05,4,3,16,16,4316,7,3.1,0.0,16.44,8
81-759,2026-03-06,5,3,61,61,19682,11,3.6,0.0,9.07,7
81-759,2026-03-07,6,3,108,106,37216,13,5.2,0.0,9.24,22
81-759,2026-03-08,7,3,76,76,21993,12,6.2,0.0,10.46,17
81-759,2026-03-09,1,3,32,32,7409,9,7.0,0.0,16.38,6
81-759,2026-03-10,2,3,26,26,8840,7,6.9,0.0,16.69,6
81-759,2026-03-11,3,3,32,32,7857,10,8.3,0.0,16.46,8
81-759,2026-03-12,4,3,23,23,8089,12,7.1,0.1667,15.42,6
81-759,2026-03-13,5,3,48,48,11662,13,8.0,0.0,26.24,8
81-759,2026-03-14,6,3,112,112,29987,13,9.7,0.0,22.16,16
81-759,2026-03-15,7,3,49,49,17550,13,5.5,0.375,14.25,17
81-759,2026-03-16,1,3,20,20,3514,8,3.9,0.6667,10.98,10
81-759,2026-03-17,2,3,12,12,4203,5,4.1,0.1667,7.7,14
81-759,2026-03-18,3,3,30,30,6037,9,3.0,0.0,4.47,10
81-759,2026-03-19,4,3,19,19,6159,8,5.2,0.0833,8.55,13
81-759,2026-03-20,5,3,36,36,15929,12,4.2,0.1667,9.82,10
81-759,2026-03-21,6,3,91,91,32207,13,3.6,0.0,9.64,19
81-759,2026-03-22,7,3,79,78,17944,13,4.8,0.0,9.96,14
81-759,2026-03-23,1,3,29,29,4595,8,7.4,0.0417,8.07,8
81-759,2026-03-24,2,3,18,18,3949,8,8.3,0.0,16.51,9
81-759,2026-03-25,3,3,18,18,2318,6,9.2,0.125,25.86,15
81-759,2026-03-26,4,3,16,16,2970,9,4.4,0.0,17.67,15
81-759,2026-03-27,5,3,22,22,4776,10,3.3,0.0,10.9,13
81-759,2026-03-28,6,3,60,60,18144,12,3.7,0.0,9.13,16
81-759,2026-03-29,7,3,25,25,5302,8,4.6,0.4348,9.68,14
81-759,2026-03-30,1,3,11,11,3758,6,4.8,0.0,14.94,8
81-759,2026-03-31,2,3,18,18,4983,9,4.1,0.0,12.16,7
81-759,2026-04-01,3,4,20,20,4867,9,3.3,0.0,6.46,5
81-759,2026-04-02,4,4,30,30,10255,11,3.8,0.0,6.23,7
81-759,2026-04-03,5,4,29,29,10479,10,4.7,0.0833,16.38,7
81-759,2026-04-04,6,4,55,53,23515,11,5.9,0.125,28.4,10
81-759,2026-04-05,7,4,71,65,18188,10,7.8,0.1667,23.7,16
81-759,2026-04-06,1,4,30,26,10379,9,6.4,0.3333,40.19,11
81-759,2026-04-07,2,4,21,21,7786,8,5.5,0.0,29.64,7
81-759,2026-04-08,3,4,11,11,4816,8,3.6,0.0417,23.44,5
81-759,2026-04-09,4,4,22,21,5447,11,2.7,0.0,19.93,5
81-759,2026-04-10,5,4,57,56,18259,10,3.1,0.0,12.58,7
81-759,2026-04-11,6,4,94,87,33562,12,3.6,0.0,9.65,10
81-759,2026-04-12,7,4,91,88,22944,12,6.1,0.0,11.89,16
81-759,2026-04-13,1,4,28,28,6407,11,7.4,0.0,19.43,5
81-759,2026-04-14,2,4,23,21,4903,10,8.6,0.125,22.32,4
81-759,2026-04-15,3,4,39,35,10079,9,7.6,0.1667,9.91,10
81-759,2026-04-16,4,4,31,29,6864,12,5.7,0.0833,8.31,9
81-759,2026-04-17,5,4,48,45,13673,12,5.8,0.0,15.63,12
81-759,2026-04-18,6,4,120,116,31499,12,7.5,0.0,9.67,24
81-759,2026-04-19,7,4,67,65,16045,12,8.0,0.0,12.48,20
81-759,2026-04-20,1,4,24,23,5133,9,6.5,0.0,28.4,9
81-759,2026-04-21,2,4,37,36,8643,14,5.9,0.0,17.64,7
81-759,2026-04-22,3,4,47,44,7969,13,7.9,0.0,18.1,9
81-759,2026-04-23,4,4,60,54,14800,10,8.0,0.0,16.69,12
81-759,2026-04-24,5,4,68,64,18602,14,8.5,0.0,12.59,12
81-759,2026-04-25,6,4,66,61,31379,14,7.9,0.1667,29.41,20
81-759,2026-04-26,7,4,78,70,23332,14,5.5,0.0833,26.66,18
81-759,2026-04-27,1,4,21,19,6294,11,5.8,0.0,17.24,9
81-759,2026-04-28,2,4,30,29,4807,10,4.8,0.0417,13.46,12
81-759,2026-04-29,3,4,35,33,6593,12,4.5,0.1667,14.75,10
81-759,2026-04-30,4,4,50,48,14342,13,7.4,0.0,11.75,15
81-759,2026-05-01,5,5,167,161,71967,15,11.2,0.0,9.33,19
81-759,2026-05-02,6,5,199,183,74071,16,14.3,0.0,9.72,28
81-759,2026-05-03,7,5,144,135,51815,13,16.7,0.0,15.72,13
81-759,2026-05-04,1,5,44,43,12232,11,14.4,0.1667,17.22,9
81-759,2026-05-05,2,5,30,30,10494,10,9.7,0.25,10.1,12
81-759,2026-05-06,3,5,14,14,5428,7,6.8,0.5833,23.37,13
81-759,2026-05-07,4,5,32,28,7978,10,6.8,0.0,20.19,14
81-759,2026-05-08,5,5,73,72,28134,11,8.3,0.2083,18.12,12
81-759,2026-05-09,6,5,123,114,43591,15,9.2,0.0,9.68,17
81-759,2026-05-10,7,5,124,117,31239,13,10.6,0.0,9.54,15
81-759,2026-05-11,1,5,50,48,11759,11,13.2,0.1667,18.23,13
81-759,2026-05-12,2,5,37,33,12462,9,9.8,0.0417,22.82,13
81-759,2026-05-13,3,5,34,34,16417,14,8.3,0.5833,15.08,11
81-759,2026-05-14,4,5,46,46,15173,11,9.2,0.5,17.87,12
81-759,2026-05-15,5,5,59,58,24764,11,9.4,0.6667,9.9,19
81-759,2026-05-16,6,5,124,121,51524,13,9.3,0.0833,8.03,24
81-759,2026-05-17,7,5,92,85,28124,13,9.7,0.1667,7.34,19
81-759,2026-05-18,1,5,44,40,6354,10,9.6,0.1667,15.33,12
81-759,2026-05-19,2,5,64,62,18902,13,10.7,0.0417,9.61,15
81-759,2026-05-20,3,5,63,57,12086,11,11.8,0.0,8.09,20
81-759,2026-05-21,4,5,47,44,9341,15,13.7,0.25,13.62,20
81-759,2026-05-22,5,5,91,85,27412,15,13.9,0.0,17.48,25
81-759,2026-05-23,6,5,165,157,63896,14,15.4,0.0,9.07,24
81-759,2026-05-24,7,5,146,135,43958,15,16.2,0.0,18.23,24
81-759,2026-05-25,1,5,56,52,14399,12,15.6,0.0,24.45,18
81-759,2026-05-26,2,5,72,64,17488,11,16.8,0.0,28.33,16
81-759,2026-05-27,3,5,79,77,23414,12,14.0,0.0,23.59,20
81-759,2026-05-28,4,5,67,64,19911,12,12.5,0.1667,15.9,22
81-759,2026-05-29,5,5,96,94,33327,12,13.8,0.0,16.55,19
81-759,2026-05-30,6,5,133,127,46467,15,14.9,0.0417,17.99,22
81-759,2026-05-31,7,5,95,91,29409,14,13.7,0.2917,16.2,22
81-759,2026-06-01,1,6,61,56,16934,13,13.2,0.125,8.26,14
81-759,2026-06-02,2,6,81,76,15850,14,14.4,0.0,8.65,13
81-759,2026-06-03,3,6,85,78,21983,13,17.4,0.0,17.55,12
81-759,2026-06-04,4,6,140,128,32112,14,17.7,0.375,12.89,10
81-759,2026-06-05,5,6,75,68,21500,13,15.4,0.7917,9.84,13
81-759,2026-06-06,6,6,156,143,45409,14,15.7,0.3333,9.53,22
81-759,2026-06-07,7,6,87,78,17707,14,16.9,0.2917,10.79,15
81-759,2026-06-08,1,6,47,41,7124,8,15.8,0.25,10.88,12
81-759,2026-06-09,2,6,38,35,5424,9,16.1,0.3333,15.78,10
81-759,2026-06-10,3,6,57,46,7935,10,14.9,0.1667,9.92,10
81-759,2026-06-11,4,6,47,45,9549,10,12.8,0.6667,11.8,15
81-759,2026-06-12,5,6,70,67,12812,11,14.1,0.5,9.8,22
81-759,2026-06-13,6,6,89,86,16887,11,14.5,0.7917,14.42,22
81-759,2026-06-14,7,6,62,58,11898,8,13.1,0.75,23.69,23
81-759,2026-06-15,1,6,23,23,4867,6,13.1,0.8333,24.63,14
81-759,2026-06-16,2,6,47,45,5675,11,14.3,0.4583,24.75,8
81-759,2026-06-17,3,6,59,53,10326,11,14.2,0.0,19.18,12
81-759,2026-06-18,4,6,61,54,10996,11,15.9,0.125,15.41,17
81-759,2026-06-19,5,6,99,86,17392,11,18.6,0.0,8.76,27
81-759,2026-06-20,6,6,140,130,26551,12,21.8,0.0,11.72,21
81-759,2026-06-21,7,6,108,98,21775,12,21.8,0.1667,8.65,24
81-759,2026-06-22,1,6,53,52,10003,11,18.5,0.0,18.44,14
81-759,2026-06-23,2,6,77,66,10914,11,17.2,0.0,7.98,13
81-759,2026-06-24,3,6,65,59,11911,9,18.4,0.0,10.64,12
81-759,2026-06-25,4,6,75,68,15361,11,21.0,0.0,11.33,18
81-759,2026-06-26,5,6,77,73,13234,11,21.3,0.0,7.9,13
81-759,2026-06-27,6,6,104,99,21759,11,25.3,0.0,10.22,20
81-759,2026-06-28,7,6,92,88,18474,11,26.6,0.0,8.62,16
81-759,2026-06-29,1,6,73,69,12701,11,23.6,0.0,20.43,13
81-759,2026-06-30,2,6,82,78,16202,11,20.4,0.125,14.47,16
81-767,2025-01-01,3,1,67,64,13154,11,5.0,0.7083,38.08,10
81-767,2025-01-02,4,1,64,63,6560,10,2.8,0.625,29.18,10
81-767,2025-01-03,5,1,60,60,6196,10,0.6,0.125,29.54,10
81-767,2025-01-04,6,1,74,71,17108,12,-1.6,0.0417,25.9,10
81-767,2025-01-05,7,1,78,73,9188,11,-0.7,0.0,21.23,13
81-767,2025-01-06,1,1,43,43,5029,10,2.0,0.5417,26.12,11
81-767,2025-01-07,2,1,34,34,2126,8,5.3,0.0,22.29,6
81-767,2025-01-08,3,1,28,28,2178,7,2.3,0.1667,25.3,8
81-767,2025-01-09,4,1,31,31,3943,9,1.0,0.4583,16.98,8
81-767,2025-01-10,5,1,36,32,4061,10,1.5,0.7917,30.61,15
81-767,2025-01-11,6,1,47,42,6024,10,1.5,0.5833,31.73,13
81-767,2025-01-12,7,1,35,33,4929,11,2.4,0.6667,34.2,10
81-767,2025-01-13,1,1,28,27,1788,7,0.4,0.0,21.26,5
81-767,2025-01-14,2,1,23,23,1954,6,0.8,0.1667,30.55,5
81-767,2025-01-15,3,1,22,19,1347,6,3.9,0.0417,13.89,4
81-767,2025-01-16,4,1,24,24,2575,8,2.8,0.0,24.86,9
81-767,2025-01-17,5,1,65,63,10567,10,3.3,0.0,27.23,9
81-767,2025-01-18,6,1,47,46,8021,10,3.3,0.2917,21.86,8
81-767,2025-01-19,7,1,66,66,7497,10,2.1,0.0417,12.4,10
81-767,2025-01-20,1,1,34,34,3438,11,0.6,0.0,12.16,4
81-767,2025-01-21,2,1,27,25,2417,8,0.6,0.0,11.57,4
81-767,2025-01-22,3,1,31,29,2995,10,-0.4,0.0,10.99,4
81-767,2025-01-23,4,1,40,40,3887,9,1.0,0.2083,25.6,6
81-767,2025-01-24,5,1,61,59,6454,10,3.3,0.0,21.68,10
81-767,2025-01-25,6,1,70,70,11055,11,6.6,0.4167,22.62,15
81-767,2025-01-26,7,1,34,34,3115,9,5.6,0.5417,13.4,16
81-767,2025-01-27,1,1,32,32,2731,8,5.9,0.1667,20.66,5
81-767,2025-01-28,2,1,39,39,5197,10,7.0,0.2917,15.92,4
81-767,2025-01-29,3,1,46,43,6292,9,6.7,0.5,20.39,5
81-767,2025-01-30,4,1,46,46,4940,10,6.5,0.375,20.2,10
81-767,2025-01-31,5,1,54,52,8270,10,4.3,0.75,18.38,9
81-767,2025-02-01,6,2,109,102,18828,12,2.6,0.0833,19.06,10
81-767,2025-02-02,7,2,88,81,10285,11,0.8,0.0,13.47,6
81-767,2025-02-03,1,2,44,44,5217,9,1.2,0.0,12.85,2
81-767,2025-02-04,2,2,26,26,3812,5,2.3,0.0,12.61,3
81-767,2025-02-05,3,2,32,31,6787,5,1.8,0.0,14.37,2
81-767,2025-02-06,4,2,31,31,6213,4,3.5,0.0,14.44,8
81-767,2025-02-07,5,2,31,31,4718,5,2.2,0.4583,22.81,9
81-767,2025-02-08,6,2,66,65,11519,6,-0.5,0.0,25.76,13
81-767,2025-02-09,7,2,45,45,8101,5,-1.2,0.0,14.68,5
81-767,2025-02-10,1,2,29,29,5773,5,-2.2,0.0,15.3,3
81-767,2025-02-11,2,2,28,28,5822,5,-4.0,0.0,18.12,2
81-767,2025-02-12,3,2,28,28,4086,4,-3.6,0.0,17.99,4
81-767,2025-02-13,4,2,35,35,4786,6,-1.4,0.0,14.22,10
81-767,2025-02-14,5,2,36,36,8280,5,-0.4,0.0417,21.71,33
81-767,2025-02-15,6,2,57,57,12210,5,-2.0,0.0,18.14,24
81-767,2025-02-16,7,2,41,41,5894,5,-2.7,0.0,15.44,16
81-767,2025-02-17,1,2,18,18,1686,4,-2.7,0.0,23.7,6
81-767,2025-02-18,2,2,18,18,1183,4,-0.6,0.0,15.51,6
81-767,2025-02-19,3,2,22,22,2961,4,-0.4,0.0833,10.62,4
81-767,2025-02-20,4,2,24,24,2073,5,-2.2,0.0,14.49,13
81-767,2025-02-21,5,2,34,34,7281,5,0.0,0.0,26.15,15
81-767,2025-02-22,6,2,41,41,12095,5,2.8,0.0,22.82,14
81-767,2025-02-23,7,2,40,40,5349,4,3.1,0.1667,14.54,7
81-767,2025-02-24,1,2,31,31,4213,4,3.5,0.0417,13.52,6
81-767,2025-02-25,2,2,20,20,3436,3,3.8,0.4167,19.07,6
81-767,2025-02-26,3,2,19,19,1274,4,4.5,0.2083,7.7,5
81-767,2025-02-27,4,2,27,27,3208,4,4.4,0.5833,5.28,10
81-767,2025-02-28,5,2,17,17,4416,4,3.4,0.9167,14.73,10
81-767,2025-03-01,6,3,39,39,7364,5,2.8,0.4583,21.25,17
81-767,2025-03-02,7,3,25,25,2488,4,4.0,0.0,27.35,10
81-767,2025-03-03,1,3,10,10,1702,4,5.4,0.0,34.3,8
81-767,2025-03-04,2,3,17,17,1334,4,6.2,0.0417,36.79,7
81-767,2025-03-05,3,3,12,12,1043,3,8.4,0.0,34.63,8
81-767,2025-03-06,4,3,30,30,5080,4,9.3,0.0,23.4,9
81-767,2025-03-07,5,3,43,43,5803,5,7.6,0.0,9.61,16
81-767,2025-03-08,6,3,58,58,7977,5,7.1,0.0,7.3,19
81-767,2025-03-09,7,3,54,54,9051,5,7.1,0.0,12.52,14
81-767,2025-03-10,1,3,25,25,2080,4,7.8,0.0,11.99,9
81-767,2025-03-11,2,3,9,9,829,3,3.9,0.0417,13.07,7
81-767,2025-03-12,3,3,14,14,1249,4,4.8,0.3333,7.65,11
81-767,2025-03-13,4,3,19,19,1748,3,3.0,0.7917,20.66,12
81-767,2025-03-14,5,3,30,30,2118,5,2.2,0.0417,10.9,15
81-767,2025-03-15,6,3,38,38,6780,5,1.8,0.0,8.72,17
81-767,2025-03-16,7,3,25,25,4513,5,2.5,0.4583,21.7,12
81-767,2025-03-17,1,3,14,14,1393,3,0.9,0.1667,22.35,9
81-767,2025-03-18,2,3,17,17,961,3,3.1,0.0,27.48,8
81-767,2025-03-19,3,3,20,20,1948,4,4.2,0.0,19.18,7
81-767,2025-03-20,4,3,19,19,1535,4,5.9,0.0,12.82,10
81-767,2025-03-21,5,3,27,27,4432,5,5.5,0.0,13.41,15
81-767,2025-03-22,6,3,46,46,5928,5,5.9,0.0,24.12,17
81-767,2025-03-23,7,3,46,46,7586,5,7.1,0.0,26.74,14
81-767,2025-03-24,1,3,21,21,2733,4,4.6,0.0,10.43,6
81-767,2025-03-25,2,3,26,26,3068,4,5.9,0.0417,12.19,6
81-767,2025-03-26,3,3,13,13,823,3,6.4,0.6667,16.0,10
81-767,2025-03-27,4,3,28,28,2807,5,6.4,0.0,8.94,9
81-767,2025-03-28,5,3,32,32,4433,5,7.8,0.0,12.63,14
81-767,2025-03-29,6,3,44,44,5285,5,8.5,0.0,11.46,12
81-767,2025-03-30,7,3,30,30,3785,5,7.0,0.2609,8.61,12
81-767,2025-03-31,1,3,27,27,1610,3,5.3,0.0833,12.4,8
81-767,2025-04-01,2,4,18,18,1370,4,4.9,0.0,14.93,6
81-767,2025-04-02,3,4,23,23,3802,4,6.5,0.0,16.89,5
81-767,2025-04-03,4,4,71,71,9373,5,8.7,0.0,11.85,9
81-767,2025-04-04,5,4,64,64,6884,5,7.7,0.0,17.76,13
81-767,2025-04-05,6,4,30,30,6519,4,2.8,0.2083,29.9,16
81-767,2025-04-06,7,4,30,30,5030,5,2.2,0.125,25.45,12
81-767,2025-04-07,1,4,13,13,1699,4,4.4,0.125,15.09,7
81-767,2025-04-08,2,4,19,19,2873,4,4.2,0.0,18.37,11
81-767,2025-04-09,3,4,14,14,1556,3,5.0,0.375,19.96,11
81-767,2025-04-10,4,4,20,20,2499,3,3.7,0.125,21.52,10
81-767,2025-04-11,5,4,23,23,3191,5,7.0,0.25,20.66,17
81-767,2025-04-12,6,4,61,61,11393,5,7.6,0.0833,15.32,20
81-767,2025-04-13,7,4,58,58,8418,5,10.6,0.0,14.86,22
81-767,2025-04-14,1,4,24,24,3190,3,11.6,0.375,9.4,12
81-767,2025-04-15,2,4,29,29,3101,4,12.8,0.0,17.6,9
81-767,2025-04-16,3,4,14,14,2354,3,13.4,0.4583,13.82,10
81-767,2025-04-17,4,4,50,50,5446,5,15.7,0.0,15.75,13
81-767,2025-04-18,5,4,34,34,5294,3,17.2,0.0833,12.56,11
81-767,2025-04-19,6,4,28,28,5107,5,12.9,0.0417,15.22,14
81-767,2025-04-20,7,4,50,50,10276,4,11.3,0.2083,7.54,16
81-767,2025-04-21,1,4,40,40,5179,5,10.2,0.0,9.88,11
81-767,2025-04-22,2,4,21,21,3877,5,9.9,0.5833,8.46,7
81-767,2025-04-23,3,4,21,21,3253,4,10.2,0.3333,9.28,8
81-767,2025-04-24,4,4,19,19,1877,4,7.4,0.0,16.43,11
81-767,2025-04-25,5,4,28,28,5683,4,5.8,0.0,19.49,14
81-767,2025-04-26,6,4,45,45,9468,5,5.1,0.0,12.01,27
81-767,2025-04-27,7,4,31,31,4120,5,6.3,0.0,9.55,23
81-767,2025-04-28,1,4,19,19,2128,3,9.6,0.0,10.64,11
81-767,2025-04-29,2,4,21,21,3339,3,11.4,0.0,21.16,11
81-767,2025-04-30,3,4,20,20,3964,5,11.4,0.0,20.75,11
81-767,2025-05-01,4,5,54,54,9974,5,10.4,0.0,10.88,25
81-767,2025-05-02,5,5,59,59,14746,5,14.2,0.125,19.39,26
81-767,2025-05-03,6,5,81,81,13803,5,10.3,0.0,16.58,27
81-767,2025-05-04,7,5,31,31,5192,5,8.2,0.6667,19.47,18
81-767,2025-05-05,1,5,20,20,2259,4,6.5,0.0417,17.36,9
81-767,2025-05-06,2,5,25,25,2397,4,7.0,0.125,18.09,8
81-767,2025-05-07,3,5,24,24,5502,4,6.3,0.0,13.97,11
81-767,2025-05-08,4,5,21,21,3316,5,5.7,0.0,12.07,17
81-767,2025-05-09,5,5,20,20,2887,4,7.5,0.4167,8.41,19
81-767,2025-05-10,6,5,39,39,5462,5,7.4,0.2083,17.38,30
81-767,2025-05-11,7,5,42,42,6333,5,6.7,0.1667,14.27,20
81-767,2025-05-12,1,5,16,16,2237,3,7.4,0.0,11.81,11
81-767,2025-05-13,2,5,18,18,2417,5,9.5,0.2083,10.35,6
81-767,2025-05-14,3,5,25,25,2999,6,9.5,0.2917,20.88,9
81-767,2025-05-15,4,5,27,27,6438,5,6.5,0.7083,23.15,9
81-767,2025-05-16,5,5,24,24,4797,6,7.3,0.75,28.19,12
81-767,2025-05-17,6,5,38,38,5403,5,7.2,0.875,25.75,23
81-767,2025-05-18,7,5,36,36,3658,5,8.8,0.3333,13.64,15
81-767,2025-05-19,1,5,16,16,1348,4,9.2,0.25,12.4,10
81-767,2025-05-20,2,5,35,35,2806,6,13.1,0.0,21.12,9
81-767,2025-05-21,3,5,38,38,4374,6,13.5,0.125,13.83,11
81-767,2025-05-22,4,5,30,30,4575,6,11.0,0.0,10.23,16
81-767,2025-05-23,5,5,49,49,7177,7,9.5,0.2917,12.54,18
81-767,2025-05-24,6,5,80,79,19383,9,9.6,0.375,6.79,19
81-767,2025-05-25,7,5,95,95,17435,10,13.0,0.0,17.33,23
81-767,2025-05-26,1,5,36,36,5409,7,13.1,0.4167,14.2,12
81-767,2025-05-27,2,5,26,26,1982,5,13.8,0.2083,8.5,11
81-767,2025-05-28,3,5,43,43,5716,9,15.1,0.4167,12.57,13
81-767,2025-05-29,4,5,41,41,6968,9,12.8,0.25,23.85,15
81-767,2025-05-30,5,5,44,44,7206,8,13.6,0.0833,18.13,19
81-767,2025-05-31,6,5,84,84,10133,9,14.9,0.0,20.03,32
81-767,2025-06-01,7,6,85,85,12387,10,15.0,0.2083,11.03,27
81-767,2025-06-02,1,6,35,35,3667,6,15.5,0.25,17.45,9
81-767,2025-06-03,2,6,31,31,2549,8,14.4,0.25,9.13,9
81-767,2025-06-04,3,6,41,41,4403,8,17.5,0.2917,18.98,7
81-767,2025-06-05,4,6,38,38,4641,7,15.8,0.5417,10.15,9
81-767,2025-06-06,5,6,44,44,3480,8,16.5,0.2917,17.23,10
81-767,2025-06-07,6,6,60,60,14320,9,16.1,0.4167,13.59,18
81-767,2025-06-08,7,6,66,66,9494,9,15.7,0.4583,18.7,20
81-767,2025-06-09,1,6,29,29,3213,8,13.0,0.2917,31.8,11
81-767,2025-06-10,2,6,32,32,2931,6,13.2,0.5,19.31,8
81-767,2025-06-11,3,6,30,30,3016,7,13.8,0.5417,20.57,9
81-767,2025-06-12,4,6,52,52,8793,8,13.0,0.0,20.15,13
81-767,2025-06-13,5,6,44,44,9170,10,13.0,0.0,15.98,21
81-767,2025-06-14,6,6,77,77,13941,10,13.5,0.0,10.62,26
81-767,2025-06-15,7,6,74,74,9813,8,17.2,0.0,9.54,24
81-767,2025-06-16,1,6,26,26,7629,6,16.2,0.25,21.5,14
81-767,2025-06-17,2,6,42,42,5816,9,16.3,0.0,27.18,11
81-767,2025-06-18,3,6,51,51,8437,8,17.1,0.0,26.55,14
81-767,2025-06-19,4,6,73,73,12889,9,15.0,0.0417,29.97,14
81-767,2025-06-20,5,6,73,73,10811,9,15.1,0.0,19.88,23
81-767,2025-06-21,6,6,108,108,17532,9,16.8,0.0,22.47,25
81-767,2025-06-22,7,6,71,71,12991,10,16.0,0.0,15.47,22
81-767,2025-06-23,1,6,40,40,4676,8,17.7,0.2917,20.42,13
81-767,2025-06-24,2,6,42,42,12134,8,15.0,0.5,31.97,12
81-767,2025-06-25,3,6,34,34,4303,7,16.0,0.625,28.26,13
81-767,2025-06-26,4,6,55,55,7069,9,17.1,0.0,10.79,23
81-767,2025-06-27,5,6,32,32,2914,7,17.2,0.625,27.86,20
81-767,2025-06-28,6,6,67,67,21883,10,17.8,0.0,26.93,29
81-767,2025-06-29,7,6,58,58,11227,9,18.7,0.0,34.63,24
81-767,2025-06-30,1,6,42,42,4538,8,16.2,0.0,23.16,20
81-767,2025-07-01,2,7,44,44,4651,9,17.2,0.0,9.85,17
81-767,2025-07-02,3,7,66,66,7375,9,21.4,0.0,8.91,17
81-767,2025-07-03,4,7,69,69,10707,8,19.9,0.0,24.73,21
81-767,2025-07-04,5,7,63,63,13690,7,16.0,0.0,20.5,23
81-767,2025-07-05,6,7,78,78,12905,10,18.0,0.0417,15.43,29
81-767,2025-07-06,7,7,73,73,13429,9,18.8,0.0,8.73,27
81-767,2025-07-07,1,7,41,41,6108,8,18.2,0.4583,6.27,16
81-767,2025-07-08,2,7,40,40,6064,8,16.6,0.3333,9.73,14
81-767,2025-07-09,3,7,42,42,4657,8,15.9,0.5,16.48,16
81-767,2025-07-10,4,7,70,70,9531,9,16.8,0.0833,25.15,18
81-767,2025-07-11,5,7,46,46,10377,9,15.6,0.8333,24.64,20
81-767,2025-07-12,6,7,70,70,10735,8,16.4,0.625,16.75,27
81-767,2025-07-13,7,7,70,70,13386,8,18.5,0.375,15.05,25
81-767,2025-07-14,1,7,51,51,7541,6,18.4,0.4167,6.58,18
81-767,2025-07-15,2,7,53,53,8022,9,17.9,0.375,9.8,15
81-767,2025-07-16,3,7,43,43,5382,8,17.1,0.9583,13.73,18
81-767,2025-07-17,4,7,81,81,10174,9,17.6,0.6667,9.88,24
81-767,2025-07-18,5,7,82,82,12454,8,18.2,0.0833,6.94,26
81-767,2025-07-19,6,7,98,98,17971,8,19.5,0.2083,13.94,26
81-767,2025-07-20,7,7,97,97,19956,8,20.4,0.0,14.11,25
81-767,2025-07-21,1,7,71,71,10277,8,19.8,0.0833,9.04,15
81-767,2025-07-22,2,7,62,62,8977,8,19.9,0.25,15.16,14
81-767,2025-07-23,3,7,45,45,6343,6,18.5,0.2083,11.31,17
81-767,2025-07-24,4,7,74,74,13821,7,18.7,0.6667,10.51,24
81-767,2025-07-25,5,7,63,63,10860,8,19.5,0.3333,5.22,23
81-767,2025-07-26,6,7,84,84,10936,9,19.9,0.25,10.64,28
81-767,2025-07-27,7,7,94,94,12419,9,19.0,0.0833,7.23,26
81-767,2025-07-28,1,7,25,25,4950,7,18.6,0.9167,24.86,15
81-767,2025-07-29,2,7,66,66,8477,8,18.5,0.4167,25.36,15
81-767,2025-07-30,3,7,69,69,10074,8,17.1,0.3333,9.06,17
81-767,2025-07-31,4,7,61,61,8342,8,17.6,0.25,8.3,22
81-767,2025-08-01,5,8,68,68,9990,7,17.2,0.4167,11.02,25
81-767,2025-08-02,6,8,86,86,13419,9,18.1,0.3333,11.32,23
81-767,2025-08-03,7,8,59,59,7207,9,17.7,0.5417,7.62,24
81-767,2025-08-04,1,8,57,57,6089,8,17.6,0.25,16.48,15
81-767,2025-08-05,2,8,30,30,3207,6,17.5,0.4583,19.57,11
81-767,2025-08-06,3,8,49,49,7777,9,15.9,0.25,27.06,18
81-767,2025-08-07,4,8,58,58,7310,9,17.5,0.0,15.25,21
81-767,2025-08-08,5,8,69,69,9974,6,18.6,0.1667,11.39,24
81-767,2025-08-09,6,8,106,106,18875,10,19.1,0.0,8.97,23
81-767,2025-08-10,7,8,97,97,10812,9,18.4,0.5,17.35,25
81-767,2025-08-11,1,8,69,69,9754,9,17.4,0.0,16.7,13
81-767,2025-08-12,2,8,71,71,10647,9,17.9,0.0,8.48,9
81-767,2025-08-13,3,8,57,57,7354,10,20.3,0.0,8.47,13
81-767,2025-08-14,4,8,85,85,11113,10,21.2,0.0,11.14,19
81-767,2025-08-15,5,8,101,101,14852,9,23.3,0.0,15.7,21
81-767,2025-08-16,6,8,93,93,13327,10,19.2,0.125,20.42,18
81-767,2025-08-17,7,8,85,85,8727,9,17.0,0.0,19.3,22
81-767,2025-08-18,1,8,65,65,8416,8,17.5,0.0,16.4,14
81-767,2025-08-19,2,8,81,81,7617,10,18.5,0.0,10.89,11
81-767,2025-08-20,3,8,73,73,8629,9,16.2,0.2083,19.36,14
81-767,2025-08-21,4,8,70,70,7906,10,15.3,0.0,7.2,20
81-767,2025-08-22,5,8,80,80,11911,11,15.1,0.0,22.57,18
81-767,2025-08-23,6,8,97,97,14224,9,13.0,0.4167,19.18,19
81-767,2025-08-24,7,8,73,73,8652,10,14.7,0.4167,26.84,25
81-767,2025-08-25,1,8,31,31,3974,8,14.7,0.5417,21.3,15
81-767,2025-08-26,2,8,60,60,6893,8,13.9,0.3333,8.1,12
81-767,2025-08-27,3,8,66,66,6564,8,15.5,0.0,13.74,14
81-767,2025-08-28,4,8,69,69,8120,11,19.7,0.0417,15.05,20
81-767,2025-08-29,5,8,47,47,8530,11,19.3,0.4583,12.82,19
81-767,2025-08-30,6,8,57,57,8546,10,17.6,0.375,6.05,19
81-767,2025-08-31,7,8,82,82,7748,9,17.8,0.0,6.38,24
81-767,2025-09-01,1,9,43,43,6822,10,17.4,0.0,11.05,6
81-767,2025-09-02,2,9,33,33,4951,6,19.2,0.3333,12.21,6
81-767,2025-09-03,3,9,38,38,3374,9,18.9,0.0,12.06,6
81-767,2025-09-04,4,9,59,59,12801,9,20.1,0.0,16.1,7
81-767,2025-09-05,5,9,57,57,12071,10,20.1,0.3333,15.05,16
81-767,2025-09-06,6,9,71,71,15046,10,17.4,0.3333,15.77,18
81-767,2025-09-07,7,9,65,65,11425,10,17.1,0.0417,11.28,16
81-767,2025-09-08,1,9,39,39,3149,8,18.7,0.0,11.55,10
81-767,2025-09-09,2,9,44,44,6258,9,18.2,0.0,14.87,10
81-767,2025-09-10,3,9,39,39,3726,9,18.4,0.125,19.0,9
81-767,2025-09-11,4,9,29,29,4829,8,18.3,0.4167,20.9,12
81-767,2025-09-12,5,9,52,52,7025,9,17.3,0.1667,15.24,17
81-767,2025-09-13,6,9,88,88,15516,10,15.8,0.1667,13.32,20
81-767,2025-09-14,7,9,49,49,6760,9,15.8,0.375,12.91,20
81-767,2025-09-15,1,9,42,42,5317,6,15.7,0.3333,21.92,10
81-767,2025-09-16,2,9,38,38,4496,8,15.9,0.25,26.45,10
81-767,2025-09-17,3,9,27,27,4859,8,14.5,0.5,28.07,11
81-767,2025-09-18,4,9,27,27,6137,7,15.4,0.0833,24.16,14
81-767,2025-09-19,5,9,52,52,17178,9,18.1,0.25,25.37,28
81-767,2025-09-20,6,9,83,83,12074,9,19.1,0.0,17.3,27
81-767,2025-09-21,7,9,95,95,10642,10,20.6,0.0833,16.98,21
81-767,2025-09-22,1,9,19,19,2129,7,14.1,0.2083,19.9,12
81-767,2025-09-23,2,9,33,33,8932,5,11.9,0.125,14.29,10
81-767,2025-09-24,3,9,40,40,6588,9,11.5,0.0,12.41,10
81-767,2025-09-25,4,9,32,32,4158,8,11.5,0.0417,15.48,14
81-767,2025-09-26,5,9,49,49,10306,8,11.4,0.0,18.61,22
81-767,2025-09-27,6,9,70,70,15997,10,11.3,0.0,14.0,28
81-767,2025-09-28,7,9,60,60,9775,8,12.0,0.0417,15.64,21
81-767,2025-09-29,1,9,18,18,2297,4,9.9,0.125,18.57,12
81-767,2025-09-30,2,9,17,17,3048,5,9.4,0.5,15.05,11
81-767,2025-10-01,3,10,34,34,4012,6,10.3,0.4167,11.69,16
81-767,2025-10-02,4,10,45,45,7606,7,9.2,0.1667,10.45,16
81-767,2025-10-03,5,10,35,35,5304,8,8.2,0.0,8.8,18
81-767,2025-10-04,6,10,59,59,15094,9,8.2,0.3333,28.75,28
81-767,2025-10-05,7,10,52,52,7954,9,10.8,0.2083,25.32,23
81-767,2025-10-06,1,10,14,14,1576,5,11.2,0.4583,20.53,16
81-767,2025-10-07,2,10,35,35,6823,7,12.1,0.0,7.82,14
81-767,2025-10-08,3,10,22,22,3037,6,11.2,0.625,18.82,16
81-767,2025-10-09,4,10,21,21,3497,4,12.4,0.125,17.25,20
81-767,2025-10-10,5,10,41,41,7709,7,12.5,0.5417,27.65,20
81-767,2025-10-11,6,10,53,53,6928,8,13.3,0.1667,26.34,27
81-767,2025-10-12,7,10,61,61,4915,8,12.0,0.0,26.25,21
81-767,2025-10-13,1,10,24,24,1135,6,9.8,0.125,21.36,11
81-767,2025-10-14,2,10,29,29,8041,7,9.3,0.125,12.68,10
81-767,2025-10-15,3,10,28,28,4603,7,10.6,0.125,17.97,11
81-767,2025-10-16,4,10,21,21,4291,7,11.1,0.25,20.62,16
81-767,2025-10-17,5,10,67,67,9941,7,10.6,0.7083,14.12,17
81-767,2025-10-18,6,10,51,51,11306,8,8.4,0.9583,24.88,18
81-767,2025-10-19,7,10,43,43,3314,7,7.1,0.0417,9.19,17
81-767,2025-10-20,1,10,35,35,4223,6,6.3,0.0,22.17,12
81-767,2025-10-21,2,10,25,25,3683,5,7.8,0.0,27.12,10
81-767,2025-10-22,3,10,17,17,1586,6,10.2,0.4167,18.73,11
81-767,2025-10-23,4,10,25,25,3515,6,12.2,0.2083,16.71,18
81-767,2025-10-24,5,10,36,36,10083,6,11.4,0.7083,17.44,26
81-767,2025-10-25,6,10,39,39,7871,7,8.8,0.0,21.55,28
81-767,2025-10-26,7,10,33,33,8790,7,8.1,0.24,22.15,23
81-767,2025-10-27,1,10,12,12,796,4,7.2,0.5833,23.13,13
81-767,2025-10-28,2,10,19,19,3232,5,8.1,0.625,22.97,10
81-767,2025-10-29,3,10,13,13,3050,6,9.4,0.3333,21.8,14
81-767,2025-10-30,4,10,15,15,2957,5,9.4,0.5833,31.44,18
81-767,2025-10-31,5,10,19,19,4819,4,8.9,0.125,25.31,21
81-767,2025-11-01,6,11,33,33,9061,7,8.4,0.125,18.77,8
81-767,2025-11-02,7,11,16,16,2711,6,10.9,0.5,10.75,11
81-767,2025-11-03,1,11,17,17,2502,5,9.5,0.125,12.03,9
81-767,2025-11-04,2,11,14,14,1907,4,10.0,0.0833,17.48,10
81-767,2025-11-05,3,11,13,13,11105,4,10.1,0.0,18.89,9
81-767,2025-11-06,4,11,16,16,2808,4,9.1,0.0,14.26,12
81-767,2025-11-07,5,11,32,32,7796,6,7.8,0.0,18.04,12
81-767,2025-11-08,6,11,66,66,15124,8,6.7,0.0,13.37,16
81-767,2025-11-09,7,11,42,42,10991,7,4.9,0.0,7.6,18
81-767,2025-11-10,1,11,44,44,10359,7,7.0,0.1667,4.76,11
81-767,2025-11-11,2,11,28,28,9357,7,7.5,0.0,9.77,16
81-767,2025-11-12,3,11,16,16,2224,5,8.1,0.0,17.37,8
81-767,2025-11-13,4,11,17,17,3920,4,10.1,0.0,25.32,16
81-767,2025-11-14,5,11,20,20,10648,5,8.9,0.625,15.4,18
81-767,2025-11-15,6,11,34,34,19844,7,4.6,0.0417,12.66,19
81-767,2025-11-16,7,11,7,7,1274,5,1.7,0.5833,11.5,19
81-767,2025-11-17,1,11,10,10,2142,4,3.8,0.25,20.39,13
81-767,2025-11-18,2,11,11,11,6962,3,2.9,0.4167,23.03,11
81-767,2025-11-19,3,11,8,8,1380,4,3.4,0.3333,24.47,11
81-767,2025-11-20,4,11,15,15,5941,3,1.9,0.1667,22.85,15
81-767,2025-11-21,5,11,22,22,5408,5,2.7,0.4583,27.6,16
81-767,2025-11-22,6,11,31,31,13415,6,0.3,0.0,16.08,15
81-767,2025-11-23,7,11,21,21,6086,6,-2.7,0.0,14.77,16
81-767,2025-11-24,1,11,12,12,3398,5,-1.8,0.0,18.1,10
81-767,2025-11-25,2,11,18,18,2070,4,0.8,0.0,12.56,11
81-767,2025-11-26,3,11,9,9,4070,3,2.7,0.5833,23.79,6
81-767,2025-11-27,4,11,8,8,651,4,2.8,0.3333,18.23,16
81-767,2025-11-28,5,11,20,20,11774,5,2.7,0.3333,24.82,16
81-767,2025-11-29,6,11,17,17,8471,5,1.5,0.5833,18.95,24
81-767,2025-11-30,7,11,21,21,3827,6,1.0,0.2917,20.09,19
81-767,2025-12-01,1,12,11,11,1723,3,2.5,0.125,15.35,8
81-767,2025-12-02,2,12,11,11,947,3,1.5,0.3333,20.3,9
81-767,2025-12-03,3,12,8,8,4289,4,3.0,0.5,16.69,8
81-767,2025-12-04,4,12,14,14,3023,5,3.5,0.0,15.05,15
81-767,2025-12-05,5,12,17,17,7227,4,4.8,0.1667,16.76,10
81-767,2025-12-06,6,12,36,36,12784,8,5.5,0.5,14.37,27
81-767,2025-12-07,7,12,12,12,1335,4,5.6,0.1667,17.28,19
81-767,2025-12-08,1,12,10,10,1189,3,7.0,0.25,23.16,8
81-767,2025-12-09,2,12,15,15,2789,3,9.3,0.5417,17.85,7
81-767,2025-12-10,3,12,16,16,1721,5,10.0,0.4583,17.78,9
81-767,2025-12-12,5,12,22,22,3666,5,7.8,0.125,19.04,16
81-767,2025-12-13,6,12,19,19,7060,7,5.9,0.625,15.76,20
81-767,2025-12-14,7,12,23,23,4973,7,6.3,0.0,24.38,15
81-767,2025-12-15,1,12,11,11,3437,5,4.3,0.0,20.32,11
81-767,2025-12-16,2,12,5,5,949,5,2.6,0.0,15.8,8
81-767,2025-12-17,3,12,16,16,2344,4,0.7,0.0,11.44,11
81-767,2025-12-18,4,12,13,13,3200,4,3.0,0.0,16.54,17
81-767,2025-12-19,5,12,15,15,10267,5,5.0,0.0833,22.26,14
81-767,2025-12-20,6,12,15,15,3465,4,6.4,0.2917,15.78,19
81-767,2025-12-21,7,12,21,21,3349,7,4.9,0.0,11.45,15
81-767,2025-12-22,1,12,15,15,2090,3,4.4,0.0,5.3,10
81-767,2025-12-23,2,12,13,13,2130,3,1.7,0.5,15.15,7
81-767,2025-12-26,5,12,21,21,3921,5,3.9,0.0,19.82,12
81-767,2025-12-27,6,12,27,27,5559,7,4.6,0.0,31.73,10
81-767,2025-12-28,7,12,29,29,5892,7,3.3,0.0,33.34,10
81-767,2025-12-29,1,12,21,21,5876,7,2.7,0.25,27.95,8
81-767,2025-12-30,2,12,18,18,6804,8,0.3,0.5417,40.29,9
81-767,2025-12-31,3,12,37,37,8741,6,-1.2,0.0833,15.6,39
81-767,2026-01-01,4,1,43,43,9019,7,0.4,0.4167,29.05,10
81-767,2026-01-02,5,1,22,22,6592,8,1.7,0.1667,30.33,12
81-767,2026-01-03,6,1,34,34,6716,6,-0.7,0.0,30.02,15
81-767,2026-01-04,7,1,29,29,3938,6,-2.6,0.0,28.73,12
81-767,2026-01-05,1,1,20,20,6717,5,-2.9,0.0,20.56,10
81-767,2026-01-06,2,1,13,13,1416,7,-4.4,0.0,15.54,12
81-767,2026-01-07,3,1,9,9,776,3,-5.4,0.0,15.11,8
81-767,2026-01-08,4,1,10,10,1383,4,-7.1,0.0,12.27,8
81-767,2026-01-09,5,1,9,9,2222,3,-4.9,0.0,21.63,13
81-767,2026-01-10,6,1,18,18,5736,7,-1.1,0.0417,30.46,18
81-767,2026-01-11,7,1,15,15,3911,5,-0.2,0.1667,25.4,12
81-767,2026-01-12,1,1,9,9,842,4,-1.7,0.0,10.72,5
81-767,2026-01-13,2,1,8,8,617,4,-4.3,0.0,19.1,5
81-767,2026-01-14,3,1,9,9,1172,3,-1.2,0.6667,28.45,6
81-767,2026-01-16,5,1,13,13,2648,4,-0.6,0.0,28.07,13
81-767,2026-01-17,6,1,23,23,5154,7,-3.6,0.0,21.84,17
81-767,2026-01-18,7,1,32,32,8763,6,-7.8,0.0,24.57,9
81-767,2026-01-19,1,1,11,11,2057,5,-8.2,0.0,24.4,5
81-767,2026-01-20,2,1,10,10,3805,3,-6.1,0.0,18.38,8
81-767,2026-01-21,3,1,19,19,7693,6,-8.3,0.0,8.17,10
81-767,2026-01-23,5,1,20,20,4835,6,-7.5,0.0,23.92,9
81-767,2026-01-24,6,1,14,14,10079,3,-5.8,0.0,23.05,14
81-767,2026-01-25,7,1,18,18,2227,6,-5.2,0.0,18.12,17
81-767,2026-01-26,1,1,5,5,978,4,-2.1,0.4583,18.32,9
81-767,2026-01-27,2,1,11,11,2603,3,-0.8,0.0,12.86,11
81-767,2026-01-28,3,1,15,15,4715,4,-1.8,0.0,16.3,9
81-767,2026-01-29,4,1,6,6,1685,3,-5.6,0.0,22.5,11
81-767,2026-01-30,5,1,11,11,2215,6,-7.5,0.0,25.67,16
81-767,2026-01-31,6,1,27,27,3784,8,-9.8,0.0,28.46,14
81-767,2026-02-01,7,2,15,15,2933,8,-12.0,0.0,21.24,13
81-767,2026-02-02,1,2,6,6,1428,5,-12.8,0.0,21.33,6
81-767,2026-02-03,2,2,10,10,919,3,-9.5,0.0,19.37,7
81-767,2026-02-04,3,2,3,3,335,3,-8.8,0.0,26.27,9
81-767,2026-02-05,4,2,14,14,1387,5,-4.8,0.25,22.91,9
81-767,2026-02-06,5,2,20,20,4068,6,-1.2,0.375,21.09,8
81-767,2026-02-07,6,2,36,36,8540,9,-1.3,0.0833,16.27,16
81-767,2026-02-08,7,2,34,34,5424,6,-2.8,0.0,23.63,13
81-767,2026-02-09,1,2,12,12,1200,5,-7.2,0.0,20.61,5
81-767,2026-02-10,2,2,15,15,1623,3,-6.4,0.0,13.8,6
81-767,2026-02-11,3,2,19,19,2442,5,-1.1,0.0417,11.35,7
81-767,2026-02-12,4,2,19,19,1911,4,0.5,0.2083,17.57,11
81-767,2026-02-13,5,2,28,28,5439,7,-0.2,0.3333,25.28,19
81-767,2026-02-14,6,2,58,58,13531,9,-2.9,0.0,20.42,47
81-767,2026-02-15,7,2,36,36,8475,7,-6.2,0.0,12.13,25
81-767,2026-02-16,1,2,19,19,2636,4,-10.6,0.0,22.93,10
81-767,2026-02-17,2,2,14,14,2369,5,-8.5,0.0,18.66,12
81-767,2026-02-18,3,2,16,16,2249,5,-5.6,0.0,16.97,8
81-767,2026-02-19,4,2,14,14,2261,6,-4.4,0.0,15.46,10
81-767,2026-02-20,5,2,28,28,5003,9,-4.3,0.0,17.12,13
81-767,2026-02-21,6,2,51,51,8713,7,-1.3,0.2083,31.11,14
81-767,2026-02-22,7,2,27,27,3882,9,1.8,0.375,20.38,16
81-767,2026-02-23,1,2,15,15,2099,5,2.9,0.5417,21.6,8
81-767,2026-02-24,2,2,10,10,1591,4,1.8,0.1667,17.68,6
81-767,2026-02-25,3,2,23,23,3084,5,-0.0,0.0417,12.39,11
81-767,2026-02-26,4,2,20,20,5945,6,1.3,0.0,26.91,12
81-767,2026-02-27,5,2,26,26,5877,6,4.8,0.0,19.09,16
81-767,2026-02-28,6,2,63,63,11146,8,5.7,0.0,15.53,25
81-767,2026-03-01,7,3,31,31,6180,8,4.0,0.0,19.58,18
81-767,2026-03-03,2,3,12,12,1923,6,5.6,0.0,11.77,9
81-767,2026-03-04,3,3,12,12,5116,3,3.2,0.0,21.17,7
81-767,2026-03-05,4,3,14,14,2240,4,3.1,0.0,16.44,8
81-767,2026-03-06,5,3,24,24,5377,7,3.6,0.0,9.07,7
81-767,2026-03-07,6,3,49,49,16043,7,5.2,0.0,9.24,22
81-767,2026-03-08,7,3,57,57,12444,9,6.2,0.0,10.46,17
81-767,2026-03-09,1,3,23,23,3958,6,7.0,0.0,16.38,6
81-767,2026-03-10,2,3,19,19,2056,6,6.9,0.0,16.69,6
81-767,2026-03-11,3,3,16,16,3195,6,8.3,0.0,16.46,8
81-767,2026-03-12,4,3,9,9,618,3,7.1,0.1667,15.42,6
81-767,2026-03-13,5,3,28,28,6434,9,8.0,0.0,26.24,8
81-767,2026-03-14,6,3,41,41,7086,8,9.7,0.0,22.16,16
81-767,2026-03-15,7,3,25,25,6651,7,5.5,0.375,14.25,17
81-767,2026-03-16,1,3,9,9,1898,3,3.9,0.6667,10.98,10
81-767,2026-03-17,2,3,14,14,9107,5,4.1,0.1667,7.7,14
81-767,2026-03-18,3,3,15,15,2750,5,3.0,0.0,4.47,10
81-767,2026-03-19,4,3,14,14,3204,5,5.2,0.0833,8.55,13
81-767,2026-03-20,5,3,19,19,8270,5,4.2,0.1667,9.82,10
81-767,2026-03-21,6,3,54,54,13223,8,3.6,0.0,9.64,19
81-767,2026-03-22,7,3,26,26,4913,9,4.8,0.0,9.96,14
81-767,2026-03-23,1,3,6,6,1163,3,7.4,0.0417,8.07,8
81-767,2026-03-24,2,3,17,17,4910,4,8.3,0.0,16.51,9
81-767,2026-03-25,3,3,13,13,5922,5,9.2,0.125,25.86,15
81-767,2026-03-26,4,3,13,13,2028,4,4.4,0.0,17.67,15
81-767,2026-03-27,5,3,25,25,7701,7,3.3,0.0,10.9,13
81-767,2026-03-28,6,3,45,45,9425,8,3.7,0.0,9.13,16
81-767,2026-03-29,7,3,21,21,3892,5,4.6,0.4348,9.68,14
81-767,2026-03-30,1,3,9,9,1481,4,4.8,0.0,14.94,8
81-767,2026-03-31,2,3,14,14,2795,4,4.1,0.0,12.16,7
81-767,2026-04-01,3,4,17,17,2593,4,3.3,0.0,6.46,5
81-767,2026-04-02,4,4,14,14,3428,6,3.8,0.0,6.23,7
81-767,2026-04-03,5,4,19,19,4877,7,4.7,0.0833,16.38,7
81-767,2026-04-04,6,4,31,31,11350,9,5.9,0.125,28.4,10
81-767,2026-04-05,7,4,35,35,13059,6,7.8,0.1667,23.7,16
81-767,2026-04-06,1,4,23,23,6609,8,6.4,0.3333,40.19,11
81-767,2026-04-07,2,4,7,7,1331,3,5.5,0.0,29.64,7
81-767,2026-04-08,3,4,4,4,542,4,3.6,0.0417,23.44,5
81-767,2026-04-09,4,4,17,17,1746,4,2.7,0.0,19.93,5
81-767,2026-04-10,5,4,30,30,7266,8,3.1,0.0,12.58,7
81-767,2026-04-11,6,4,50,50,14612,9,3.6,0.0,9.65,10
81-767,2026-04-12,7,4,34,34,8674,8,6.1,0.0,11.89,16
81-767,2026-04-13,1,4,11,11,2646,4,7.4,0.0,19.43,5
81-767,2026-04-14,2,4,12,12,4544,4,8.6,0.125,22.32,4
81-767,2026-04-15,3,4,22,22,3353,4,7.6,0.1667,9.91,10
81-767,2026-04-16,4,4,14,14,2922,7,5.7,0.0833,8.31,9
81-767,2026-04-17,5,4,23,23,8074,7,5.8,0.0,15.63,12
81-767,2026-04-18,6,4,42,42,10326,8,7.5,0.0,9.67,24
81-767,2026-04-19,7,4,27,27,8612,8,8.0,0.0,12.48,20
81-767,2026-04-20,1,4,21,21,5367,5,6.5,0.0,28.4,9
81-767,2026-04-21,2,4,16,16,3417,6,5.9,0.0,17.64,7
81-767,2026-04-22,3,4,20,20,3698,6,7.9,0.0,18.1,9
81-767,2026-04-23,4,4,13,13,1548,5,8.0,0.0,16.69,12
81-767,2026-04-24,5,4,30,30,9957,7,8.5,0.0,12.59,12
81-767,2026-04-25,6,4,41,41,28436,8,7.9,0.1667,29.41,20
81-767,2026-04-26,7,4,28,28,5484,7,5.5,0.0833,26.66,18
81-767,2026-04-27,1,4,11,11,6515,4,5.8,0.0,17.24,9
81-767,2026-04-28,2,4,12,12,2168,3,4.8,0.0417,13.46,12
81-767,2026-04-29,3,4,18,18,4683,5,4.5,0.1667,14.75,10
81-767,2026-04-30,4,4,16,16,5420,3,7.4,0.0,11.75,15
81-767,2026-05-01,5,5,87,87,16158,9,11.2,0.0,9.33,19
81-767,2026-05-02,6,5,81,81,22679,8,14.3,0.0,9.72,28
81-767,2026-05-03,7,5,42,42,6628,7,16.7,0.0,15.72,13
81-767,2026-05-04,1,5,22,22,2613,6,14.4,0.1667,17.22,9
81-767,2026-05-05,2,5,14,14,8003,6,9.7,0.25,10.1,12
81-767,2026-05-06,3,5,17,17,3238,5,6.8,0.5833,23.37,13
81-767,2026-05-07,4,5,21,21,4601,7,6.8,0.0,20.19,14
81-767,2026-05-08,5,5,23,23,8961,7,8.3,0.2083,18.12,12
81-767,2026-05-09,6,5,35,35,9998,8,9.2,0.0,9.68,17
81-767,2026-05-10,7,5,40,40,9156,9,10.6,0.0,9.54,15
81-767,2026-05-11,1,5,26,26,5895,6,13.2,0.1667,18.23,13
81-767,2026-05-12,2,5,11,11,2593,5,9.8,0.0417,22.82,13
81-767,2026-05-13,3,5,16,16,7558,6,8.3,0.5833,15.08,11
81-767,2026-05-14,4,5,24,24,3393,9,9.2,0.5,17.87,12
81-767,2026-05-15,5,5,27,27,6132,8,9.4,0.6667,9.9,19
81-767,2026-05-16,6,5,45,45,13591,9,9.3,0.0833,8.03,24
81-767,2026-05-17,7,5,44,44,8622,9,9.7,0.1667,7.34,19
81-767,2026-05-18,1,5,14,14,2056,6,9.6,0.1667,15.33,12
81-767,2026-05-19,2,5,17,17,4048,6,10.7,0.0417,9.61,15
81-767,2026-05-20,3,5,22,22,2579,6,11.8,0.0,8.09,20
81-767,2026-05-21,4,5,37,37,6970,9,13.7,0.25,13.62,20
81-767,2026-05-22,5,5,29,29,6262,7,13.9,0.0,17.48,25
81-767,2026-05-23,6,5,71,71,17140,9,15.4,0.0,9.07,24
81-767,2026-05-24,7,5,48,48,10556,8,16.2,0.0,18.23,24
81-767,2026-05-25,1,5,28,28,6113,5,15.6,0.0,24.45,18
81-767,2026-05-26,2,5,23,23,4479,5,16.8,0.0,28.33,16
81-767,2026-05-27,3,5,23,23,8529,7,14.0,0.0,23.59,20
81-767,2026-05-28,4,5,21,21,4262,6,12.5,0.1667,15.9,22
81-767,2026-05-29,5,5,32,32,4887,8,13.8,0.0,16.55,19
81-767,2026-05-30,6,5,56,56,16659,8,14.9,0.0417,17.99,22
81-767,2026-05-31,7,5,50,50,12307,6,13.7,0.2917,16.2,22
81-767,2026-06-01,1,6,31,31,6954,7,13.2,0.125,8.26,14
81-767,2026-06-02,2,6,20,20,3531,7,14.4,0.0,8.65,13
81-767,2026-06-03,3,6,25,25,3488,7,17.4,0.0,17.55,12
81-767,2026-06-04,4,6,55,55,9759,9,17.7,0.375,12.89,10
81-767,2026-06-05,5,6,28,28,8240,9,15.4,0.7917,9.84,13
81-767,2026-06-06,6,6,48,48,17898,8,15.7,0.3333,9.53,22
81-767,2026-06-07,7,6,41,41,8560,7,16.9,0.2917,10.79,15
81-767,2026-06-08,1,6,18,18,2873,5,15.8,0.25,10.88,12
81-767,2026-06-09,2,6,22,22,3060,5,16.1,0.3333,15.78,10
81-767,2026-06-10,3,6,23,23,3386,7,14.9,0.1667,9.92,10
81-767,2026-06-11,4,6,17,17,1350,5,12.8,0.6667,11.8,15
81-767,2026-06-12,5,6,36,36,9331,8,14.1,0.5,9.8,22
81-767,2026-06-13,6,6,40,40,11108,8,14.5,0.7917,14.42,22
81-767,2026-06-14,7,6,31,31,6036,8,13.1,0.75,23.69,23
81-767,2026-06-15,1,6,15,15,4467,7,13.1,0.8333,24.63,14
81-767,2026-06-16,2,6,28,28,2451,5,14.3,0.4583,24.75,8
81-767,2026-06-17,3,6,23,23,2603,6,14.2,0.0,19.18,12
81-767,2026-06-18,4,6,37,37,10813,8,15.9,0.125,15.41,17
81-767,2026-06-19,5,6,46,46,10988,9,18.6,0.0,8.76,27
81-767,2026-06-20,6,6,47,47,15535,9,21.8,0.0,11.72,21
81-767,2026-06-21,7,6,52,52,9403,8,21.8,0.1667,8.65,24
81-767,2026-06-22,1,6,32,32,4546,7,18.5,0.0,18.44,14
81-767,2026-06-23,2,6,25,25,3905,8,17.2,0.0,7.98,13
81-767,2026-06-24,3,6,21,21,3334,6,18.4,0.0,10.64,12
81-767,2026-06-25,4,6,31,31,4294,8,21.0,0.0,11.33,18
81-767,2026-06-26,5,6,27,27,12376,8,21.3,0.0,7.9,13
81-767,2026-06-27,6,6,54,54,9521,8,25.3,0.0,10.22,20
81-767,2026-06-28,7,6,32,32,6960,9,26.6,0.0,8.62,16
81-767,2026-06-29,1,6,31,31,3146,7,23.6,0.0,20.43,13
81-767,2026-06-30,2,6,28,28,3430,8,20.4,0.125,14.47,16
81-769,2025-01-01,3,1,28,28,28667,4,5.0,0.7083,38.08,10
81-769,2025-01-02,4,1,51,44,13841,6,2.8,0.625,29.18,10
81-769,2025-01-03,5,1,43,34,14650,6,0.6,0.125,29.54,10
81-769,2025-01-04,6,1,48,45,15255,6,-1.6,0.0417,25.9,10
81-769,2025-01-05,7,1,57,46,16585,5,-0.7,0.0,21.23,13
81-769,2025-01-06,1,1,28,27,10626,5,2.0,0.5417,26.12,11
81-769,2025-01-07,2,1,11,10,3262,3,5.3,0.0,22.29,6
81-769,2025-01-09,4,1,12,11,3891,5,1.0,0.4583,16.98,8
81-769,2025-01-10,5,1,18,16,4678,5,1.5,0.7917,30.61,15
81-769,2025-01-11,6,1,30,26,11056,4,1.5,0.5833,31.73,13
81-769,2025-01-12,7,1,23,20,8821,5,2.4,0.6667,34.2,10
81-769,2025-01-13,1,1,11,9,997,5,0.4,0.0,21.26,5
81-769,2025-01-14,2,1,8,8,3449,4,0.8,0.1667,30.55,5
81-769,2025-01-16,4,1,11,10,2128,3,2.8,0.0,24.86,9
81-769,2025-01-17,5,1,30,24,5906,3,3.3,0.0,27.23,9
81-769,2025-01-18,6,1,48,35,12496,5,3.3,0.2917,21.86,8
81-769,2025-01-19,7,1,30,27,10113,4,2.1,0.0417,12.4,10
81-769,2025-01-21,2,1,10,9,1821,3,0.6,0.0,11.57,4
81-769,2025-01-22,3,1,17,14,3174,4,-0.4,0.0,10.99,4
81-769,2025-01-23,4,1,15,12,3524,4,1.0,0.2083,25.6,6
81-769,2025-01-24,5,1,32,25,14287,5,3.3,0.0,21.68,10
81-769,2025-01-25,6,1,42,32,19511,4,6.6,0.4167,22.62,15
81-769,2025-01-26,7,1,25,20,7736,5,5.6,0.5417,13.4,16
81-769,2025-01-27,1,1,22,14,6773,4,5.9,0.1667,20.66,5
81-769,2025-01-29,3,1,11,8,3248,3,6.7,0.5,20.39,5
81-769,2025-01-30,4,1,27,22,5585,5,6.5,0.375,20.2,10
81-769,2025-02-01,6,2,42,36,19240,5,2.6,0.0833,19.06,10
81-769,2025-02-02,7,2,38,29,15397,5,0.8,0.0,13.47,6
81-769,2025-02-04,2,2,21,15,6433,4,2.3,0.0,12.61,3
81-769,2025-02-05,3,2,26,20,11499,4,1.8,0.0,14.37,2
81-769,2025-02-06,4,2,32,22,17402,5,3.5,0.0,14.44,8
81-769,2025-02-07,5,2,29,22,7931,3,2.2,0.4583,22.81,9
81-769,2025-02-08,6,2,56,43,19416,4,-0.5,0.0,25.76,13
81-769,2025-02-09,7,2,35,27,14582,4,-1.2,0.0,14.68,5
81-769,2025-02-10,1,2,25,20,8924,3,-2.2,0.0,15.3,3
81-769,2025-02-13,4,2,41,31,14003,4,-1.4,0.0,14.22,10
81-769,2025-02-14,5,2,50,34,24012,4,-0.4,0.0417,21.71,33
81-769,2025-02-15,6,2,60,49,25061,4,-2.0,0.0,18.14,24
81-769,2025-02-16,7,2,53,45,14710,4,-2.7,0.0,15.44,16
81-769,2025-02-17,1,2,28,18,7040,3,-2.7,0.0,23.7,6
81-769,2025-02-19,3,2,51,29,12570,4,-0.4,0.0833,10.62,4
81-769,2025-02-21,5,2,41,27,10674,4,0.0,0.0,26.15,15
81-769,2025-02-22,6,2,66,50,23227,4,2.8,0.0,22.82,14
81-769,2025-02-23,7,2,40,31,9751,3,3.1,0.1667,14.54,7
81-769,2025-02-24,1,2,33,26,5706,3,3.5,0.0417,13.52,6
81-769,2025-02-25,2,2,34,21,5947,3,3.8,0.4167,19.07,6
81-769,2025-02-28,5,2,43,33,8503,3,3.4,0.9167,14.73,10
81-769,2025-03-02,7,3,28,24,6533,3,4.0,0.0,27.35,10
81-769,2025-03-07,5,3,66,47,19485,3,7.6,0.0,9.61,16
81-769,2025-03-08,6,3,63,51,19631,3,7.1,0.0,7.3,19
81-769,2025-03-15,6,3,49,31,16161,3,1.8,0.0,8.72,17
81-769,2025-03-16,7,3,52,42,16477,3,2.5,0.4583,21.7,12
81-769,2025-03-20,4,3,65,46,13434,3,5.9,0.0,12.82,10
81-769,2025-03-22,6,3,54,33,15530,3,5.9,0.0,24.12,17
81-769,2025-03-23,7,3,53,44,16794,3,7.1,0.0,26.74,14
81-769,2025-03-27,4,3,50,30,11728,3,6.4,0.0,8.94,9
81-769,2025-03-28,5,3,62,44,18827,3,7.8,0.0,12.63,14
81-769,2025-03-29,6,3,75,59,27944,3,8.5,0.0,11.46,12
81-769,2025-03-30,7,3,56,49,20053,3,7.0,0.2609,8.61,12
81-769,2025-04-01,2,4,48,30,4365,3,4.9,0.0,14.93,6
81-769,2025-04-04,5,4,68,49,7174,3,7.7,0.0,17.76,13
81-769,2025-04-11,5,4,67,46,5362,4,7.0,0.25,20.66,17
81-769,2025-04-12,6,4,70,47,6921,4,7.6,0.0833,15.32,20
81-769,2025-04-13,7,4,77,60,8570,5,10.6,0.0,14.86,22
81-769,2025-04-14,1,4,36,22,3627,3,11.6,0.375,9.4,12
81-769,2025-04-15,2,4,54,42,3161,5,12.8,0.0,17.6,9
81-769,2025-04-16,3,4,34,24,2468,3,13.4,0.4583,13.82,10
81-769,2025-04-17,4,4,83,70,9475,4,15.7,0.0,15.75,13
81-769,2025-04-18,5,4,83,75,11031,5,17.2,0.0833,12.56,11
81-769,2025-04-19,6,4,60,38,8727,3,12.9,0.0417,15.22,14
81-769,2025-04-21,1,4,61,51,5148,4,10.2,0.0,9.88,11
81-769,2025-04-22,2,4,46,32,5526,3,9.9,0.5833,8.46,7
81-769,2025-04-23,3,4,46,30,4224,3,10.2,0.3333,9.28,8
81-769,2025-04-24,4,4,64,45,6075,4,7.4,0.0,16.43,11
81-769,2025-04-25,5,4,80,61,6908,6,5.8,0.0,19.49,14
81-769,2025-04-26,6,4,106,84,15526,9,5.1,0.0,12.01,27
81-769,2025-04-27,7,4,86,71,13415,9,6.3,0.0,9.55,23
81-769,2025-04-28,1,4,73,65,5888,8,9.6,0.0,10.64,11
81-769,2025-04-29,2,4,72,56,7295,7,11.4,0.0,21.16,11
81-769,2025-04-30,3,4,91,67,7622,9,11.4,0.0,20.75,11
81-769,2025-05-01,4,5,108,85,30391,9,10.4,0.0,10.88,25
81-769,2025-05-02,5,5,138,116,36491,9,14.2,0.125,19.39,26
81-769,2025-05-03,6,5,136,116,31976,9,10.3,0.0,16.58,27
81-769,2025-05-04,7,5,59,42,13969,9,8.2,0.6667,19.47,18
81-769,2025-05-05,1,5,61,34,14355,6,6.5,0.0417,17.36,9
81-769,2025-05-06,2,5,55,38,15234,6,7.0,0.125,18.09,8
81-769,2025-05-07,3,5,49,32,13371,5,6.3,0.0,13.97,11
81-769,2025-05-08,4,5,61,47,12040,7,5.7,0.0,12.07,17
81-769,2025-05-09,5,5,61,36,17039,7,7.5,0.4167,8.41,19
81-769,2025-05-10,6,5,80,64,25520,6,7.4,0.2083,17.38,30
81-769,2025-05-11,7,5,77,58,21623,9,6.7,0.1667,14.27,20
81-769,2025-05-12,1,5,50,39,12823,7,7.4,0.0,11.81,11
81-769,2025-05-13,2,5,66,56,17602,6,9.5,0.2083,10.35,6
81-769,2025-05-14,3,5,55,40,12550,5,9.5,0.2917,20.88,9
81-769,2025-05-15,4,5,65,51,15692,6,6.5,0.7083,23.15,9
81-769,2025-05-16,5,5,82,66,21551,8,7.3,0.75,28.19,12
81-769,2025-05-17,6,5,66,52,17761,8,7.2,0.875,25.75,23
81-769,2025-05-18,7,5,91,71,20282,9,8.8,0.3333,13.64,15
81-769,2025-05-19,1,5,46,37,9789,6,9.2,0.25,12.4,10
81-769,2025-05-20,2,5,87,70,17900,8,13.1,0.0,21.12,9
81-769,2025-05-21,3,5,83,61,25830,9,13.5,0.125,13.83,11
81-769,2025-05-22,4,5,61,45,17649,7,11.0,0.0,10.23,16
81-769,2025-05-23,5,5,77,60,20348,7,9.5,0.2917,12.54,18
81-769,2025-05-24,6,5,88,71,15341,8,9.6,0.375,6.79,19
81-769,2025-05-25,7,5,99,80,17791,9,13.0,0.0,17.33,23
81-769,2025-05-26,1,5,57,40,16630,7,13.1,0.4167,14.2,12
81-769,2025-05-27,2,5,75,58,24150,8,13.8,0.2083,8.5,11
81-769,2025-05-28,3,5,61,50,16306,5,15.1,0.4167,12.57,13
81-769,2025-05-29,4,5,75,58,16219,9,12.8,0.25,23.85,15
81-769,2025-05-30,5,5,82,67,19334,9,13.6,0.0833,18.13,19
81-769,2025-05-31,6,5,124,104,29177,9,14.9,0.0,20.03,32
81-769,2025-06-01,7,6,118,100,27019,9,15.0,0.2083,11.03,27
81-769,2025-06-02,1,6,107,84,23679,9,15.5,0.25,17.45,9
81-769,2025-06-03,2,6,81,56,18241,9,14.4,0.25,9.13,9
81-769,2025-06-04,3,6,77,61,17977,9,17.5,0.2917,18.98,7
81-769,2025-06-05,4,6,72,57,23393,8,15.8,0.5417,10.15,9
81-769,2025-06-06,5,6,105,75,26979,9,16.5,0.2917,17.23,10
81-769,2025-06-07,6,6,120,98,33340,10,16.1,0.4167,13.59,18
81-769,2025-06-08,7,6,111,86,27047,10,15.7,0.4583,18.7,20
81-769,2025-06-09,1,6,82,63,21137,7,13.0,0.2917,31.8,11
81-769,2025-06-10,2,6,66,53,15286,7,13.2,0.5,19.31,8
81-769,2025-06-11,3,6,76,55,18722,6,13.8,0.5417,20.57,9
81-769,2025-06-12,4,6,85,63,19788,9,13.0,0.0,20.15,13
81-769,2025-06-13,5,6,105,85,28120,9,13.0,0.0,15.98,21
81-769,2025-06-14,6,6,130,106,40444,9,13.5,0.0,10.62,26
81-769,2025-06-15,7,6,150,132,33937,10,17.2,0.0,9.54,24
81-769,2025-06-16,1,6,83,63,23717,6,16.2,0.25,21.5,14
81-769,2025-06-17,2,6,76,50,19348,9,16.3,0.0,27.18,11
81-769,2025-06-18,3,6,104,85,26058,9,17.1,0.0,26.55,14
81-769,2025-06-19,4,6,116,98,32043,9,15.0,0.0417,29.97,14
81-769,2025-06-20,5,6,188,163,47356,10,15.1,0.0,19.88,23
81-769,2025-06-21,6,6,202,165,49495,10,16.8,0.0,22.47,25
81-769,2025-06-22,7,6,138,118,36218,10,16.0,0.0,15.47,22
81-769,2025-06-23,1,6,89,70,16106,8,17.7,0.2917,20.42,13
81-769,2025-06-24,2,6,87,64,20312,8,15.0,0.5,31.97,12
81-769,2025-06-25,3,6,76,57,16102,10,16.0,0.625,28.26,13
81-769,2025-06-26,4,6,101,83,21726,9,17.1,0.0,10.79,23
81-769,2025-06-27,5,6,84,71,22291,9,17.2,0.625,27.86,20
81-769,2025-06-28,6,6,160,133,43161,10,17.8,0.0,26.93,29
81-769,2025-06-29,7,6,172,152,35449,10,18.7,0.0,34.63,24
81-769,2025-06-30,1,6,103,91,30539,9,16.2,0.0,23.16,20
81-769,2025-07-01,2,7,145,129,18602,10,17.2,0.0,9.85,17
81-769,2025-07-02,3,7,175,162,20267,9,21.4,0.0,8.91,17
81-769,2025-07-03,4,7,140,119,20194,10,19.9,0.0,24.73,21
81-769,2025-07-04,5,7,148,129,25906,10,16.0,0.0,20.5,23
81-769,2025-07-05,6,7,170,153,34685,10,18.0,0.0417,15.43,29
81-769,2025-07-06,7,7,195,171,26666,9,18.8,0.0,8.73,27
81-769,2025-07-07,1,7,83,76,13235,8,18.2,0.4583,6.27,16
81-769,2025-07-08,2,7,91,78,11818,9,16.6,0.3333,9.73,14
81-769,2025-07-09,3,7,93,76,15558,9,15.9,0.5,16.48,16
81-769,2025-07-10,4,7,120,104,25709,9,16.8,0.0833,25.15,18
81-769,2025-07-11,5,7,88,74,18754,6,15.6,0.8333,24.64,20
81-769,2025-07-12,6,7,115,101,18888,10,16.4,0.625,16.75,27
81-769,2025-07-13,7,7,129,108,19422,10,18.5,0.375,15.05,25
81-769,2025-07-14,1,7,114,84,19198,9,18.4,0.4167,6.58,18
81-769,2025-07-15,2,7,119,100,28245,9,17.9,0.375,9.8,15
81-769,2025-07-16,3,7,91,66,19516,10,17.1,0.9583,13.73,18
81-769,2025-07-17,4,7,179,151,26676,9,17.6,0.6667,9.88,24
81-769,2025-07-18,5,7,173,145,36330,9,18.2,0.0833,6.94,26
81-769,2025-07-19,6,7,174,143,34977,10,19.5,0.2083,13.94,26
81-769,2025-07-20,7,7,241,218,48159,10,20.4,0.0,14.11,25
81-769,2025-07-21,1,7,152,132,25381,9,19.8,0.0833,9.04,15
81-769,2025-07-22,2,7,103,87,23311,10,19.9,0.25,15.16,14
81-769,2025-07-23,3,7,152,130,20182,9,18.5,0.2083,11.31,17
81-769,2025-07-24,4,7,137,126,22774,9,18.7,0.6667,10.51,24
81-769,2025-07-25,5,7,187,159,55959,9,19.5,0.3333,5.22,23
81-769,2025-07-26,6,7,144,127,33344,9,19.9,0.25,10.64,28
81-769,2025-07-27,7,7,172,155,34237,9,19.0,0.0833,7.23,26
81-769,2025-07-28,1,7,63,44,9409,9,18.6,0.9167,24.86,15
81-769,2025-07-29,2,7,134,106,26419,11,18.5,0.4167,25.36,15
81-769,2025-07-30,3,7,140,119,25487,10,17.1,0.3333,9.06,17
81-769,2025-07-31,4,7,127,104,20670,9,17.6,0.25,8.3,22
81-769,2025-08-01,5,8,117,102,24254,9,17.2,0.4167,11.02,25
81-769,2025-08-02,6,8,141,130,34006,10,18.1,0.3333,11.32,23
81-769,2025-08-03,7,8,99,77,25740,10,17.7,0.5417,7.62,24
81-769,2025-08-04,1,8,128,105,40619,9,17.6,0.25,16.48,15
81-769,2025-08-05,2,8,71,57,14119,10,17.5,0.4583,19.57,11
81-769,2025-08-06,3,8,97,86,25856,8,15.9,0.25,27.06,18
81-769,2025-08-07,4,8,149,129,32724,10,17.5,0.0,15.25,21
81-769,2025-08-08,5,8,159,132,37672,10,18.6,0.1667,11.39,24
81-769,2025-08-09,6,8,241,211,50580,11,19.1,0.0,8.97,23
81-769,2025-08-10,7,8,173,142,36209,10,18.4,0.5,17.35,25
81-769,2025-08-11,1,8,143,123,30710,9,17.4,0.0,16.7,13
81-769,2025-08-12,2,8,149,131,24172,9,17.9,0.0,8.48,9
81-769,2025-08-13,3,8,172,152,32847,10,20.3,0.0,8.47,13
81-769,2025-08-14,4,8,180,164,30334,9,21.2,0.0,11.14,19
81-769,2025-08-15,5,8,308,284,66410,10,23.3,0.0,15.7,21
81-769,2025-08-16,6,8,193,171,40447,11,19.2,0.125,20.42,18
81-769,2025-08-17,7,8,192,172,44198,10,17.0,0.0,19.3,22
81-769,2025-08-18,1,8,134,116,38605,10,17.5,0.0,16.4,14
81-769,2025-08-19,2,8,164,150,32306,9,18.5,0.0,10.89,11
81-769,2025-08-20,3,8,122,97,30318,10,16.2,0.2083,19.36,14
81-769,2025-08-21,4,8,142,113,32063,10,15.3,0.0,7.2,20
81-769,2025-08-22,5,8,147,120,33075,10,15.1,0.0,22.57,18
81-769,2025-08-23,6,8,90,70,25674,9,13.0,0.4167,19.18,19
81-769,2025-08-24,7,8,130,100,30277,10,14.7,0.4167,26.84,25
81-769,2025-08-25,1,8,56,37,11363,8,14.7,0.5417,21.3,15
81-769,2025-08-26,2,8,100,80,21417,9,13.9,0.3333,8.1,12
81-769,2025-08-27,3,8,118,97,25362,9,15.5,0.0,13.74,14
81-769,2025-08-28,4,8,129,106,24468,10,19.7,0.0417,15.05,20
81-769,2025-08-29,5,8,75,67,15364,11,19.3,0.4583,12.82,19
81-769,2025-08-30,6,8,103,84,24889,10,17.6,0.375,6.05,19
81-769,2025-08-31,7,8,137,130,24456,10,17.8,0.0,6.38,24
81-769,2025-09-01,1,9,97,76,16744,9,17.4,0.0,11.05,6
81-769,2025-09-02,2,9,78,54,10521,7,19.2,0.3333,12.21,6
81-769,2025-09-03,3,9,89,66,12177,7,18.9,0.0,12.06,6
81-769,2025-09-04,4,9,130,101,18078,10,20.1,0.0,16.1,7
81-769,2025-09-05,5,9,121,99,32631,10,20.1,0.3333,15.05,16
81-769,2025-09-06,6,9,124,98,19530,10,17.4,0.3333,15.77,18
81-769,2025-09-07,7,9,112,93,30660,10,17.1,0.0417,11.28,16
81-769,2025-09-08,1,9,100,82,16354,9,18.7,0.0,11.55,10
81-769,2025-09-09,2,9,123,108,15305,10,18.2,0.0,14.87,10
81-769,2025-09-10,3,9,128,102,20887,9,18.4,0.125,19.0,9
81-769,2025-09-11,4,9,89,69,12895,6,18.3,0.4167,20.9,12
81-769,2025-09-12,5,9,141,116,26645,10,17.3,0.1667,15.24,17
81-769,2025-09-13,6,9,138,121,18527,10,15.8,0.1667,13.32,20
81-769,2025-09-14,7,9,84,68,13179,7,15.8,0.375,12.91,20
81-769,2025-09-15,1,9,87,65,10805,5,15.7,0.3333,21.92,10
81-769,2025-09-16,2,9,49,36,6362,5,15.9,0.25,26.45,10
81-769,2025-09-17,3,9,66,51,8980,5,14.5,0.5,28.07,11
81-769,2025-09-18,4,9,74,55,7682,5,15.4,0.0833,24.16,14
81-769,2025-09-19,5,9,86,70,16942,8,18.1,0.25,25.37,28
81-769,2025-09-20,6,9,149,122,26896,9,19.1,0.0,17.3,27
81-769,2025-09-21,7,9,162,134,29977,9,20.6,0.0833,16.98,21
81-769,2025-09-22,1,9,76,69,10224,4,14.1,0.2083,19.9,12
81-769,2025-09-23,2,9,81,66,12024,7,11.9,0.125,14.29,10
81-769,2025-09-24,3,9,67,48,16592,5,11.5,0.0,12.41,10
81-769,2025-09-25,4,9,94,75,12891,5,11.5,0.0417,15.48,14
81-769,2025-09-26,5,9,86,60,11712,8,11.4,0.0,18.61,22
81-769,2025-09-27,6,9,119,97,27674,9,11.3,0.0,14.0,28
81-769,2025-09-28,7,9,94,74,28123,8,12.0,0.0417,15.64,21
81-769,2025-09-30,2,9,51,41,4369,3,9.4,0.5,15.05,11
81-769,2025-10-02,4,10,81,64,4328,4,9.2,0.1667,10.45,16
81-769,2025-10-03,5,10,74,54,3874,3,8.2,0.0,8.8,18
81-769,2025-10-04,6,10,65,47,4658,4,8.2,0.3333,28.75,28
81-769,2025-10-05,7,10,53,35,2411,3,10.8,0.2083,25.32,23
81-769,2025-10-06,1,10,43,35,1665,3,11.2,0.4583,20.53,16
81-769,2025-10-09,4,10,83,55,4391,3,12.4,0.125,17.25,20
81-769,2025-10-10,5,10,80,59,4310,4,12.5,0.5417,27.65,20
81-769,2025-10-11,6,10,106,78,7308,4,13.3,0.1667,26.34,27
81-769,2025-10-12,7,10,64,41,5575,4,12.0,0.0,26.25,21
81-769,2025-10-13,1,10,74,52,3706,3,9.8,0.125,21.36,11
81-769,2025-10-14,2,10,53,39,2068,3,9.3,0.125,12.68,10
81-769,2025-10-15,3,10,46,37,4454,3,10.6,0.125,17.97,11
81-769,2025-10-16,4,10,69,50,3911,4,11.1,0.25,20.62,16
81-769,2025-10-17,5,10,86,62,3513,3,10.6,0.7083,14.12,17
81-769,2025-10-18,6,10,79,56,7797,4,8.4,0.9583,24.88,18
81-769,2025-10-19,7,10,70,56,4026,3,7.1,0.0417,9.19,17
81-769,2025-10-21,2,10,52,40,1905,3,7.8,0.0,27.12,10
81-769,2025-10-22,3,10,46,36,2886,3,10.2,0.4167,18.73,11
81-769,2025-10-24,5,10,59,41,4447,3,11.4,0.7083,17.44,26
81-769,2025-10-25,6,10,78,65,5271,4,8.8,0.0,21.55,28
81-769,2025-10-26,7,10,58,46,5101,3,8.1,0.24,22.15,23
81-769,2025-11-07,5,11,68,52,11942,3,7.8,0.0,18.04,12
81-769,2025-11-08,6,11,61,41,15811,3,6.7,0.0,13.37,16
81-769,2025-11-10,1,11,69,48,20955,3,7.0,0.1667,4.76,11
81-769,2025-11-15,6,11,63,48,13727,3,4.6,0.0417,12.66,19
81-769,2025-11-16,7,11,30,22,6766,3,1.7,0.5833,11.5,19
81-771,2025-01-03,5,1,16,9,4058,3,0.6,0.125,29.54,10
81-771,2025-01-04,6,1,16,11,1721,3,-1.6,0.0417,25.9,10
81-771,2025-01-05,7,1,19,14,2797,4,-0.7,0.0,21.23,13
81-771,2025-01-11,6,1,9,8,766,3,1.5,0.5833,31.73,13
81-771,2025-01-19,7,1,18,13,2643,4,2.1,0.0417,12.4,10
81-771,2025-01-23,4,1,12,10,2161,3,1.0,0.2083,25.6,6
81-771,2025-01-25,6,1,22,14,2016,3,6.6,0.4167,22.62,15
81-771,2025-02-01,6,2,21,15,552,3,2.6,0.0833,19.06,10
81-777,2025-01-01,3,1,140,112,31096,20,5.0,0.7083,38.08,10
81-777,2025-01-02,4,1,111,87,15808,17,2.8,0.625,29.18,10
81-777,2025-01-03,5,1,109,93,14554,17,0.6,0.125,29.54,10
81-777,2025-01-04,6,1,183,150,30801,21,-1.6,0.0417,25.9,10
81-777,2025-01-05,7,1,166,135,26904,17,-0.7,0.0,21.23,13
81-777,2025-01-06,1,1,84,62,7484,10,2.0,0.5417,26.12,11
81-777,2025-01-07,2,1,44,36,3635,11,5.3,0.0,22.29,6
81-777,2025-01-08,3,1,52,42,2997,14,2.3,0.1667,25.3,8
81-777,2025-01-09,4,1,33,29,4061,10,1.0,0.4583,16.98,8
81-777,2025-01-10,5,1,56,48,5149,14,1.5,0.7917,30.61,15
81-777,2025-01-11,6,1,110,87,13378,18,1.5,0.5833,31.73,13
81-777,2025-01-12,7,1,83,69,10027,18,2.4,0.6667,34.2,10
81-777,2025-01-13,1,1,38,33,3442,10,0.4,0.0,21.26,5
81-777,2025-01-14,2,1,33,28,2987,10,0.8,0.1667,30.55,5
81-777,2025-01-15,3,1,42,36,2753,9,3.9,0.0417,13.89,4
81-777,2025-01-16,4,1,62,45,3508,12,2.8,0.0,24.86,9
81-777,2025-01-17,5,1,95,77,9372,16,3.3,0.0,27.23,9
81-777,2025-01-18,6,1,121,94,15095,16,3.3,0.2917,21.86,8
81-777,2025-01-19,7,1,141,112,25273,23,2.1,0.0417,12.4,10
81-777,2025-01-20,1,1,62,48,3633,12,0.6,0.0,12.16,4
81-777,2025-01-21,2,1,46,31,2739,9,0.6,0.0,11.57,4
81-777,2025-01-22,3,1,62,48,5669,16,-0.4,0.0,10.99,4
81-777,2025-01-23,4,1,76,60,8041,13,1.0,0.2083,25.6,6
81-777,2025-01-24,5,1,110,85,12261,16,3.3,0.0,21.68,10
81-777,2025-01-25,6,1,145,119,39359,20,6.6,0.4167,22.62,15
81-777,2025-01-26,7,1,123,109,18636,20,5.6,0.5417,13.4,16
81-777,2025-01-27,1,1,42,37,2987,10,5.9,0.1667,20.66,5
81-777,2025-01-28,2,1,93,80,9005,15,7.0,0.2917,15.92,4
81-777,2025-01-29,3,1,97,81,9517,16,6.7,0.5,20.39,5
81-777,2025-01-30,4,1,95,78,5630,15,6.5,0.375,20.2,10
81-777,2025-01-31,5,1,93,79,10156,18,4.3,0.75,18.38,9
81-777,2025-02-01,6,2,141,121,18489,20,2.6,0.0833,19.06,10
81-777,2025-02-02,7,2,144,117,24563,19,0.8,0.0,13.47,6
81-777,2025-02-03,1,2,73,57,12514,13,1.2,0.0,12.85,2
81-777,2025-02-04,2,2,197,154,23562,40,2.3,0.0,12.61,3
81-777,2025-02-05,3,2,210,158,25698,42,1.8,0.0,14.37,2
81-777,2025-02-06,4,2,239,190,24149,43,3.5,0.0,14.44,8
81-777,2025-02-07,5,2,256,198,56824,51,2.2,0.4583,22.81,9
81-777,2025-02-08,6,2,425,344,65968,60,-0.5,0.0,25.76,13
81-777,2025-02-09,7,2,438,366,59975,61,-1.2,0.0,14.68,5
81-777,2025-02-10,1,2,221,183,27734,41,-2.2,0.0,15.3,3
81-777,2025-02-11,2,2,200,154,25269,38,-4.0,0.0,18.12,2
81-777,2025-02-12,3,2,191,141,28466,44,-3.6,0.0,17.99,4
81-777,2025-02-13,4,2,210,176,24196,44,-1.4,0.0,14.22,10
81-777,2025-02-14,5,2,286,239,54747,63,-0.4,0.0417,21.71,33
81-777,2025-02-15,6,2,411,338,64698,64,-2.0,0.0,18.14,24
81-777,2025-02-16,7,2,362,293,41710,53,-2.7,0.0,15.44,16
81-777,2025-02-17,1,2,160,128,17907,39,-2.7,0.0,23.7,6
81-777,2025-02-18,2,2,164,117,16887,42,-0.6,0.0,15.51,6
81-777,2025-02-19,3,2,184,139,19074,42,-0.4,0.0833,10.62,4
81-777,2025-02-20,4,2,203,170,21352,48,-2.2,0.0,14.49,13
81-777,2025-02-21,5,2,242,177,37777,55,0.0,0.0,26.15,15
81-777,2025-02-22,6,2,425,348,52910,58,2.8,0.0,22.82,14
81-777,2025-02-23,7,2,352,284,42820,53,3.1,0.1667,14.54,7
81-777,2025-02-24,1,2,166,136,13345,36,3.5,0.0417,13.52,6
81-777,2025-02-25,2,2,175,137,18247,37,3.8,0.4167,19.07,6
81-777,2025-02-26,3,2,186,153,19080,46,4.5,0.2083,7.7,5
81-777,2025-02-27,4,2,202,155,21400,42,4.4,0.5833,5.28,10
81-777,2025-02-28,5,2,194,170,36578,53,3.4,0.9167,14.73,10
81-777,2025-03-01,6,3,414,346,59362,60,2.8,0.4583,21.25,17
81-777,2025-03-02,7,3,377,319,46702,56,4.0,0.0,27.35,10
81-777,2025-03-03,1,3,141,117,16308,43,5.4,0.0,34.3,8
81-777,2025-03-04,2,3,171,147,23529,46,6.2,0.0417,36.79,7
81-777,2025-03-05,3,3,118,107,13994,37,8.4,0.0,34.63,8
81-777,2025-03-06,4,3,187,151,25121,46,9.3,0.0,23.4,9
81-777,2025-03-07,5,3,375,307,48597,55,7.6,0.0,9.61,16
81-777,2025-03-08,6,3,658,545,111256,66,7.1,0.0,7.3,19
81-777,2025-03-09,7,3,524,449,75256,58,7.1,0.0,12.52,14
81-777,2025-03-10,1,3,204,164,24925,42,7.8,0.0,11.99,9
81-777,2025-03-11,2,3,155,120,17010,40,3.9,0.0417,13.07,7
81-777,2025-03-12,3,3,185,151,19717,44,4.8,0.3333,7.65,11
81-777,2025-03-13,4,3,165,130,16754,40,3.0,0.7917,20.66,12
81-777,2025-03-14,5,3,294,229,39390,55,2.2,0.0417,10.9,15
81-777,2025-03-15,6,3,501,431,72324,64,1.8,0.0,8.72,17
81-777,2025-03-16,7,3,415,344,76277,57,2.5,0.4583,21.7,12
81-777,2025-03-17,1,3,185,155,19808,37,0.9,0.1667,22.35,9
81-777,2025-03-18,2,3,184,165,16558,46,3.1,0.0,27.48,8
81-777,2025-03-19,3,3,185,157,22260,44,4.2,0.0,19.18,7
81-777,2025-03-20,4,3,242,209,26499,50,5.9,0.0,12.82,10
81-777,2025-03-21,5,3,357,307,54168,56,5.5,0.0,13.41,15
81-777,2025-03-22,6,3,566,475,92406,66,5.9,0.0,24.12,17
81-777,2025-03-23,7,3,509,418,62330,60,7.1,0.0,26.74,14
81-777,2025-03-24,1,3,181,140,26869,41,4.6,0.0,10.43,6
81-777,2025-03-25,2,3,204,165,21858,40,5.9,0.0417,12.19,6
81-777,2025-03-26,3,3,178,148,24149,43,6.4,0.6667,16.0,10
81-777,2025-03-27,4,3,198,168,18991,52,6.4,0.0,8.94,9
81-777,2025-03-28,5,3,346,273,60438,60,7.8,0.0,12.63,14
81-777,2025-03-29,6,3,612,512,97839,65,8.5,0.0,11.46,12
81-777,2025-03-30,7,3,427,357,53483,56,7.0,0.2609,8.61,12
81-777,2025-03-31,1,3,137,118,14456,37,5.3,0.0833,12.4,8
81-777,2025-04-01,2,4,159,128,17246,45,4.9,0.0,14.93,6
81-777,2025-04-02,3,4,171,145,12564,49,6.5,0.0,16.89,5
81-777,2025-04-03,4,4,244,223,26568,54,8.7,0.0,11.85,9
81-777,2025-04-04,5,4,322,289,52628,62,7.7,0.0,17.76,13
81-777,2025-04-05,6,4,301,260,32614,63,2.8,0.2083,29.9,16
81-777,2025-04-06,7,4,250,210,29232,52,2.2,0.125,25.45,12
81-777,2025-04-07,1,4,121,108,16593,38,4.4,0.125,15.09,7
81-777,2025-04-08,2,4,135,119,11959,43,4.2,0.0,18.37,11
81-777,2025-04-09,3,4,151,132,14200,46,5.0,0.375,19.96,11
81-777,2025-04-10,4,4,131,115,13211,44,3.7,0.125,21.52,10
81-777,2025-04-11,5,4,303,258,50376,58,7.0,0.25,20.66,17
81-777,2025-04-12,6,4,478,407,60531,58,7.6,0.0833,15.32,20
81-777,2025-04-13,7,4,563,468,63089,63,10.6,0.0,14.86,22
81-777,2025-04-14,1,4,173,152,16054,43,11.6,0.375,9.4,12
81-777,2025-04-15,2,4,221,198,17724,49,12.8,0.0,17.6,9
81-777,2025-04-16,3,4,218,196,28320,51,13.4,0.4583,13.82,10
81-777,2025-04-17,4,4,327,288,33430,54,15.7,0.0,15.75,13
81-777,2025-04-18,5,4,387,340,51090,59,17.2,0.0833,12.56,11
81-777,2025-04-19,6,4,405,345,61858,55,12.9,0.0417,15.22,14
81-777,2025-04-20,7,4,307,252,35707,40,11.3,0.2083,7.54,16
81-777,2025-04-21,1,4,379,316,47387,46,10.2,0.0,9.88,11
81-777,2025-04-22,2,4,158,132,17965,39,9.9,0.5833,8.46,7
81-777,2025-04-23,3,4,152,121,17388,45,10.2,0.3333,9.28,8
81-777,2025-04-24,4,4,199,171,20959,52,7.4,0.0,16.43,11
81-777,2025-04-25,5,4,271,229,38066,64,5.8,0.0,19.49,14
81-777,2025-04-26,6,4,482,394,70401,66,5.1,0.0,12.01,27
81-777,2025-04-27,7,4,484,399,54200,59,6.3,0.0,9.55,23
81-777,2025-04-28,1,4,221,170,19977,45,9.6,0.0,10.64,11
81-777,2025-04-29,2,4,243,216,26846,53,11.4,0.0,21.16,11
81-777,2025-04-30,3,4,265,214,38161,59,11.4,0.0,20.75,11
81-777,2025-05-01,4,5,752,624,122654,72,10.4,0.0,10.88,25
81-777,2025-05-02,5,5,798,629,132292,73,14.2,0.125,19.39,26
81-777,2025-05-03,6,5,806,637,155254,84,10.3,0.0,16.58,27
81-777,2025-05-04,7,5,397,323,55415,68,8.2,0.6667,19.47,18
81-777,2025-05-05,1,5,192,162,22918,43,6.5,0.0417,17.36,9
81-777,2025-05-06,2,5,237,192,53858,59,7.0,0.125,18.09,8
81-777,2025-05-07,3,5,222,185,31378,58,6.3,0.0,13.97,11
81-777,2025-05-08,4,5,210,170,33556,59,5.7,0.0,12.07,17
81-777,2025-05-09,5,5,347,294,47308,68,7.5,0.4167,8.41,19
81-777,2025-05-10,6,5,497,437,69022,76,7.4,0.2083,17.38,30
81-777,2025-05-11,7,5,526,451,96794,76,6.7,0.1667,14.27,20
81-777,2025-05-12,1,5,229,181,31798,55,7.4,0.0,11.81,11
81-777,2025-05-13,2,5,273,224,41777,55,9.5,0.2083,10.35,6
81-777,2025-05-14,3,5,248,208,34940,60,9.5,0.2917,20.88,9
81-777,2025-05-15,4,5,241,205,29336,53,6.5,0.7083,23.15,9
81-777,2025-05-16,5,5,307,260,47782,68,7.3,0.75,28.19,12
81-777,2025-05-17,6,5,421,368,64159,67,7.2,0.875,25.75,23
81-777,2025-05-18,7,5,528,442,73994,73,8.8,0.3333,13.64,15
81-777,2025-05-19,1,5,194,160,24987,47,9.2,0.25,12.4,10
81-777,2025-05-20,2,5,281,232,34356,57,13.1,0.0,21.12,9
81-777,2025-05-21,3,5,322,253,36716,57,13.5,0.125,13.83,11
81-777,2025-05-22,4,5,282,217,32476,60,11.0,0.0,10.23,16
81-777,2025-05-23,5,5,427,357,67381,72,9.5,0.2917,12.54,18
81-777,2025-05-24,6,5,643,535,102861,73,9.6,0.375,6.79,19
81-777,2025-05-25,7,5,768,633,103761,78,13.0,0.0,17.33,23
81-777,2025-05-26,1,5,287,252,38319,56,13.1,0.4167,14.2,12
81-777,2025-05-27,2,5,311,253,43498,60,13.8,0.2083,8.5,11
81-777,2025-05-28,3,5,282,228,35997,62,15.1,0.4167,12.57,13
81-777,2025-05-29,4,5,372,310,51472,69,12.8,0.25,23.85,15
81-777,2025-05-30,5,5,416,349,58839,70,13.6,0.0833,18.13,19
81-777,2025-05-31,6,5,749,643,135396,81,14.9,0.0,20.03,32
81-777,2025-06-01,7,6,632,539,127705,74,15.0,0.2083,11.03,27
81-777,2025-06-02,1,6,278,220,29560,59,15.5,0.25,17.45,9
81-777,2025-06-03,2,6,283,237,55631,59,14.4,0.25,9.13,9
81-777,2025-06-04,3,6,265,223,35517,64,17.5,0.2917,18.98,7
81-777,2025-06-05,4,6,277,222,28849,62,15.8,0.5417,10.15,9
81-777,2025-06-06,5,6,414,349,67831,64,16.5,0.2917,17.23,10
81-777,2025-06-07,6,6,624,529,147092,72,16.1,0.4167,13.59,18
81-777,2025-06-08,7,6,550,466,94778,73,15.7,0.4583,18.7,20
81-777,2025-06-09,1,6,251,196,42407,55,13.0,0.2917,31.8,11
81-777,2025-06-10,2,6,265,217,43092,56,13.2,0.5,19.31,8
81-777,2025-06-11,3,6,317,268,42762,68,13.8,0.5417,20.57,9
81-777,2025-06-12,4,6,375,307,53194,69,13.0,0.0,20.15,13
81-777,2025-06-13,5,6,481,405,75254,72,13.0,0.0,15.98,21
81-777,2025-06-14,6,6,866,739,138016,80,13.5,0.0,10.62,26
81-777,2025-06-15,7,6,964,847,174870,81,17.2,0.0,9.54,24
81-777,2025-06-16,1,6,294,248,48816,55,16.2,0.25,21.5,14
81-777,2025-06-17,2,6,352,287,42284,58,16.3,0.0,27.18,11
81-777,2025-06-18,3,6,328,272,40623,62,17.1,0.0,26.55,14
81-777,2025-06-19,4,6,713,590,111259,85,15.0,0.0417,29.97,14
81-777,2025-06-20,5,6,824,685,133386,83,15.1,0.0,19.88,23
81-777,2025-06-21,6,6,926,785,157407,88,16.8,0.0,22.47,25
81-777,2025-06-22,7,6,716,622,111766,80,16.0,0.0,15.47,22
81-777,2025-06-23,1,6,372,315,52532,62,17.7,0.2917,20.42,13
81-777,2025-06-24,2,6,302,260,39033,63,15.0,0.5,31.97,12
81-777,2025-06-25,3,6,344,298,48827,63,16.0,0.625,28.26,13
81-777,2025-06-26,4,6,420,374,59200,73,17.1,0.0,10.79,23
81-777,2025-06-27,5,6,415,356,51322,67,17.2,0.625,27.86,20
81-777,2025-06-28,6,6,746,639,135409,79,17.8,0.0,26.93,29
81-777,2025-06-29,7,6,729,615,105330,82,18.7,0.0,34.63,24
81-777,2025-06-30,1,6,416,351,66812,64,16.2,0.0,23.16,20
81-777,2025-07-01,2,7,515,445,73661,71,17.2,0.0,9.85,17
81-777,2025-07-02,3,7,633,551,73511,82,21.4,0.0,8.91,17
81-777,2025-07-03,4,7,630,557,89851,85,19.9,0.0,24.73,21
81-777,2025-07-04,5,7,684,588,111441,86,16.0,0.0,20.5,23
81-777,2025-07-05,6,7,879,778,143143,86,18.0,0.0417,15.43,29
81-777,2025-07-06,7,7,819,704,117098,88,18.8,0.0,8.73,27
81-777,2025-07-07,1,7,328,285,48805,67,18.2,0.4583,6.27,16
81-777,2025-07-08,2,7,395,316,61302,66,16.6,0.3333,9.73,14
81-777,2025-07-09,3,7,389,317,65850,71,15.9,0.5,16.48,16
81-777,2025-07-10,4,7,561,473,86741,78,16.8,0.0833,25.15,18
81-777,2025-07-11,5,7,459,381,73248,77,15.6,0.8333,24.64,20
81-777,2025-07-12,6,7,669,560,103050,79,16.4,0.625,16.75,27
81-777,2025-07-13,7,7,673,570,106224,81,18.5,0.375,15.05,25
81-777,2025-07-14,1,7,438,355,72778,67,18.4,0.4167,6.58,18
81-777,2025-07-15,2,7,478,396,68896,67,17.9,0.375,9.8,15
81-777,2025-07-16,3,7,434,342,59118,71,17.1,0.9583,13.73,18
81-777,2025-07-17,4,7,669,527,101715,76,17.6,0.6667,9.88,24
81-777,2025-07-18,5,7,643,518,110538,84,18.2,0.0833,6.94,26
81-777,2025-07-19,6,7,852,712,146967,82,19.5,0.2083,13.94,26
81-777,2025-07-20,7,7,1005,840,145231,77,20.4,0.0,14.11,25
81-777,2025-07-21,1,7,588,500,85532,77,19.8,0.0833,9.04,15
81-777,2025-07-22,2,7,509,421,71318,72,19.9,0.25,15.16,14
81-777,2025-07-23,3,7,576,463,85261,74,18.5,0.2083,11.31,17
81-777,2025-07-24,4,7,610,501,97314,74,18.7,0.6667,10.51,24
81-777,2025-07-25,5,7,675,572,102261,83,19.5,0.3333,5.22,23
81-777,2025-07-26,6,7,832,723,124314,84,19.9,0.25,10.64,28
81-777,2025-07-27,7,7,812,667,120272,79,19.0,0.0833,7.23,26
81-777,2025-07-28,1,7,296,232,43646,56,18.6,0.9167,24.86,15
81-777,2025-07-29,2,7,569,467,78584,73,18.5,0.4167,25.36,15
81-777,2025-07-30,3,7,583,485,108990,73,17.1,0.3333,9.06,17
81-777,2025-07-31,4,7,525,446,63227,69,17.6,0.25,8.3,22
81-777,2025-08-01,5,8,618,499,112397,73,17.2,0.4167,11.02,25
81-777,2025-08-02,6,8,731,602,139122,81,18.1,0.3333,11.32,23
81-777,2025-08-03,7,8,597,492,117324,75,17.7,0.5417,7.62,24
81-777,2025-08-04,1,8,485,401,80310,69,17.6,0.25,16.48,15
81-777,2025-08-05,2,8,415,323,81127,72,17.5,0.4583,19.57,11
81-777,2025-08-06,3,8,587,479,94281,74,15.9,0.25,27.06,18
81-777,2025-08-07,4,8,575,491,107872,79,17.5,0.0,15.25,21
81-777,2025-08-08,5,8,726,610,116480,81,18.6,0.1667,11.39,24
81-777,2025-08-09,6,8,962,808,171006,82,19.1,0.0,8.97,23
81-777,2025-08-10,7,8,789,666,152144,82,18.4,0.5,17.35,25
81-777,2025-08-11,1,8,565,485,89588,73,17.4,0.0,16.7,13
81-777,2025-08-12,2,8,613,519,92419,75,17.9,0.0,8.48,9
81-777,2025-08-13,3,8,654,559,108654,82,20.3,0.0,8.47,13
81-777,2025-08-14,4,8,757,650,141468,80,21.2,0.0,11.14,19
81-777,2025-08-15,5,8,1072,894,209460,84,23.3,0.0,15.7,21
81-777,2025-08-16,6,8,991,829,178130,84,19.2,0.125,20.42,18
81-777,2025-08-17,7,8,832,701,153309,82,17.0,0.0,19.3,22
81-777,2025-08-18,1,8,547,455,83582,78,17.5,0.0,16.4,14
81-777,2025-08-19,2,8,643,531,106838,74,18.5,0.0,10.89,11
81-777,2025-08-20,3,8,492,411,83492,69,16.2,0.2083,19.36,14
81-777,2025-08-21,4,8,610,499,112352,82,15.3,0.0,7.2,20
81-777,2025-08-22,5,8,583,471,107704,77,15.1,0.0,22.57,18
81-777,2025-08-23,6,8,604,496,132656,75,13.0,0.4167,19.18,19
81-777,2025-08-24,7,8,614,504,116244,75,14.7,0.4167,26.84,25
81-777,2025-08-25,1,8,283,233,61985,60,14.7,0.5417,21.3,15
81-777,2025-08-26,2,8,366,309,62708,69,13.9,0.3333,8.1,12
81-777,2025-08-27,3,8,477,396,73380,79,15.5,0.0,13.74,14
81-777,2025-08-28,4,8,499,424,79161,69,19.7,0.0417,15.05,20
81-777,2025-08-29,5,8,413,343,64223,65,19.3,0.4583,12.82,19
81-777,2025-08-30,6,8,550,467,107988,73,17.6,0.375,6.05,19
81-777,2025-08-31,7,8,611,519,101176,74,17.8,0.0,6.38,24
81-777,2025-09-01,1,9,293,239,27372,56,17.4,0.0,11.05,6
81-777,2025-09-02,2,9,282,235,27802,56,19.2,0.3333,12.21,6
81-777,2025-09-03,3,9,345,282,30812,64,18.9,0.0,12.06,6
81-777,2025-09-04,4,9,459,392,43887,66,20.1,0.0,16.1,7
81-777,2025-09-05,5,9,466,414,56057,69,20.1,0.3333,15.05,16
81-777,2025-09-06,6,9,536,460,59317,70,17.4,0.3333,15.77,18
81-777,2025-09-07,7,9,551,476,70051,72,17.1,0.0417,11.28,16
81-777,2025-09-08,1,9,316,270,28375,55,18.7,0.0,11.55,10
81-777,2025-09-09,2,9,363,308,29077,55,18.2,0.0,14.87,10
81-777,2025-09-10,3,9,337,284,28912,62,18.4,0.125,19.0,9
81-777,2025-09-11,4,9,268,222,27325,56,18.3,0.4167,20.9,12
81-777,2025-09-12,5,9,471,412,53143,67,17.3,0.1667,15.24,17
81-777,2025-09-13,6,9,492,433,66964,70,15.8,0.1667,13.32,20
81-777,2025-09-14,7,9,420,360,44492,67,15.8,0.375,12.91,20
81-777,2025-09-15,1,9,264,222,32972,57,15.7,0.3333,21.92,10
81-777,2025-09-16,2,9,270,225,25924,58,15.9,0.25,26.45,10
81-777,2025-09-17,3,9,220,191,16528,54,14.5,0.5,28.07,11
81-777,2025-09-18,4,9,250,207,25526,59,15.4,0.0833,24.16,14
81-777,2025-09-19,5,9,383,319,35838,64,18.1,0.25,25.37,28
81-777,2025-09-20,6,9,799,697,109824,72,19.1,0.0,17.3,27
81-777,2025-09-21,7,9,739,640,82166,71,20.6,0.0833,16.98,21
81-777,2025-09-22,1,9,180,153,16845,42,14.1,0.2083,19.9,12
81-777,2025-09-23,2,9,172,143,18067,47,11.9,0.125,14.29,10
81-777,2025-09-24,3,9,254,220,29546,54,11.5,0.0,12.41,10
81-777,2025-09-25,4,9,257,221,30205,60,11.5,0.0417,15.48,14
81-777,2025-09-26,5,9,367,312,41317,69,11.4,0.0,18.61,22
81-777,2025-09-27,6,9,594,509,77187,73,11.3,0.0,14.0,28
81-777,2025-09-28,7,9,542,474,59129,70,12.0,0.0417,15.64,21
81-777,2025-09-29,1,9,189,156,14092,46,9.9,0.125,18.57,12
81-777,2025-09-30,2,9,177,145,17359,50,9.4,0.5,15.05,11
81-777,2025-10-01,3,10,221,202,23266,52,10.3,0.4167,11.69,16
81-777,2025-10-02,4,10,268,241,32095,56,9.2,0.1667,10.45,16
81-777,2025-10-03,5,10,329,295,41476,70,8.2,0.0,8.8,18
81-777,2025-10-04,6,10,417,360,66611,63,8.2,0.3333,28.75,28
81-777,2025-10-05,7,10,391,339,43437,55,10.8,0.2083,25.32,23
81-777,2025-10-06,1,10,132,117,14283,40,11.2,0.4583,20.53,16
81-777,2025-10-07,2,10,191,158,19256,43,12.1,0.0,7.82,14
81-777,2025-10-08,3,10,151,133,19060,44,11.2,0.625,18.82,16
81-777,2025-10-09,4,10,182,156,21159,48,12.4,0.125,17.25,20
81-777,2025-10-10,5,10,283,243,36216,53,12.5,0.5417,27.65,20
81-777,2025-10-11,6,10,510,447,78373,65,13.3,0.1667,26.34,27
81-777,2025-10-12,7,10,506,425,59954,54,12.0,0.0,26.25,21
81-777,2025-10-13,1,10,218,179,20238,45,9.8,0.125,21.36,11
81-777,2025-10-14,2,10,190,158,20353,45,9.3,0.125,12.68,10
81-777,2025-10-15,3,10,194,166,17118,48,10.6,0.125,17.97,11
81-777,2025-10-16,4,10,205,164,28669,52,11.1,0.25,20.62,16
81-777,2025-10-17,5,10,310,270,44129,61,10.6,0.7083,14.12,17
81-777,2025-10-18,6,10,392,337,51789,60,8.4,0.9583,24.88,18
81-777,2025-10-19,7,10,443,383,56688,60,7.1,0.0417,9.19,17
81-777,2025-10-20,1,10,206,170,25988,45,6.3,0.0,22.17,12
81-777,2025-10-21,2,10,171,152,18899,44,7.8,0.0,27.12,10
81-777,2025-10-22,3,10,174,150,23308,48,10.2,0.4167,18.73,11
81-777,2025-10-23,4,10,208,181,43420,52,12.2,0.2083,16.71,18
81-777,2025-10-24,5,10,240,209,50555,63,11.4,0.7083,17.44,26
81-777,2025-10-25,6,10,445,393,66227,61,8.8,0.0,21.55,28
81-777,2025-10-26,7,10,408,353,59789,63,8.1,0.24,22.15,23
81-777,2025-10-27,1,10,125,109,9851,36,7.2,0.5833,23.13,13
81-777,2025-10-28,2,10,138,122,14825,43,8.1,0.625,22.97,10
81-777,2025-10-29,3,10,151,131,13952,44,9.4,0.3333,21.8,14
81-777,2025-10-30,4,10,162,146,16790,38,9.4,0.5833,31.44,18
81-777,2025-10-31,5,10,240,216,32244,59,8.9,0.125,25.31,21
81-777,2025-11-01,6,11,266,246,49608,48,8.4,0.125,18.77,8
81-777,2025-11-02,7,11,301,264,57814,54,10.9,0.5,10.75,11
81-777,2025-11-03,1,11,102,90,15760,37,9.5,0.125,12.03,9
81-777,2025-11-04,2,11,153,135,14436,39,10.0,0.0833,17.48,10
81-777,2025-11-05,3,11,134,105,16627,41,10.1,0.0,18.89,9
81-777,2025-11-06,4,11,172,141,17296,40,9.1,0.0,14.26,12
81-777,2025-11-07,5,11,215,179,27844,49,7.8,0.0,18.04,12
81-777,2025-11-08,6,11,526,437,82882,63,6.7,0.0,13.37,16
81-777,2025-11-09,7,11,555,471,93211,59,4.9,0.0,7.6,18
81-777,2025-11-10,1,11,451,376,70820,61,7.0,0.1667,4.76,11
81-777,2025-11-11,2,11,331,275,52154,52,7.5,0.0,9.77,16
81-777,2025-11-12,3,11,149,121,16340,43,8.1,0.0,17.37,8
81-777,2025-11-13,4,11,145,133,16036,45,10.1,0.0,25.32,16
81-777,2025-11-14,5,11,200,178,22477,53,8.9,0.625,15.4,18
81-777,2025-11-15,6,11,437,371,70459,65,4.6,0.0417,12.66,19
81-777,2025-11-16,7,11,284,250,35929,58,1.7,0.5833,11.5,19
81-777,2025-11-17,1,11,125,108,14746,37,3.8,0.25,20.39,13
81-777,2025-11-18,2,11,128,107,13444,40,2.9,0.4167,23.03,11
81-777,2025-11-19,3,11,148,128,14635,43,3.4,0.3333,24.47,11
81-777,2025-11-20,4,11,157,126,17589,46,1.9,0.1667,22.85,15
81-777,2025-11-21,5,11,184,162,25492,50,2.7,0.4583,27.6,16
81-777,2025-11-22,6,11,318,272,48978,59,0.3,0.0,16.08,15
81-777,2025-11-23,7,11,283,250,38280,58,-2.7,0.0,14.77,16
81-777,2025-11-24,1,11,120,95,13989,34,-1.8,0.0,18.1,10
81-777,2025-11-25,2,11,100,84,11739,30,0.8,0.0,12.56,11
81-777,2025-11-26,3,11,114,94,9505,36,2.7,0.5833,23.79,6
81-777,2025-11-27,4,11,134,121,16160,42,2.8,0.3333,18.23,16
81-777,2025-11-28,5,11,153,126,20525,47,2.7,0.3333,24.82,16
81-777,2025-11-29,6,11,282,250,49775,56,1.5,0.5833,18.95,24
81-777,2025-11-30,7,11,251,208,34618,52,1.0,0.2917,20.09,19
81-777,2025-12-01,1,12,106,85,10933,35,2.5,0.125,15.35,8
81-777,2025-12-02,2,12,125,112,14301,37,1.5,0.3333,20.3,9
81-777,2025-12-03,3,12,146,127,18074,42,3.0,0.5,16.69,8
81-777,2025-12-04,4,12,167,153,23143,46,3.5,0.0,15.05,15
81-777,2025-12-05,5,12,254,230,31392,52,4.8,0.1667,16.76,10
81-777,2025-12-06,6,12,387,342,82643,67,5.5,0.5,14.37,27
81-777,2025-12-07,7,12,365,318,61922,63,5.6,0.1667,17.28,19
81-777,2025-12-08,1,12,145,129,19105,38,7.0,0.25,23.16,8
81-777,2025-12-09,2,12,144,130,34011,36,9.3,0.5417,17.85,7
81-777,2025-12-10,3,12,162,140,21823,44,10.0,0.4583,17.78,9
81-777,2025-12-11,4,12,193,181,23205,53,9.1,0.2083,28.51,13
81-777,2025-12-12,5,12,258,221,35749,57,7.8,0.125,19.04,16
81-777,2025-12-13,6,12,416,378,75091,68,5.9,0.625,15.76,20
81-777,2025-12-14,7,12,338,290,56241,60,6.3,0.0,24.38,15
81-777,2025-12-15,1,12,141,129,19568,51,4.3,0.0,20.32,11
81-777,2025-12-16,2,12,167,152,26760,47,2.6,0.0,15.8,8
81-777,2025-12-17,3,12,132,120,26628,43,0.7,0.0,11.44,11
81-777,2025-12-18,4,12,138,127,41781,48,3.0,0.0,16.54,17
81-777,2025-12-19,5,12,228,203,37878,52,5.0,0.0833,22.26,14
81-777,2025-12-20,6,12,300,273,68162,66,6.4,0.2917,15.78,19
81-777,2025-12-21,7,12,292,260,48098,67,4.9,0.0,11.45,15
81-777,2025-12-22,1,12,120,108,19892,43,4.4,0.0,5.3,10
81-777,2025-12-23,2,12,147,137,35868,42,1.7,0.5,15.15,7
81-777,2025-12-24,3,12,71,65,17095,21,-4.0,0.0,15.47,14
81-777,2025-12-25,4,12,136,126,22761,30,-4.5,0.0,13.7,13
81-777,2025-12-26,5,12,264,244,74515,52,3.9,0.0,19.82,12
81-777,2025-12-27,6,12,300,254,63929,60,4.6,0.0,31.73,10
81-777,2025-12-28,7,12,337,307,60395,66,3.3,0.0,33.34,10
81-777,2025-12-29,1,12,309,266,53540,56,2.7,0.25,27.95,8
81-777,2025-12-30,2,12,257,217,43956,67,0.3,0.5417,40.29,9
81-777,2025-12-31,3,12,286,239,80522,61,-1.2,0.0833,15.6,39
81-777,2026-01-01,4,1,292,259,69512,65,0.4,0.4167,29.05,10
81-777,2026-01-02,5,1,345,298,74724,70,1.7,0.1667,30.33,12
81-777,2026-01-03,6,1,362,322,74337,69,-0.7,0.0,30.02,15
81-777,2026-01-04,7,1,329,286,59209,63,-2.6,0.0,28.73,12
81-777,2026-01-05,1,1,218,184,37173,58,-2.9,0.0,20.56,10
81-777,2026-01-06,2,1,250,212,39701,53,-4.4,0.0,15.54,12
81-777,2026-01-07,3,1,144,122,14504,38,-5.4,0.0,15.11,8
81-777,2026-01-08,4,1,141,117,15748,49,-7.1,0.0,12.27,8
81-777,2026-01-09,5,1,172,146,23388,51,-4.9,0.0,21.63,13
81-777,2026-01-10,6,1,253,222,31767,59,-1.1,0.0417,30.46,18
81-777,2026-01-11,7,1,215,197,28553,54,-0.2,0.1667,25.4,12
81-777,2026-01-12,1,1,116,108,10060,32,-1.7,0.0,10.72,5
81-777,2026-01-13,2,1,112,96,8862,39,-4.3,0.0,19.1,5
81-777,2026-01-14,3,1,109,100,14807,35,-1.2,0.6667,28.45,6
81-777,2026-01-15,4,1,142,130,16090,46,1.2,0.0,16.61,9
81-777,2026-01-16,5,1,154,133,18281,53,-0.6,0.0,28.07,13
81-777,2026-01-17,6,1,281,250,49585,63,-3.6,0.0,21.84,17
81-777,2026-01-18,7,1,315,285,54439,58,-7.8,0.0,24.57,9
81-777,2026-01-19,1,1,165,146,27399,55,-8.2,0.0,24.4,5
81-777,2026-01-20,2,1,142,120,16142,41,-6.1,0.0,18.38,8
81-777,2026-01-21,3,1,178,145,20548,46,-8.3,0.0,8.17,10
81-777,2026-01-22,4,1,171,149,22136,51,-7.4,0.0,19.07,10
81-777,2026-01-23,5,1,203,171,29209,54,-7.5,0.0,23.92,9
81-777,2026-01-24,6,1,276,234,49501,61,-5.8,0.0,23.05,14
81-777,2026-01-25,7,1,209,179,35431,54,-5.2,0.0,18.12,17
81-777,2026-01-26,1,1,107,98,17357,36,-2.1,0.4583,18.32,9
81-777,2026-01-27,2,1,130,107,18341,42,-0.8,0.0,12.86,11
81-777,2026-01-28,3,1,151,125,28252,52,-1.8,0.0,16.3,9
81-777,2026-01-29,4,1,170,139,30707,50,-5.6,0.0,22.5,11
81-777,2026-01-30,5,1,207,174,36894,60,-7.5,0.0,25.67,16
81-777,2026-01-31,6,1,321,287,52140,70,-9.8,0.0,28.46,14
81-777,2026-02-01,7,2,287,238,52461,61,-12.0,0.0,21.24,13
81-777,2026-02-02,1,2,124,112,24807,47,-12.8,0.0,21.33,6
81-777,2026-02-03,2,2,158,134,20066,44,-9.5,0.0,19.37,7
81-777,2026-02-04,3,2,148,130,31839,49,-8.8,0.0,26.27,9
81-777,2026-02-05,4,2,137,121,18686,51,-4.8,0.25,22.91,9
81-777,2026-02-06,5,2,196,171,38212,59,-1.2,0.375,21.09,8
81-777,2026-02-07,6,2,406,360,65809,71,-1.3,0.0833,16.27,16
81-777,2026-02-08,7,2,325,287,55237,71,-2.8,0.0,23.63,13
81-777,2026-02-09,1,2,189,165,26921,55,-7.2,0.0,20.61,5
81-777,2026-02-10,2,2,182,165,24087,56,-6.4,0.0,13.8,6
81-777,2026-02-11,3,2,220,191,35133,60,-1.1,0.0417,11.35,7
81-777,2026-02-12,4,2,174,160,28415,54,0.5,0.2083,17.57,11
81-777,2026-02-13,5,2,230,206,42232,66,-0.2,0.3333,25.28,19
81-777,2026-02-14,6,2,482,435,125609,81,-2.9,0.0,20.42,47
81-777,2026-02-15,7,2,407,352,83181,74,-6.2,0.0,12.13,25
81-777,2026-02-16,1,2,166,140,25924,46,-10.6,0.0,22.93,10
81-777,2026-02-17,2,2,173,145,32289,51,-8.5,0.0,18.66,12
81-777,2026-02-18,3,2,198,168,40227,53,-5.6,0.0,16.97,8
81-777,2026-02-19,4,2,172,143,34239,47,-4.4,0.0,15.46,10
81-777,2026-02-20,5,2,229,192,41172,59,-4.3,0.0,17.12,13
81-777,2026-02-21,6,2,362,307,67812,61,-1.3,0.2083,31.11,14
81-777,2026-02-22,7,2,341,296,61005,63,1.8,0.375,20.38,16
81-777,2026-02-23,1,2,193,157,23421,41,2.9,0.5417,21.6,8
81-777,2026-02-24,2,2,199,169,33439,52,1.8,0.1667,17.68,6
81-777,2026-02-25,3,2,233,195,31775,50,-0.0,0.0417,12.39,11
81-777,2026-02-26,4,2,254,206,39464,52,1.3,0.0,26.91,12
81-777,2026-02-27,5,2,313,259,57086,57,4.8,0.0,19.09,16
81-777,2026-02-28,6,2,615,533,127623,74,5.7,0.0,15.53,25
81-777,2026-03-01,7,3,444,364,72401,66,4.0,0.0,19.58,18
81-777,2026-03-02,1,3,173,152,17565,41,3.9,0.0,12.2,7
81-777,2026-03-03,2,3,174,139,22130,46,5.6,0.0,11.77,9
81-777,2026-03-04,3,3,192,164,20272,40,3.2,0.0,21.17,7
81-777,2026-03-05,4,3,196,166,39316,44,3.1,0.0,16.44,8
81-777,2026-03-06,5,3,305,250,44059,66,3.6,0.0,9.07,7
81-777,2026-03-07,6,3,528,444,90406,71,5.2,0.0,9.24,22
81-777,2026-03-08,7,3,525,440,84385,73,6.2,0.0,10.46,17
81-777,2026-03-09,1,3,267,219,41795,51,7.0,0.0,16.38,6
81-777,2026-03-10,2,3,240,185,27789,52,6.9,0.0,16.69,6
81-777,2026-03-11,3,3,260,196,28311,46,8.3,0.0,16.46,8
81-777,2026-03-12,4,3,189,163,27482,49,7.1,0.1667,15.42,6
81-777,2026-03-13,5,3,358,305,61742,60,8.0,0.0,26.24,8
81-777,2026-03-14,6,3,512,457,95657,73,9.7,0.0,22.16,16
81-777,2026-03-15,7,3,336,278,54094,58,5.5,0.375,14.25,17
81-777,2026-03-16,1,3,149,121,23063,39,3.9,0.6667,10.98,10
81-777,2026-03-17,2,3,182,159,18931,45,4.1,0.1667,7.7,14
81-777,2026-03-18,3,3,214,174,23135,45,3.0,0.0,4.47,10
81-777,2026-03-19,4,3,202,173,21706,48,5.2,0.0833,8.55,13
81-777,2026-03-20,5,3,258,200,46624,60,4.2,0.1667,9.82,10
81-777,2026-03-21,6,3,530,460,90370,72,3.6,0.0,9.64,19
81-777,2026-03-22,7,3,459,385,70014,66,4.8,0.0,9.96,14
81-777,2026-03-23,1,3,169,138,17795,38,7.4,0.0417,8.07,8
81-777,2026-03-24,2,3,194,156,18627,40,8.3,0.0,16.51,9
81-777,2026-03-25,3,3,166,138,16965,38,9.2,0.125,25.86,15
81-777,2026-03-26,4,3,176,136,25643,40,4.4,0.0,17.67,15
81-777,2026-03-27,5,3,290,239,47435,47,3.3,0.0,10.9,13
81-777,2026-03-28,6,3,422,351,73670,57,3.7,0.0,9.13,16
81-777,2026-03-29,7,3,281,245,42313,51,4.6,0.4348,9.68,14
81-777,2026-03-30,1,3,160,134,32358,35,4.8,0.0,14.94,8
81-777,2026-03-31,2,3,180,165,22997,45,4.1,0.0,12.16,7
81-777,2026-04-01,3,4,193,173,24012,47,3.3,0.0,6.46,5
81-777,2026-04-02,4,4,314,279,55158,57,3.8,0.0,6.23,7
81-777,2026-04-03,5,4,303,260,71695,59,4.7,0.0833,16.38,7
81-777,2026-04-04,6,4,382,335,80599,61,5.9,0.125,28.4,10
81-777,2026-04-05,7,4,248,229,80791,49,7.8,0.1667,23.7,16
81-777,2026-04-06,1,4,289,234,73847,50,6.4,0.3333,40.19,11
81-777,2026-04-07,2,4,209,168,34445,49,5.5,0.0,29.64,7
81-777,2026-04-08,3,4,181,151,27383,46,3.6,0.0417,23.44,5
81-777,2026-04-09,4,4,226,196,32226,54,2.7,0.0,19.93,5
81-777,2026-04-10,5,4,377,333,61461,65,3.1,0.0,12.58,7
81-777,2026-04-11,6,4,612,541,117087,79,3.6,0.0,9.65,10
81-777,2026-04-12,7,4,544,463,91247,70,6.1,0.0,11.89,16
81-777,2026-04-13,1,4,233,200,25783,46,7.4,0.0,19.43,5
81-777,2026-04-14,2,4,219,193,36211,51,8.6,0.125,22.32,4
81-777,2026-04-15,3,4,250,211,39387,50,7.6,0.1667,9.91,10
81-777,2026-04-16,4,4,280,248,39014,56,5.7,0.0833,8.31,9
81-777,2026-04-17,5,4,376,319,61363,65,5.8,0.0,15.63,12
81-777,2026-04-18,6,4,669,564,132353,81,7.5,0.0,9.67,24
81-777,2026-04-19,7,4,507,439,85240,70,8.0,0.0,12.48,20
81-777,2026-04-20,1,4,226,192,24142,43,6.5,0.0,28.4,9
81-777,2026-04-21,2,4,258,205,29663,49,5.9,0.0,17.64,7
81-777,2026-04-22,3,4,310,254,46841,54,7.9,0.0,18.1,9
81-777,2026-04-23,4,4,273,226,35621,59,8.0,0.0,16.69,12
81-777,2026-04-24,5,4,439,391,75362,69,8.5,0.0,12.59,12
81-777,2026-04-25,6,4,491,418,101579,74,7.9,0.1667,29.41,20
81-777,2026-04-26,7,4,460,398,98796,76,5.5,0.0833,26.66,18
81-777,2026-04-27,1,4,279,228,43235,55,5.8,0.0,17.24,9
81-777,2026-04-28,2,4,216,183,24064,51,4.8,0.0417,13.46,12
81-777,2026-04-29,3,4,264,224,53635,52,4.5,0.1667,14.75,10
81-777,2026-04-30,4,4,370,313,64473,75,7.4,0.0,11.75,15
81-777,2026-05-01,5,5,846,739,154871,86,11.2,0.0,9.33,19
81-777,2026-05-02,6,5,1031,903,206243,85,14.3,0.0,9.72,28
81-777,2026-05-03,7,5,857,757,143858,84,16.7,0.0,15.72,13
81-777,2026-05-04,1,5,307,272,38205,56,14.4,0.1667,17.22,9
81-777,2026-05-05,2,5,212,186,24624,50,9.7,0.25,10.1,12
81-777,2026-05-06,3,5,209,161,32959,47,6.8,0.5833,23.37,13
81-777,2026-05-07,4,5,250,213,32504,52,6.8,0.0,20.19,14
81-777,2026-05-08,5,5,380,313,61953,64,8.3,0.2083,18.12,12
81-777,2026-05-09,6,5,690,600,104004,88,9.2,0.0,9.68,17
81-777,2026-05-10,7,5,730,629,147702,81,10.6,0.0,9.54,15
81-777,2026-05-11,1,5,316,273,46043,59,13.2,0.1667,18.23,13
81-777,2026-05-12,2,5,273,235,33084,57,9.8,0.0417,22.82,13
81-777,2026-05-13,3,5,311,260,37512,56,8.3,0.5833,15.08,11
81-777,2026-05-14,4,5,307,269,45082,59,9.2,0.5,17.87,12
81-777,2026-05-15,5,5,329,290,53980,67,9.4,0.6667,9.9,19
81-777,2026-05-16,6,5,673,598,123368,77,9.3,0.0833,8.03,24
81-777,2026-05-17,7,5,713,644,119049,94,9.7,0.1667,7.34,19
81-777,2026-05-18,1,5,306,269,34241,59,9.6,0.1667,15.33,12
81-777,2026-05-19,2,5,311,264,40800,64,10.7,0.0417,9.61,15
81-777,2026-05-20,3,5,404,353,78183,72,11.8,0.0,8.09,20
81-777,2026-05-21,4,5,373,329,67382,71,13.7,0.25,13.62,20
81-777,2026-05-22,5,5,638,544,124104,85,13.9,0.0,17.48,25
81-777,2026-05-23,6,5,903,802,165067,100,15.4,0.0,9.07,24
81-777,2026-05-24,7,5,839,740,136050,90,16.2,0.0,18.23,24
81-777,2026-05-25,1,5,450,399,56806,69,15.6,0.0,24.45,18
81-777,2026-05-26,2,5,440,381,69277,72,16.8,0.0,28.33,16
81-777,2026-05-27,3,5,364,312,54366,69,14.0,0.0,23.59,20
81-777,2026-05-28,4,5,409,341,69759,71,12.5,0.1667,15.9,22
81-777,2026-05-29,5,5,528,468,128670,82,13.8,0.0,16.55,19
81-777,2026-05-30,6,5,810,721,139956,96,14.9,0.0417,17.99,22
81-777,2026-05-31,7,5,655,569,126032,96,13.7,0.2917,16.2,22
81-777,2026-06-01,1,6,446,406,75551,79,13.2,0.125,8.26,14
81-777,2026-06-02,2,6,456,414,78960,78,14.4,0.0,8.65,13
81-777,2026-06-03,3,6,444,396,70513,82,17.4,0.0,17.55,12
81-777,2026-06-04,4,6,845,740,150017,100,17.7,0.375,12.89,10
81-777,2026-06-05,5,6,483,424,120469,89,15.4,0.7917,9.84,13
81-777,2026-06-06,6,6,895,794,176130,95,15.7,0.3333,9.53,22
81-777,2026-06-07,7,6,596,522,114895,84,16.9,0.2917,10.79,15
81-777,2026-06-08,1,6,358,318,53186,72,15.8,0.25,10.88,12
81-777,2026-06-09,2,6,328,296,47096,75,16.1,0.3333,15.78,10
81-777,2026-06-10,3,6,432,378,61882,84,14.9,0.1667,9.92,10
81-777,2026-06-11,4,6,291,255,58222,71,12.8,0.6667,11.8,15
81-777,2026-06-12,5,6,601,525,99145,89,14.1,0.5,9.8,22
81-777,2026-06-13,6,6,649,590,111337,94,14.5,0.7917,14.42,22
81-777,2026-06-14,7,6,565,509,104001,83,13.1,0.75,23.69,23
81-777,2026-06-15,1,6,219,192,32232,59,13.1,0.8333,24.63,14
81-777,2026-06-16,2,6,358,298,55008,82,14.3,0.4583,24.75,8
81-777,2026-06-17,3,6,515,452,80964,81,14.2,0.0,19.18,12
81-777,2026-06-18,4,6,552,478,91020,86,15.9,0.125,15.41,17
81-777,2026-06-19,5,6,834,744,153567,101,18.6,0.0,8.76,27
81-777,2026-06-20,6,6,1336,1217,245687,110,21.8,0.0,11.72,21
81-777,2026-06-21,7,6,1111,1016,188408,107,21.8,0.1667,8.65,24
81-777,2026-06-22,1,6,640,575,105010,95,18.5,0.0,18.44,14
81-777,2026-06-23,2,6,607,522,106422,98,17.2,0.0,7.98,13
81-777,2026-06-24,3,6,730,661,130252,98,18.4,0.0,10.64,12
81-777,2026-06-25,4,6,746,674,115335,101,21.0,0.0,11.33,18
81-777,2026-06-26,5,6,905,809,162671,101,21.3,0.0,7.9,13
81-777,2026-06-27,6,6,1183,1091,231110,108,25.3,0.0,10.22,20
81-777,2026-06-28,7,6,1115,1014,224168,107,26.6,0.0,8.62,16
81-777,2026-06-29,1,6,757,666,126981,98,23.6,0.0,20.43,13
81-777,2026-06-30,2,6,632,576,108297,94,20.4,0.125,14.47,16
81-805,2025-01-02,4,1,17,17,2348,5,2.8,0.625,29.18,10
81-805,2025-01-03,5,1,26,25,2576,7,0.6,0.125,29.54,10
81-805,2025-01-04,6,1,33,31,2951,6,-1.6,0.0417,25.9,10
81-805,2025-01-05,7,1,28,28,2923,6,-0.7,0.0,21.23,13
81-805,2025-01-06,1,1,14,13,755,6,2.0,0.5417,26.12,11
81-805,2025-01-07,2,1,31,30,1602,6,5.3,0.0,22.29,6
81-805,2025-01-08,3,1,7,7,142,4,2.3,0.1667,25.3,8
81-805,2025-01-09,4,1,9,9,314,4,1.0,0.4583,16.98,8
81-805,2025-01-10,5,1,16,16,1268,5,1.5,0.7917,30.61,15
81-805,2025-01-11,6,1,16,16,1102,6,1.5,0.5833,31.73,13
81-805,2025-01-12,7,1,19,19,1538,6,2.4,0.6667,34.2,10
81-805,2025-01-13,1,1,14,14,497,6,0.4,0.0,21.26,5
81-805,2025-01-14,2,1,18,18,862,5,0.8,0.1667,30.55,5
81-805,2025-01-15,3,1,11,9,647,5,3.9,0.0417,13.89,4
81-805,2025-01-16,4,1,21,20,1021,6,2.8,0.0,24.86,9
81-805,2025-01-17,5,1,14,13,809,6,3.3,0.0,27.23,9
81-805,2025-01-18,6,1,25,23,2343,7,3.3,0.2917,21.86,8
81-805,2025-01-19,7,1,29,29,2996,7,2.1,0.0417,12.4,10
81-805,2025-01-20,1,1,19,19,1030,4,0.6,0.0,12.16,4
81-805,2025-01-21,2,1,31,29,1235,6,0.6,0.0,11.57,4
81-805,2025-01-22,3,1,15,13,1074,4,-0.4,0.0,10.99,4
81-805,2025-01-23,4,1,26,22,1900,7,1.0,0.2083,25.6,6
81-805,2025-01-24,5,1,26,24,2673,7,3.3,0.0,21.68,10
81-805,2025-01-25,6,1,18,17,1596,7,6.6,0.4167,22.62,15
81-805,2025-01-26,7,1,11,9,1234,5,5.6,0.5417,13.4,16
81-805,2025-01-27,1,1,16,16,875,6,5.9,0.1667,20.66,5
81-805,2025-01-28,2,1,27,26,986,6,7.0,0.2917,15.92,4
81-805,2025-01-29,3,1,17,17,527,4,6.7,0.5,20.39,5
81-805,2025-01-30,4,1,24,20,1819,6,6.5,0.375,20.2,10
81-805,2025-01-31,5,1,21,21,1852,5,4.3,0.75,18.38,9
81-805,2025-02-01,6,2,34,30,5118,8,2.6,0.0833,19.06,10
81-805,2025-02-02,7,2,18,17,1413,5,0.8,0.0,13.47,6
81-805,2025-02-03,1,2,12,10,1144,5,1.2,0.0,12.85,2
81-805,2025-02-04,2,2,14,14,794,4,2.3,0.0,12.61,3
81-805,2025-02-06,4,2,15,15,921,4,3.5,0.0,14.44,8
81-805,2025-02-07,5,2,28,28,2681,4,2.2,0.4583,22.81,9
81-805,2025-02-08,6,2,12,12,1022,3,-0.5,0.0,25.76,13
81-805,2025-02-09,7,2,9,9,622,3,-1.2,0.0,14.68,5
81-805,2025-02-10,1,2,18,18,1022,3,-2.2,0.0,15.3,3
81-805,2025-02-11,2,2,10,10,411,3,-4.0,0.0,18.12,2
81-805,2025-02-12,3,2,16,16,1098,3,-3.6,0.0,17.99,4
81-805,2025-02-14,5,2,15,15,1774,3,-0.4,0.0417,21.71,33
81-805,2025-02-15,6,2,17,17,1411,3,-2.0,0.0,18.14,24
81-805,2025-02-16,7,2,17,17,1342,3,-2.7,0.0,15.44,16
81-805,2025-02-18,2,2,13,13,987,3,-0.6,0.0,15.51,6
81-805,2025-02-19,3,2,15,15,1065,3,-0.4,0.0833,10.62,4
81-805,2025-02-20,4,2,13,13,1282,4,-2.2,0.0,14.49,13
81-805,2025-02-21,5,2,9,9,470,3,0.0,0.0,26.15,15
81-805,2025-02-22,6,2,23,23,1784,4,2.8,0.0,22.82,14
81-805,2025-02-23,7,2,16,16,1081,4,3.1,0.1667,14.54,7
81-805,2025-02-24,1,2,17,17,1129,3,3.5,0.0417,13.52,6
81-805,2025-02-25,2,2,19,19,1238,3,3.8,0.4167,19.07,6
81-805,2025-02-26,3,2,11,11,793,3,4.5,0.2083,7.7,5
81-805,2025-02-27,4,2,12,12,1127,4,4.4,0.5833,5.28,10
81-805,2025-02-28,5,2,15,15,2308,3,3.4,0.9167,14.73,10
81-805,2025-03-01,6,3,28,28,1237,3,2.8,0.4583,21.25,17
81-805,2025-03-02,7,3,8,8,1009,4,4.0,0.0,27.35,10
81-805,2025-03-03,1,3,12,12,531,3,5.4,0.0,34.3,8
81-805,2025-03-05,3,3,15,15,426,4,8.4,0.0,34.63,8
81-805,2025-03-06,4,3,22,22,978,4,9.3,0.0,23.4,9
81-805,2025-03-07,5,3,33,33,1538,4,7.6,0.0,9.61,16
81-805,2025-03-08,6,3,26,26,1690,5,7.1,0.0,7.3,19
81-805,2025-03-09,7,3,20,20,1670,4,7.1,0.0,12.52,14
81-805,2025-03-12,3,3,11,11,540,3,4.8,0.3333,7.65,11
81-805,2025-03-13,4,3,12,12,591,3,3.0,0.7917,20.66,12
81-805,2025-03-14,5,3,22,22,1345,4,2.2,0.0417,10.9,15
81-805,2025-03-15,6,3,28,28,2201,4,1.8,0.0,8.72,17
81-805,2025-03-16,7,3,13,13,1248,3,2.5,0.4583,21.7,12
81-805,2025-03-17,1,3,11,11,568,3,0.9,0.1667,22.35,9
81-805,2025-03-19,3,3,12,12,533,3,4.2,0.0,19.18,7
81-805,2025-03-20,4,3,18,18,913,4,5.9,0.0,12.82,10
81-805,2025-03-21,5,3,15,15,643,4,5.5,0.0,13.41,15
81-805,2025-03-22,6,3,31,31,1369,4,5.9,0.0,24.12,17
81-805,2025-03-23,7,3,11,11,673,3,7.1,0.0,26.74,14
81-805,2025-03-24,1,3,14,14,723,3,4.6,0.0,10.43,6
81-805,2025-03-25,2,3,8,8,541,3,5.9,0.0417,12.19,6
81-805,2025-03-26,3,3,16,16,793,4,6.4,0.6667,16.0,10
81-805,2025-03-27,4,3,16,16,1041,4,6.4,0.0,8.94,9
81-805,2025-03-28,5,3,10,10,424,4,7.8,0.0,12.63,14
81-805,2025-03-29,6,3,22,22,924,4,8.5,0.0,11.46,12
81-805,2025-03-30,7,3,12,12,986,4,7.0,0.2609,8.61,12
81-805,2025-03-31,1,3,8,8,608,3,5.3,0.0833,12.4,8
81-805,2025-04-01,2,4,5,5,676,3,4.9,0.0,14.93,6
81-805,2025-04-02,3,4,11,11,897,3,6.5,0.0,16.89,5
81-805,2025-04-03,4,4,15,15,1294,3,8.7,0.0,11.85,9
81-805,2025-04-04,5,4,24,24,1695,3,7.7,0.0,17.76,13
81-805,2025-04-05,6,4,15,15,1674,4,2.8,0.2083,29.9,16
81-805,2025-04-06,7,4,6,6,731,3,2.2,0.125,25.45,12
81-805,2025-04-09,3,4,13,13,937,3,5.0,0.375,19.96,11
81-805,2025-04-10,4,4,18,18,1081,4,3.7,0.125,21.52,10
81-805,2025-04-11,5,4,22,22,1561,4,7.0,0.25,20.66,17
81-805,2025-04-12,6,4,20,20,1885,3,7.6,0.0833,15.32,20
81-805,2025-04-13,7,4,11,11,845,4,10.6,0.0,14.86,22
81-805,2025-04-15,2,4,11,11,577,3,12.8,0.0,17.6,9
81-805,2025-04-16,3,4,17,17,1282,3,13.4,0.4583,13.82,10
81-805,2025-04-17,4,4,16,16,1453,4,15.7,0.0,15.75,13
81-805,2025-04-22,2,4,10,10,1126,3,9.9,0.5833,8.46,7
81-805,2025-04-25,5,4,19,19,2452,3,5.8,0.0,19.49,14
81-805,2025-04-26,6,4,20,20,2325,4,5.1,0.0,12.01,27
81-805,2025-04-27,7,4,16,16,1929,3,6.3,0.0,9.55,23
81-805,2025-04-28,1,4,10,10,782,3,9.6,0.0,10.64,11
81-805,2025-04-30,3,4,23,23,2215,4,11.4,0.0,20.75,11
81-805,2025-05-01,4,5,19,19,2683,4,10.4,0.0,10.88,25
81-805,2025-05-02,5,5,19,19,2895,4,14.2,0.125,19.39,26
81-805,2025-05-03,6,5,35,35,5215,4,10.3,0.0,16.58,27
81-805,2025-05-04,7,5,14,14,1549,4,8.2,0.6667,19.47,18
81-805,2025-05-06,2,5,15,15,1183,4,7.0,0.125,18.09,8
81-805,2025-05-07,3,5,14,14,1104,3,6.3,0.0,13.97,11
81-805,2025-05-08,4,5,12,12,3976,4,5.7,0.0,12.07,17
81-805,2025-05-09,5,5,10,10,2168,3,7.5,0.4167,8.41,19
81-805,2025-05-10,6,5,15,15,8638,3,7.4,0.2083,17.38,30
81-805,2025-05-11,7,5,18,18,2341,5,6.7,0.1667,14.27,20
81-805,2025-05-12,1,5,14,14,1584,3,7.4,0.0,11.81,11
81-805,2025-05-13,2,5,14,14,1237,4,9.5,0.2083,10.35,6
81-805,2025-05-14,3,5,18,18,1591,4,9.5,0.2917,20.88,9
81-805,2025-05-15,4,5,7,7,732,3,6.5,0.7083,23.15,9
81-805,2025-05-16,5,5,9,9,974,3,7.3,0.75,28.19,12
81-805,2025-05-17,6,5,11,11,2179,3,7.2,0.875,25.75,23
81-805,2025-05-18,7,5,17,17,2200,4,8.8,0.3333,13.64,15
81-805,2025-05-20,2,5,7,7,514,3,13.1,0.0,21.12,9
81-805,2025-05-21,3,5,11,11,1158,3,13.5,0.125,13.83,11
81-805,2025-05-22,4,5,11,11,959,3,11.0,0.0,10.23,16
81-805,2025-05-23,5,5,26,26,3257,4,9.5,0.2917,12.54,18
81-805,2025-05-24,6,5,26,26,2452,4,9.6,0.375,6.79,19
81-805,2025-05-25,7,5,15,15,1597,3,13.0,0.0,17.33,23
81-805,2025-05-26,1,5,17,17,1865,4,13.1,0.4167,14.2,12
81-805,2025-05-27,2,5,15,15,1876,4,13.8,0.2083,8.5,11
81-805,2025-05-28,3,5,15,15,1066,4,15.1,0.4167,12.57,13
81-805,2025-05-29,4,5,17,17,1539,4,12.8,0.25,23.85,15
81-805,2025-05-30,5,5,14,14,2060,4,13.6,0.0833,18.13,19
81-805,2025-05-31,6,5,26,26,3066,4,14.9,0.0,20.03,32
81-805,2025-06-01,7,6,16,16,782,4,15.0,0.2083,11.03,27
81-805,2025-06-03,2,6,9,9,376,4,14.4,0.25,9.13,9
81-805,2025-06-04,3,6,15,15,612,4,17.5,0.2917,18.98,7
81-805,2025-06-05,4,6,13,13,484,3,15.8,0.5417,10.15,9
81-805,2025-06-06,5,6,17,17,2867,4,16.5,0.2917,17.23,10
81-805,2025-06-07,6,6,11,11,278,3,16.1,0.4167,13.59,18
81-805,2025-06-08,7,6,10,10,525,4,15.7,0.4583,18.7,20
81-805,2025-06-10,2,6,18,18,613,3,13.2,0.5,19.31,8
81-805,2025-06-11,3,6,23,22,828,5,13.8,0.5417,20.57,9
81-805,2025-06-12,4,6,22,20,856,4,13.0,0.0,20.15,13
81-805,2025-06-13,5,6,51,51,2121,5,13.0,0.0,15.98,21
81-805,2025-06-14,6,6,38,37,2070,5,13.5,0.0,10.62,26
81-805,2025-06-15,7,6,43,42,2173,5,17.2,0.0,9.54,24
81-805,2025-06-16,1,6,24,24,847,4,16.2,0.25,21.5,14
81-805,2025-06-17,2,6,22,22,852,4,16.3,0.0,27.18,11
81-805,2025-06-18,3,6,15,13,591,5,17.1,0.0,26.55,14
81-805,2025-06-19,4,6,23,21,1151,5,15.0,0.0417,29.97,14
81-805,2025-06-20,5,6,51,49,3369,6,15.1,0.0,19.88,23
81-805,2025-06-21,6,6,28,27,1636,5,16.8,0.0,22.47,25
81-805,2025-06-22,7,6,31,29,1585,5,16.0,0.0,15.47,22
81-805,2025-06-23,1,6,24,23,956,4,17.7,0.2917,20.42,13
81-805,2025-06-24,2,6,22,18,954,5,15.0,0.5,31.97,12
81-805,2025-06-25,3,6,16,16,585,4,16.0,0.625,28.26,13
81-805,2025-06-26,4,6,27,26,1199,4,17.1,0.0,10.79,23
81-805,2025-06-27,5,6,24,24,1289,4,17.2,0.625,27.86,20
81-805,2025-06-28,6,6,44,38,2768,6,17.8,0.0,26.93,29
81-805,2025-06-29,7,6,36,32,2009,6,18.7,0.0,34.63,24
81-805,2025-06-30,1,6,15,15,809,4,16.2,0.0,23.16,20
81-805,2025-07-01,2,7,12,12,2314,6,17.2,0.0,9.85,17
81-805,2025-07-02,3,7,24,22,2868,5,21.4,0.0,8.91,17
81-805,2025-07-03,4,7,21,19,4116,4,19.9,0.0,24.73,21
81-805,2025-07-04,5,7,47,41,5659,5,16.0,0.0,20.5,23
81-805,2025-07-05,6,7,58,52,7904,4,18.0,0.0417,15.43,29
81-805,2025-07-06,7,7,50,44,6581,5,18.8,0.0,8.73,27
81-805,2025-07-07,1,7,19,19,2701,3,18.2,0.4583,6.27,16
81-805,2025-07-08,2,7,25,24,5236,4,16.6,0.3333,9.73,14
81-805,2025-07-09,3,7,38,37,4687,5,15.9,0.5,16.48,16
81-805,2025-07-10,4,7,24,24,5110,5,16.8,0.0833,25.15,18
81-805,2025-07-11,5,7,27,27,3606,4,15.6,0.8333,24.64,20
81-805,2025-07-12,6,7,50,49,7311,6,16.4,0.625,16.75,27
81-805,2025-07-13,7,7,31,28,3384,4,18.5,0.375,15.05,25
81-805,2025-07-14,1,7,31,30,4780,4,18.4,0.4167,6.58,18
81-805,2025-07-15,2,7,38,37,7544,6,17.9,0.375,9.8,15
81-805,2025-07-16,3,7,30,29,5666,4,17.1,0.9583,13.73,18
81-805,2025-07-17,4,7,45,39,4828,5,17.6,0.6667,9.88,24
81-805,2025-07-18,5,7,52,51,8925,6,18.2,0.0833,6.94,26
81-805,2025-07-19,6,7,46,41,5568,5,19.5,0.2083,13.94,26
81-805,2025-07-20,7,7,48,42,7541,6,20.4,0.0,14.11,25
81-805,2025-07-21,1,7,35,34,5075,4,19.8,0.0833,9.04,15
81-805,2025-07-22,2,7,24,23,2707,3,19.9,0.25,15.16,14
81-805,2025-07-23,3,7,45,41,7481,4,18.5,0.2083,11.31,17
81-805,2025-07-24,4,7,44,42,5660,3,18.7,0.6667,10.51,24
81-805,2025-07-25,5,7,29,28,5378,5,19.5,0.3333,5.22,23
81-805,2025-07-26,6,7,31,29,7408,7,19.9,0.25,10.64,28
81-805,2025-07-27,7,7,36,33,4735,5,19.0,0.0833,7.23,26
81-805,2025-07-28,1,7,20,17,2816,3,18.6,0.9167,24.86,15
81-805,2025-07-29,2,7,26,26,5205,5,18.5,0.4167,25.36,15
81-805,2025-07-30,3,7,27,27,5883,5,17.1,0.3333,9.06,17
81-805,2025-07-31,4,7,25,24,3819,5,17.6,0.25,8.3,22
81-805,2025-08-01,5,8,32,30,4205,5,17.2,0.4167,11.02,25
81-805,2025-08-02,6,8,45,39,3970,4,18.1,0.3333,11.32,23
81-805,2025-08-03,7,8,43,42,3089,4,17.7,0.5417,7.62,24
81-805,2025-08-04,1,8,33,28,2084,3,17.6,0.25,16.48,15
81-805,2025-08-05,2,8,27,26,2711,5,17.5,0.4583,19.57,11
81-805,2025-08-06,3,8,34,33,2610,4,15.9,0.25,27.06,18
81-805,2025-08-07,4,8,35,33,2072,5,17.5,0.0,15.25,21
81-805,2025-08-08,5,8,31,29,3400,5,18.6,0.1667,11.39,24
81-805,2025-08-09,6,8,36,34,4003,5,19.1,0.0,8.97,23
81-805,2025-08-10,7,8,34,29,9035,5,18.4,0.5,17.35,25
81-805,2025-08-11,1,8,17,16,1383,3,17.4,0.0,16.7,13
81-805,2025-08-12,2,8,30,30,3169,5,17.9,0.0,8.48,9
81-805,2025-08-13,3,8,34,30,2876,4,20.3,0.0,8.47,13
81-805,2025-08-14,4,8,27,25,2199,5,21.2,0.0,11.14,19
81-805,2025-08-15,5,8,53,51,7121,5,23.3,0.0,15.7,21
81-805,2025-08-16,6,8,49,47,3900,6,19.2,0.125,20.42,18
81-805,2025-08-17,7,8,44,42,3246,4,17.0,0.0,19.3,22
81-805,2025-08-18,1,8,32,29,2682,4,17.5,0.0,16.4,14
81-805,2025-08-19,2,8,32,28,1823,4,18.5,0.0,10.89,11
81-805,2025-08-20,3,8,27,26,1949,3,16.2,0.2083,19.36,14
81-805,2025-08-21,4,8,32,29,2382,6,15.3,0.0,7.2,20
81-805,2025-08-22,5,8,31,30,2253,4,15.1,0.0,22.57,18
81-805,2025-08-23,6,8,45,42,4547,5,13.0,0.4167,19.18,19
81-805,2025-08-24,7,8,30,27,2219,5,14.7,0.4167,26.84,25
81-805,2025-08-25,1,8,23,22,1891,3,14.7,0.5417,21.3,15
81-805,2025-08-26,2,8,28,27,2726,5,13.9,0.3333,8.1,12
81-805,2025-08-27,3,8,21,21,1696,5,15.5,0.0,13.74,14
81-805,2025-08-28,4,8,20,20,1508,4,19.7,0.0417,15.05,20
81-805,2025-08-29,5,8,18,17,1599,5,19.3,0.4583,12.82,19
81-805,2025-08-30,6,8,31,30,2727,4,17.6,0.375,6.05,19
81-805,2025-08-31,7,8,32,32,2629,5,17.8,0.0,6.38,24
81-805,2025-09-02,2,9,10,10,1087,4,19.2,0.3333,12.21,6
81-805,2025-09-03,3,9,15,14,8307,6,18.9,0.0,12.06,6
81-805,2025-09-04,4,9,25,23,3078,4,20.1,0.0,16.1,7
81-805,2025-09-05,5,9,28,28,3407,5,20.1,0.3333,15.05,16
81-805,2025-09-06,6,9,22,21,4227,5,17.4,0.3333,15.77,18
81-805,2025-09-07,7,9,32,27,3871,5,17.1,0.0417,11.28,16
81-805,2025-09-08,1,9,19,17,1803,4,18.7,0.0,11.55,10
81-805,2025-09-09,2,9,13,12,1259,3,18.2,0.0,14.87,10
81-805,2025-09-10,3,9,22,18,3409,5,18.4,0.125,19.0,9
81-805,2025-09-11,4,9,18,16,1412,3,18.3,0.4167,20.9,12
81-805,2025-09-12,5,9,27,25,3426,5,17.3,0.1667,15.24,17
81-805,2025-09-13,6,9,27,26,4781,6,15.8,0.1667,13.32,20
81-805,2025-09-14,7,9,31,27,4449,5,15.8,0.375,12.91,20
81-805,2025-09-15,1,9,14,12,11104,4,15.7,0.3333,21.92,10
81-805,2025-09-16,2,9,27,25,6150,5,15.9,0.25,26.45,10
81-805,2025-09-17,3,9,15,15,1384,3,14.5,0.5,28.07,11
81-805,2025-09-18,4,9,21,20,2374,5,15.4,0.0833,24.16,14
81-805,2025-09-19,5,9,22,21,3190,4,18.1,0.25,25.37,28
81-805,2025-09-20,6,9,35,33,4201,5,19.1,0.0,17.3,27
81-805,2025-09-21,7,9,36,34,4777,4,20.6,0.0833,16.98,21
81-805,2025-09-22,1,9,11,11,1325,3,14.1,0.2083,19.9,12
81-805,2025-09-23,2,9,13,13,960,5,11.9,0.125,14.29,10
81-805,2025-09-24,3,9,16,16,1745,5,11.5,0.0,12.41,10
81-805,2025-09-25,4,9,17,16,1809,4,11.5,0.0417,15.48,14
81-805,2025-09-26,5,9,17,15,1666,4,11.4,0.0,18.61,22
81-805,2025-09-27,6,9,34,32,5734,7,11.3,0.0,14.0,28
81-805,2025-09-28,7,9,24,20,3439,6,12.0,0.0417,15.64,21
81-805,2025-09-29,1,9,10,10,1136,3,9.9,0.125,18.57,12
81-805,2025-09-30,2,9,16,16,1794,4,9.4,0.5,15.05,11
81-805,2025-10-01,3,10,19,19,1304,4,10.3,0.4167,11.69,16
81-805,2025-10-02,4,10,13,12,764,4,9.2,0.1667,10.45,16
81-805,2025-10-03,5,10,18,18,2696,5,8.2,0.0,8.8,18
81-805,2025-10-04,6,10,13,13,2543,4,8.2,0.3333,28.75,28
81-805,2025-10-05,7,10,7,7,537,3,10.8,0.2083,25.32,23
81-805,2025-10-08,3,10,7,7,520,3,11.2,0.625,18.82,16
81-805,2025-10-10,5,10,9,9,645,3,12.5,0.5417,27.65,20
81-805,2025-10-11,6,10,27,27,3052,3,13.3,0.1667,26.34,27
81-805,2025-10-12,7,10,8,8,837,3,12.0,0.0,26.25,21
81-805,2025-10-14,2,10,11,11,2102,4,9.3,0.125,12.68,10
81-805,2025-10-15,3,10,8,8,846,3,10.6,0.125,17.97,11
81-805,2025-10-16,4,10,15,15,1179,3,11.1,0.25,20.62,16
81-805,2025-10-18,6,10,8,8,1373,4,8.4,0.9583,24.88,18
81-805,2025-10-19,7,10,10,10,857,3,7.1,0.0417,9.19,17
81-805,2025-10-21,2,10,8,8,1890,3,7.8,0.0,27.12,10
81-805,2025-10-22,3,10,13,13,2343,4,10.2,0.4167,18.73,11
81-805,2025-10-23,4,10,10,10,683,3,12.2,0.2083,16.71,18
81-805,2025-10-24,5,10,14,14,4607,4,11.4,0.7083,17.44,26
81-805,2025-10-25,6,10,19,19,1550,3,8.8,0.0,21.55,28
81-805,2025-10-26,7,10,12,12,1843,4,8.1,0.24,22.15,23
81-805,2025-10-31,5,10,6,6,426,3,8.9,0.125,25.31,21
81-805,2025-11-02,7,11,10,10,869,3,10.9,0.5,10.75,11
81-805,2025-11-04,2,11,11,11,707,3,10.0,0.0833,17.48,10
81-805,2025-11-06,4,11,12,12,747,3,9.1,0.0,14.26,12
81-805,2025-11-07,5,11,17,17,1301,3,7.8,0.0,18.04,12
81-805,2025-11-08,6,11,22,22,4567,3,6.7,0.0,13.37,16
81-805,2025-11-09,7,11,31,31,4612,4,4.9,0.0,7.6,18
81-805,2025-11-11,2,11,21,21,2152,3,7.5,0.0,9.77,16
81-805,2025-11-12,3,11,10,10,702,3,8.1,0.0,17.37,8
81-805,2025-11-13,4,11,12,12,706,3,10.1,0.0,25.32,16
81-805,2025-11-14,5,11,5,5,493,3,8.9,0.625,15.4,18
81-805,2025-11-15,6,11,12,12,2354,4,4.6,0.0417,12.66,19
81-805,2025-11-20,4,11,11,11,618,3,1.9,0.1667,22.85,15
81-805,2025-11-21,5,11,15,15,1550,3,2.7,0.4583,27.6,16
81-805,2025-11-22,6,11,13,13,1263,3,0.3,0.0,16.08,15
81-805,2025-11-23,7,11,23,23,3010,4,-2.7,0.0,14.77,16
81-805,2025-11-27,4,11,18,18,1292,3,2.8,0.3333,18.23,16
81-805,2025-11-28,5,11,11,11,841,3,2.7,0.3333,24.82,16
81-805,2025-11-29,6,11,10,10,1195,3,1.5,0.5833,18.95,24
81-805,2025-11-30,7,11,9,9,999,4,1.0,0.2917,20.09,19
81-805,2025-12-02,2,12,9,9,1487,3,1.5,0.3333,20.3,9
81-805,2025-12-06,6,12,20,20,3529,4,5.5,0.5,14.37,27
81-805,2025-12-07,7,12,14,14,2289,3,5.6,0.1667,17.28,19
81-805,2025-12-09,2,12,12,12,835,3,9.3,0.5417,17.85,7
81-824,2025-02-01,6,2,6,6,2807,3,2.6,0.0833,19.06,10
81-824,2025-02-05,3,2,3,3,935,3,1.8,0.0,14.37,2
81-824,2025-02-28,5,2,11,11,1051,3,3.4,0.9167,14.73,10
81-824,2025-03-01,6,3,8,8,1648,3,2.8,0.4583,21.25,17
81-824,2025-03-06,4,3,14,14,184,3,9.3,0.0,23.4,9
81-824,2025-03-07,5,3,14,14,384,3,7.6,0.0,9.61,16
81-824,2025-03-08,6,3,12,12,3491,3,7.1,0.0,7.3,19
81-824,2025-03-10,1,3,22,22,239,3,7.8,0.0,11.99,9
81-824,2025-03-12,3,3,31,31,17516,3,4.8,0.3333,7.65,11
81-824,2025-03-15,6,3,7,7,4615,3,1.8,0.0,8.72,17
81-824,2025-03-27,4,3,13,13,442,3,6.4,0.0,8.94,9
81-824,2025-03-29,6,3,17,17,2501,3,8.5,0.0,11.46,12
81-824,2025-03-31,1,3,24,24,3966,3,5.3,0.0833,12.4,8
81-824,2025-04-02,3,4,25,25,390,3,6.5,0.0,16.89,5
81-824,2025-04-03,4,4,13,13,348,3,8.7,0.0,11.85,9
81-824,2025-04-04,5,4,16,16,343,3,7.7,0.0,17.76,13
81-824,2025-04-05,6,4,8,8,648,3,2.8,0.2083,29.9,16
81-824,2025-04-08,2,4,34,34,865,3,4.2,0.0,18.37,11
81-824,2025-04-10,4,4,17,17,318,3,3.7,0.125,21.52,10
81-824,2025-04-11,5,4,18,18,749,3,7.0,0.25,20.66,17
81-824,2025-04-15,2,4,20,20,3464,3,12.8,0.0,17.6,9
81-824,2025-05-06,2,5,22,22,388,3,7.0,0.125,18.09,8
81-824,2025-05-08,4,5,12,12,503,3,5.7,0.0,12.07,17
