{"type":"FeatureCollection","features":[{"type":"Feature","geometry":{"type":"MultiPolygon","coordinates":[[[[18.58908166,54.42895531],[18.5896756,54.42931249],[18.5904783,54.42979519],[18.59061262,54.42987621],[18.5906301,54.42988719],[18.59066037,54.42990616],[18.59067497,54.42991427],[18.59086031,54.43001821],[18.59115891,54.43018575],[18.59138899,54.43031101],[18.59142123,54.43032857],[18.59031842,54.43103188],[18.5892653,54.43174895],[18.58926968,54.43170249],[18.58926313,54.43161435],[18.58924181,54.43152701],[18.58920589,54.43144131],[18.58915575,54.43135807],[18.58909184,54.4312781],[18.58901481,54.43120217],[18.58892538,54.431131],[18.58882442,54.43106529],[18.58871288,54.43100566],[18.58859187,54.43095269],[18.58856495,54.43094315],[18.58854431,54.43092972],[18.58843277,54.4308701],[18.58836052,54.43083847],[18.58835438,54.43075582],[18.58833305,54.43066847],[18.58829715,54.43058277],[18.58824701,54.43049954],[18.58818311,54.43041957],[18.58810608,54.43034363],[18.58807233,54.43031677],[18.5880614,54.43030309],[18.58798436,54.43022715],[18.58789493,54.43015599],[18.58779396,54.43009027],[18.58768244,54.43003064],[18.58756144,54.42997767],[18.5874321,54.42993187],[18.58729569,54.42989369],[18.58715352,54.42986348],[18.58700696,54.42984155],[18.5868574,54.42982809],[18.58670632,54.42982324],[18.58655514,54.42982706],[18.58640534,54.42983949],[18.58625833,54.42986042],[18.58611556,54.42988965],[18.5859784,54.4299269],[18.58584816,54.42997181],[18.58572608,54.43002395],[18.58561337,54.43008281],[18.58551109,54.43014783],[18.58542024,54.43021838],[18.58534168,54.43029379],[18.58527618,54.43037331],[18.58524284,54.43042664],[18.5852384,54.4304247],[18.58510906,54.4303789],[18.58497266,54.43034071],[18.58483049,54.4303105],[18.58468393,54.43028856],[18.58453437,54.4302751],[18.58438329,54.43027025],[18.5842321,54.43027406],[18.5840823,54.43028649],[18.58393529,54.43030742],[18.58379251,54.43033665],[18.58365535,54.4303739],[18.5835251,54.4304188],[18.58340302,54.43047094],[18.5832903,54.4305298],[18.58318826,54.43059466],[18.58306173,54.43060516],[18.58291472,54.43062609],[18.58277194,54.43065532],[18.58263477,54.43069256],[18.58250452,54.43073747],[18.58238244,54.43078961],[18.58226972,54.43084846],[18.58216744,54.43091348],[18.58207658,54.43098403],[18.58199802,54.43105943],[18.5819325,54.43113895],[18.58188976,54.43120732],[18.58180836,54.43122942],[18.58167811,54.43127432],[18.58155602,54.43132646],[18.5814433,54.43138531],[18.58139874,54.43141365],[18.58144756,54.43136679],[18.58151308,54.43128726],[18.5815649,54.43120438],[18.58160253,54.43111892],[18.58162562,54.43103173],[18.58163395,54.43094364],[18.58162742,54.4308555],[18.58160611,54.43076816],[18.58157022,54.43068246],[18.58152009,54.43059922],[18.5814562,54.43051925],[18.58137918,54.4304433],[18.58128976,54.43037213],[18.5811888,54.43030641],[18.58107729,54.43024677],[18.58095629,54.4301938],[18.58082696,54.430148],[18.58069056,54.4301098],[18.58054839,54.43007959],[18.58040183,54.43005764],[18.58025228,54.43004418],[18.5801012,54.43003932],[18.57995001,54.43004313],[18.57980021,54.43005555],[18.5796532,54.43007647],[18.57951042,54.4301057],[18.57937325,54.43014294],[18.579243,54.43018784],[18.5791784,54.43021543],[18.57917861,54.43021513],[18.57917217,54.43018877],[18.57913627,54.43010306],[18.57908615,54.43001981],[18.57902228,54.42993984],[18.57894525,54.4298639],[18.57885585,54.42979272],[18.5787549,54.429727],[18.57864339,54.42966737],[18.57852239,54.42961439],[18.57839307,54.42956858],[18.57825667,54.42953039],[18.57811451,54.42950017],[18.57796794,54.42947822],[18.57793927,54.42947564],[18.57792739,54.42947043],[18.57779806,54.42942462],[18.57766167,54.42938643],[18.5775195,54.4293562],[18.57746151,54.42934752],[18.57740947,54.42932909],[18.57727308,54.42929089],[18.57713091,54.42926067],[18.57698435,54.42923872],[18.57688477,54.42922976],[18.57686021,54.42922287],[18.57671805,54.42919265],[18.57657148,54.4291707],[18.57642195,54.42915723],[18.5764061,54.42915672],[18.57634428,54.42914358],[18.57631286,54.42913888],[18.57624888,54.42908796],[18.57614795,54.42902223],[18.57603645,54.42896259],[18.57591545,54.42890961],[18.57578614,54.4288638],[18.57564975,54.4288256],[18.57550759,54.42879538],[18.5754186,54.42878205],[18.57529682,54.42873891],[18.57516043,54.42870071],[18.57501827,54.42867049],[18.5748717,54.42864854],[18.57472217,54.42863507],[18.57457108,54.4286302],[18.57441992,54.428634],[18.5742701,54.42864642],[18.57412311,54.42866733],[18.57398033,54.42869655],[18.57384316,54.42873379],[18.5737129,54.42877869],[18.57359082,54.42883081],[18.5734781,54.42888967],[18.57337579,54.42895467],[18.5732932,54.42901879],[18.57324941,54.42903068],[18.57311915,54.42907557],[18.57299707,54.4291277],[18.57288433,54.42918654],[18.57278204,54.42925155],[18.57269116,54.42932209],[18.57265933,54.42935264],[18.57254593,54.42938341],[18.57241568,54.42942832],[18.57229359,54.42948043],[18.57224371,54.42950648],[18.57211084,54.42952538],[18.57196806,54.4295546],[18.57183089,54.42959183],[18.57170062,54.42963673],[18.57157854,54.42968885],[18.57146581,54.42974769],[18.5713635,54.4298127],[18.57128756,54.42987165],[18.57126123,54.42987539],[18.57111845,54.42990461],[18.57110988,54.42990693],[18.57111012,54.42990748],[18.57099764,54.4299168],[18.57085065,54.42993771],[18.57070786,54.42996692],[18.57057067,54.43000416],[18.57044041,54.43004905],[18.57031833,54.43010117],[18.57020558,54.43016002],[18.57010328,54.43022503],[18.5700124,54.43029556],[18.56993382,54.43037096],[18.5699232,54.43038384],[18.56992262,54.43038334],[18.5699226,54.43038334],[18.56989623,54.43038553],[18.56988902,54.43038487],[18.56973792,54.43038001],[18.56958674,54.43038379],[18.56943693,54.43039621],[18.56928991,54.43041712],[18.56926917,54.43042136],[18.56939678,54.43099859],[18.56923552,54.43102353],[18.56935169,54.43102209],[18.56954414,54.43101974],[18.56954428,54.43103026],[18.56954899,54.43129159],[18.56955024,54.43132627],[18.56955328,54.43134557],[18.5694986,54.43137035],[18.56944375,54.43142551],[18.56954877,54.43145367],[18.56961278,54.43140225],[18.56971482,54.43138119],[18.57027751,54.43137306],[18.57057409,54.43136825],[18.57057669,54.43142196],[18.57089591,54.43150311],[18.57089595,54.43150313],[18.5709647,54.43152748],[18.5711011,54.43156569],[18.57124327,54.43159592],[18.57128508,54.43160219],[18.57159231,54.43168077],[18.57193269,54.43176495],[18.57203636,54.4317974],[18.57201632,54.43184288],[18.5719932,54.43193007],[18.57198485,54.43201816],[18.57199137,54.4321063],[18.57201064,54.43218534],[18.57198947,54.43217996],[18.57200066,54.43217521],[18.57197444,54.43216684],[18.57189989,54.432157],[18.57166066,54.43209571],[18.57164037,54.43209096],[18.57140573,54.43193937],[18.57125559,54.43196813],[18.57103754,54.43187815],[18.57098299,54.43188977],[18.57070016,54.43180898],[18.57069315,54.4317981],[18.57039229,54.43174724],[18.57034426,54.4316842],[18.57007956,54.4316797],[18.57005836,54.43166145],[18.56980737,54.43155664],[18.56978458,54.43151371],[18.56956081,54.43145674],[18.56947177,54.43148538],[18.56922412,54.43145738],[18.56893335,54.43137594],[18.56887783,54.43128937],[18.56889995,54.431273],[18.56886438,54.43126838],[18.56854538,54.43077087],[18.56864588,54.43048036],[18.56856508,54.43043712],[18.56844408,54.43038413],[18.56831477,54.43033832],[18.56817838,54.43030011],[18.56803622,54.43026988],[18.56788966,54.43024792],[18.56774012,54.43023444],[18.56771792,54.43023372],[18.56767414,54.43017887],[18.56759713,54.43010292],[18.56751298,54.43003591],[18.56751712,54.43003327],[18.56760801,54.42996274],[18.5676866,54.42988734],[18.56775213,54.42980782],[18.56780398,54.42972494],[18.56784166,54.4296395],[18.56786478,54.42955231],[18.56787312,54.42946423],[18.56786663,54.42937608],[18.56784535,54.42928874],[18.56784221,54.42928122],[18.5678766,54.42922623],[18.56791427,54.42914078],[18.56793739,54.4290536],[18.56794574,54.42896551],[18.56793925,54.42887737],[18.56791796,54.42879002],[18.56788209,54.42870432],[18.56783199,54.42862107],[18.56776815,54.42854108],[18.56770714,54.4284809],[18.56776559,54.42845039],[18.56786788,54.42838539],[18.56795877,54.42831486],[18.56803735,54.42823946],[18.56810288,54.42815994],[18.56815473,54.42807706],[18.5681924,54.42799162],[18.56821551,54.42790443],[18.56822386,54.42781634],[18.56821736,54.4277282],[18.56819609,54.42764086],[18.56816022,54.42755514],[18.56811012,54.4274719],[18.56804626,54.42739192],[18.56796927,54.42731597],[18.56787988,54.42724478],[18.56777897,54.42717906],[18.56766747,54.42711941],[18.5675465,54.42706642],[18.5674172,54.42702061],[18.56728081,54.4269824],[18.56713866,54.42695217],[18.56699213,54.4269302],[18.5668426,54.42691672],[18.56675883,54.42691402],[18.5667588,54.42691403],[18.56675568,54.42687165],[18.5667344,54.42678431],[18.5667195,54.42674868],[18.56667005,54.42691239],[18.56664409,54.42691304],[18.56670289,54.426709],[18.56669853,54.4266986],[18.56664844,54.42661535],[18.56658459,54.42653537],[18.56656237,54.42651344],[18.56656352,54.4265108],[18.56658664,54.42642361],[18.56658871,54.42640194],[18.56658847,54.42640142],[18.56664638,54.42644754],[18.5667473,54.42651327],[18.56685878,54.42657292],[18.56697976,54.42662591],[18.56710906,54.42667173],[18.56724543,54.42670994],[18.56738758,54.42674017],[18.56753413,54.42676213],[18.56768366,54.42677561],[18.56783474,54.42678048],[18.56798591,54.42677669],[18.56813571,54.42676428],[18.56828269,54.42674337],[18.56842547,54.42671416],[18.56856264,54.42667693],[18.5686929,54.42663204],[18.56881498,54.42657992],[18.5689277,54.42652107],[18.56903001,54.42645607],[18.56912088,54.42638553],[18.56919946,54.42631014],[18.56926499,54.42623062],[18.56931683,54.42614773],[18.5693355,54.42610539],[18.5694086,54.42607417],[18.56952134,54.42601532],[18.56962362,54.42595032],[18.5697145,54.42587978],[18.56979307,54.42580438],[18.5698586,54.42572487],[18.56991044,54.42564198],[18.56994811,54.42555654],[18.56997122,54.42546935],[18.56997956,54.42538127],[18.56997307,54.42529312],[18.56995178,54.42520577],[18.5699159,54.42512007],[18.5698658,54.42503682],[18.56985523,54.42502357],[18.56988506,54.42495586],[18.56990818,54.42486867],[18.56991653,54.42478059],[18.56991002,54.42469244],[18.56988873,54.4246051],[18.56985288,54.42451939],[18.56980278,54.42443614],[18.56973892,54.42435616],[18.56966194,54.42428022],[18.56957255,54.42420903],[18.56947162,54.42414331],[18.56936015,54.42408366],[18.56923918,54.42403068],[18.56910988,54.42398486],[18.56897351,54.42394665],[18.56883137,54.42391642],[18.56868484,54.42389446],[18.56853533,54.42388098],[18.56838426,54.42387612],[18.5682331,54.4238799],[18.56808331,54.42389231],[18.56793632,54.42391323],[18.56779355,54.42394244],[18.56765639,54.42397967],[18.56752615,54.42402456],[18.56740407,54.42407668],[18.56729135,54.42413552],[18.56721779,54.42418226],[18.56714896,54.42378628],[18.5675075,54.42376642],[18.5675693,54.423763],[18.56757038,54.42376291],[18.56759501,54.42376098],[18.56759977,54.42376061],[18.56916498,54.4236356],[18.57056189,54.42352402],[18.57061239,54.42353294],[18.57069114,54.42354803],[18.57090438,54.42358888],[18.57279574,54.4239465],[18.57437217,54.4243691],[18.57473242,54.42446566],[18.57485302,54.42449799],[18.5753413,54.42462885],[18.5764275,54.42491995],[18.57659361,54.42496453],[18.57674257,54.42500488],[18.57680739,54.42502221],[18.57681386,54.42502394],[18.57681969,54.42502502],[18.57684237,54.42504739],[18.57693177,54.42511857],[18.57703272,54.42518429],[18.57714421,54.42524393],[18.57726518,54.42529691],[18.5773945,54.42534271],[18.57753088,54.42538091],[18.57767303,54.42541113],[18.57781957,54.42543308],[18.57796909,54.42544655],[18.57812017,54.4254514],[18.57827134,54.42544761],[18.57842113,54.42543518],[18.57856812,54.42541426],[18.57871088,54.42538503],[18.57884804,54.42534779],[18.57897827,54.42530289],[18.57910035,54.42525076],[18.57921305,54.42519191],[18.57931532,54.42512689],[18.57940618,54.42505634],[18.57948473,54.42498095],[18.57955024,54.42490142],[18.57960206,54.42481854],[18.5796397,54.42473308],[18.5796628,54.4246459],[18.57967112,54.4245578],[18.5796646,54.42446966],[18.57964329,54.42438232],[18.5796074,54.42429662],[18.57955728,54.42421338],[18.57954037,54.4241922],[18.57974926,54.42418071],[18.57980017,54.42418884],[18.58006229,54.42423069],[18.58002924,54.42442064],[18.57986746,54.42535029],[18.57983231,54.42553686],[18.57982235,54.42553537],[18.57967283,54.4255219],[18.57952175,54.42551705],[18.57937058,54.42552085],[18.57922079,54.42553328],[18.5790738,54.4255542],[18.57893104,54.42558343],[18.57879388,54.42562066],[18.57866365,54.42566557],[18.57854157,54.4257177],[18.57842886,54.42577655],[18.57832659,54.42584156],[18.57823573,54.42591212],[18.57815717,54.42598751],[18.57809166,54.42606703],[18.57803984,54.42614992],[18.57800219,54.42623537],[18.57797909,54.42632256],[18.57797077,54.42641065],[18.57797728,54.42649879],[18.57799858,54.42658613],[18.57803448,54.42667184],[18.57808459,54.42675508],[18.57814847,54.42683505],[18.57822548,54.426911],[18.57831488,54.42698217],[18.57841581,54.42704789],[18.57852731,54.42710753],[18.57864831,54.42716051],[18.57877762,54.42720632],[18.57891401,54.42724452],[18.57905617,54.42727473],[18.57920273,54.42729667],[18.57935226,54.42731014],[18.57950334,54.427315],[18.57965452,54.42731119],[18.57980431,54.42729877],[18.5799513,54.42727785],[18.58009406,54.42724862],[18.58023122,54.42721138],[18.58036148,54.42716647],[18.58048354,54.42711434],[18.58059626,54.42705548],[18.58069854,54.42699047],[18.58078939,54.42691992],[18.58086795,54.42684452],[18.58093346,54.426765],[18.58098528,54.42668211],[18.58099135,54.42666832],[18.58206208,54.42697024],[18.58221797,54.42681782],[18.582308,54.4267298],[18.58297553,54.42607655],[18.58339235,54.42566862],[18.58387318,54.42592325],[18.58392183,54.42594979],[18.58393033,54.42595442],[18.5842135,54.42609222],[18.58421442,54.42609274],[18.58506711,54.42657647],[18.58512148,54.42660731],[18.58528588,54.42670355],[18.58530933,54.42671718],[18.58562163,54.42689984],[18.58580129,54.42700491],[18.58623715,54.42725966],[18.58625993,54.42727302],[18.58626512,54.42727606],[18.58635601,54.42732836],[18.58644098,54.42737814],[18.58716827,54.42780418],[18.58735302,54.42791227],[18.58783177,54.42820113],[18.5878613,54.42821886],[18.5883138,54.42849149],[18.58852859,54.42862091],[18.58884662,54.42881324],[18.58895556,54.4288765],[18.58899004,54.428898],[18.58900719,54.42890868],[18.58908166,54.42895531]],[[18.58350934,54.4294688],[18.58353096,54.42946572],[18.58355526,54.42945718],[18.583572,54.42944798],[18.58358319,54.42943938],[18.58359224,54.42942908],[18.5835996,54.42941804],[18.58360556,54.42940836],[18.58360798,54.4293974],[18.58361028,54.4293832],[18.58360638,54.42937249],[18.58359739,54.42936158],[18.58358744,54.42935516],[18.58357685,54.42935],[18.58356683,54.42934925],[18.58355634,54.42935056],[18.58354844,54.42935341],[18.58354254,54.42935824],[18.58354079,54.42936345],[18.58353931,54.42937181],[18.58353244,54.42938023],[18.58352679,54.42939001],[18.58351668,54.42939906],[18.58350319,54.42940611],[18.58348941,54.42941218],[18.58346992,54.42941778],[18.58345861,54.4294234],[18.58345192,54.42942904],[18.5834501,54.42944171],[18.58345552,54.42945405],[18.58347251,54.42946642],[18.5834893,54.42946837],[18.58350934,54.4294688]],[[18.58366717,54.42953641],[18.58367171,54.42954433],[18.58368119,54.42955273],[18.58369389,54.42956212],[18.58370355,54.429568],[18.58372046,54.42957309],[18.58373769,54.42957692],[18.58375649,54.42957771],[18.58377329,54.42957822],[18.58379394,54.42957991],[18.58381058,54.42958122],[18.58382227,54.42958432],[18.58383256,54.42958831],[18.58384251,54.42959527],[18.58385536,54.42960538],[18.5838619,54.42961448],[18.58387703,54.42962802],[18.58390835,54.42964125],[18.58394132,54.42964388],[18.58396817,54.42964164],[18.58398858,54.42963631],[18.58400654,54.42962855],[18.58401664,54.42962149],[18.58402788,54.42960786],[18.58402815,54.42959644],[18.58402473,54.42958421],[18.58401328,54.42957266],[18.58399292,54.42955803],[18.58396163,54.42954183],[18.5839283,54.42952903],[18.58388095,54.42951431],[18.58384002,54.4295059],[18.58379891,54.42949973],[18.58377303,54.42949748],[18.58373127,54.42949491],[18.58371523,54.4294954],[18.58369761,54.42949938],[18.58368227,54.42950679],[18.58367294,54.42951458],[18.58366636,54.42952508],[18.58366717,54.42953641]]],[[[18.55966606,54.42300288],[18.55970291,54.42299981],[18.55970259,54.42295444],[18.56026864,54.42275705],[18.56025719,54.42278302],[18.56023406,54.4228702],[18.56022568,54.42295829],[18.56023217,54.42304644],[18.56025343,54.42313378],[18.56028927,54.4232195],[18.56032382,54.42327693],[18.56024171,54.42332909],[18.56015082,54.42339963],[18.56007224,54.42347501],[18.56000671,54.42355453],[18.55995484,54.42363741],[18.55991717,54.42372285],[18.55989403,54.42381004],[18.55988566,54.42389813],[18.55989214,54.42398626],[18.55991341,54.42407361],[18.55994925,54.42415932],[18.55999934,54.42424257],[18.56006316,54.42432255],[18.56007048,54.42432979],[18.5600307,54.42434059],[18.55990043,54.42438547],[18.55977835,54.42443758],[18.55966562,54.42449641],[18.5595633,54.42456142],[18.55947242,54.42463194],[18.55943307,54.42466968],[18.55936399,54.42467141],[18.5592142,54.42468381],[18.55906721,54.42470471],[18.55892444,54.42473391],[18.55878725,54.42477114],[18.558657,54.42481601],[18.55853492,54.42486812],[18.55842217,54.42492696],[18.55831986,54.42499195],[18.55822897,54.42506249],[18.55815038,54.42513787],[18.55808483,54.42521738],[18.55803297,54.42530026],[18.55799529,54.42538571],[18.55797215,54.42547289],[18.55796492,54.42554889],[18.55796483,54.4255488],[18.55794921,54.42554327],[18.55781285,54.42550505],[18.55767071,54.4254748],[18.55752417,54.42545283],[18.55737465,54.42543933],[18.55722357,54.42543446],[18.55707242,54.42543823],[18.55692261,54.42545062],[18.55677562,54.42547152],[18.55663284,54.42550072],[18.55649567,54.42553794],[18.55636539,54.42558282],[18.55624331,54.42563492],[18.55613057,54.42569375],[18.55602824,54.42575875],[18.55593735,54.42582928],[18.55585875,54.42590466],[18.55579319,54.42598417],[18.55574132,54.42606705],[18.55570364,54.42615249],[18.5556805,54.42623968],[18.55567211,54.42632777],[18.55567859,54.4264159],[18.55568742,54.42645218],[18.55558674,54.42648686],[18.55551283,54.42643871],[18.55540136,54.42637905],[18.55528041,54.42632605],[18.55515112,54.42628021],[18.55501475,54.42624199],[18.55487262,54.42621175],[18.55472609,54.42618977],[18.55457655,54.42617628],[18.55442549,54.42617139],[18.55427432,54.42617516],[18.55412451,54.42618755],[18.55397751,54.42620844],[18.55383473,54.42623764],[18.55369755,54.42627485],[18.55356727,54.42631973],[18.55344518,54.42637183],[18.55333243,54.42643067],[18.5532301,54.42649566],[18.55313921,54.42656618],[18.55306059,54.42664157],[18.55299505,54.42672108],[18.55294316,54.42680395],[18.55290547,54.42688939],[18.55288232,54.42697658],[18.55287394,54.42706466],[18.5528804,54.4271528],[18.55290165,54.42724015],[18.55293747,54.42732587],[18.55298756,54.42740912],[18.55305137,54.42748911],[18.55312835,54.42756506],[18.55321769,54.42763626],[18.5533186,54.427702],[18.55343007,54.42776166],[18.55355102,54.42781466],[18.55368032,54.4278605],[18.55381669,54.42789872],[18.55395883,54.42792896],[18.55410536,54.42795095],[18.5542549,54.42796444],[18.55434973,54.42796751],[18.55436139,54.42799542],[18.55441146,54.42807867],[18.55447529,54.42815867],[18.55455226,54.42823462],[18.55464162,54.42830581],[18.55474252,54.42837156],[18.554854,54.42843121],[18.55497496,54.42848422],[18.55510425,54.42853005],[18.55524064,54.42856827],[18.55538278,54.42859852],[18.55552932,54.42862049],[18.55567885,54.42863398],[18.55582993,54.42863887],[18.55598111,54.42863509],[18.55613092,54.4286227],[18.55616635,54.42861767],[18.55623305,54.42868349],[18.55632242,54.42875468],[18.55642332,54.42882042],[18.55653479,54.42888008],[18.55665577,54.42893308],[18.55678506,54.4289789],[18.55692143,54.42901713],[18.55706358,54.42904737],[18.55721014,54.42906934],[18.55735967,54.42908283],[18.55751075,54.42908772],[18.55766194,54.42908394],[18.55768703,54.42908187],[18.55768763,54.42908155],[18.55767706,54.4291055],[18.55765393,54.42919268],[18.55765089,54.42922455],[18.55764996,54.42922366],[18.55764995,54.42922366],[18.55763646,54.42921988],[18.55749431,54.42918963],[18.55734777,54.42916766],[18.55719823,54.42915417],[18.55704715,54.42914928],[18.55689597,54.42915306],[18.55674616,54.42916545],[18.55659914,54.42918635],[18.55645635,54.42921555],[18.55631917,54.42925277],[18.5561889,54.42929764],[18.55617925,54.42930176],[18.55603198,54.42928846],[18.55588091,54.42928358],[18.55572972,54.42928735],[18.5555799,54.42929975],[18.55543289,54.42932065],[18.5552901,54.42934984],[18.55515291,54.42938706],[18.55502263,54.42943194],[18.55490052,54.42948404],[18.55478777,54.42954287],[18.55468544,54.42960787],[18.55459454,54.42967839],[18.55451592,54.42975377],[18.55445037,54.42983329],[18.55439848,54.42991616],[18.55436079,54.43000161],[18.55433764,54.43008879],[18.55432927,54.43017688],[18.55433573,54.43026502],[18.55435698,54.43035237],[18.55439282,54.43043807],[18.55444291,54.43052133],[18.55450672,54.43060132],[18.55458371,54.43067727],[18.55467307,54.43074846],[18.55477399,54.43081421],[18.55487039,54.4308658],[18.55490258,54.43090614],[18.55497955,54.43098209],[18.55506893,54.43105329],[18.55508202,54.43106182],[18.55508179,54.43106189],[18.55508481,54.43106912],[18.55513488,54.43115237],[18.55519872,54.43123236],[18.55521947,54.43125284],[18.55521848,54.43126324],[18.55522044,54.43128996],[18.55517377,54.4313645],[18.55513609,54.43144994],[18.55511294,54.43153713],[18.55510525,54.43161794],[18.55508809,54.43163439],[18.55502254,54.4317139],[18.55497065,54.43179678],[18.55496853,54.4318016],[18.55496617,54.43180386],[18.55490061,54.43188337],[18.55484873,54.43196625],[18.55483853,54.43198936],[18.55483873,54.43198942],[18.55480314,54.43201203],[18.55471223,54.43208255],[18.55463362,54.43215794],[18.55456805,54.43223745],[18.55451617,54.43232033],[18.55447847,54.43240576],[18.55445531,54.43249295],[18.55444694,54.43258104],[18.5544534,54.43266918],[18.55447466,54.43275652],[18.55448383,54.43277843],[18.55445712,54.43281081],[18.55440524,54.43289368],[18.55436754,54.43297913],[18.5543444,54.43306631],[18.55433601,54.4331544],[18.55434101,54.43322242],[18.55433883,54.43322588],[18.55430114,54.43331132],[18.55427799,54.43339851],[18.5542696,54.43348659],[18.55427443,54.43355239],[18.55427373,54.43355323],[18.55423348,54.43361754],[18.55423245,54.43361712],[18.55412111,54.43367521],[18.55401876,54.4337402],[18.55392785,54.43381073],[18.55384923,54.43388611],[18.55378366,54.43396562],[18.55373177,54.43404849],[18.55369408,54.43413394],[18.55367093,54.43422112],[18.55366254,54.43430921],[18.55366901,54.43439735],[18.55369027,54.4344847],[18.5537261,54.43457041],[18.55377618,54.43465366],[18.5537877,54.43466808],[18.55378847,54.43466811],[18.55375663,54.43469864],[18.55369106,54.43477816],[18.55363917,54.43486103],[18.55360146,54.43494647],[18.55358998,54.43498972],[18.55356048,54.43503686],[18.55353463,54.43509543],[18.55350026,54.43512838],[18.55343469,54.43520789],[18.5533828,54.43529076],[18.55337785,54.43530199],[18.55360904,54.43546619],[18.55337721,54.43530155],[18.55322786,54.4353139],[18.55308081,54.43533479],[18.55293802,54.43536399],[18.55291251,54.4353709],[18.55289336,54.43551876],[18.55291244,54.43537134],[18.55283577,54.43534416],[18.55269938,54.43530594],[18.55255721,54.43527569],[18.55241064,54.4352537],[18.55226109,54.4352402],[18.55210998,54.43523532],[18.55195877,54.43523908],[18.55180894,54.43525147],[18.55166191,54.43527237],[18.5515191,54.43530156],[18.55138187,54.43533877],[18.55125157,54.43538364],[18.55112945,54.43543575],[18.55101666,54.43549457],[18.55091432,54.43555956],[18.55082339,54.43563009],[18.55077523,54.43567625],[18.55064743,54.43569441],[18.55050462,54.4357236],[18.5503674,54.43576082],[18.5502371,54.43580569],[18.55011496,54.43585779],[18.55000218,54.43591661],[18.54989984,54.43598161],[18.54980891,54.43605213],[18.54973027,54.4361275],[18.5496647,54.43620702],[18.54965569,54.4362214],[18.5496561,54.43622188],[18.54956584,54.43620834],[18.54941629,54.43619485],[18.54926518,54.43618995],[18.54911398,54.43619372],[18.54896413,54.43620609],[18.5488171,54.43622699],[18.54867428,54.43625617],[18.5485858,54.43628017],[18.54843894,54.43630103],[18.54829612,54.43633022],[18.5481589,54.43636742],[18.5480286,54.43641229],[18.54790645,54.43646439],[18.54779367,54.43652322],[18.54769132,54.43658821],[18.54760038,54.43665872],[18.54752173,54.43673411],[18.54745616,54.43681361],[18.54740426,54.43689649],[18.54736654,54.43698192],[18.54734337,54.4370691],[18.54733519,54.43715491],[18.54730442,54.43722461],[18.54728125,54.43731179],[18.54727285,54.43739988],[18.54727931,54.43748801],[18.54730056,54.43757537],[18.54733638,54.43766108],[18.54738646,54.43774434],[18.54745028,54.43782432],[18.54749173,54.43786523],[18.54748967,54.43786463],[18.54735329,54.4378759],[18.54727337,54.43788725],[18.54724513,54.43788795],[18.54709529,54.43790034],[18.54694825,54.43792122],[18.54680542,54.43795041],[18.54666818,54.43798761],[18.54653787,54.43803248],[18.54641574,54.43808457],[18.54630293,54.4381434],[18.54620058,54.43820839],[18.54610964,54.4382789],[18.54603099,54.43835429],[18.54597928,54.43841697],[18.54593759,54.43843132],[18.54591228,54.43844211],[18.54591619,54.43840105],[18.54590975,54.43831292],[18.54588851,54.43822556],[18.54585267,54.43813985],[18.5458026,54.43805659],[18.54573878,54.4379766],[18.54566181,54.43790064],[18.54557244,54.43782944],[18.54547153,54.43776369],[18.54536004,54.43770402],[18.54523906,54.43765102],[18.54510976,54.43760517],[18.54497335,54.43756694],[18.5448312,54.43753668],[18.54468462,54.43751469],[18.54453506,54.43750118],[18.54438395,54.43749628],[18.54423273,54.43750004],[18.54408289,54.43751242],[18.54393585,54.4375333],[18.54379302,54.43756249],[18.54365578,54.43759969],[18.54352547,54.43764456],[18.54340333,54.43769664],[18.54329052,54.43775547],[18.54318816,54.43782045],[18.54309722,54.43789097],[18.54309028,54.43789763],[18.54305382,54.43790751],[18.54292351,54.43795238],[18.54280135,54.43800447],[18.54268855,54.43806329],[18.54258619,54.43812827],[18.54249525,54.43819879],[18.5424166,54.43827416],[18.542351,54.43835366],[18.54229909,54.43843654],[18.54226135,54.43852198],[18.54223817,54.43860916],[18.54222977,54.43869724],[18.5422362,54.43878538],[18.54225744,54.43887274],[18.54229327,54.43895845],[18.54234333,54.43904171],[18.54236135,54.43906431],[18.54235648,54.43908264],[18.54235618,54.43908592],[18.54229825,54.43915613],[18.54224634,54.43923899],[18.5422086,54.43932444],[18.54218542,54.43941162],[18.54217702,54.4394997],[18.54218345,54.43958785],[18.54220469,54.4396752],[18.54223597,54.43975005],[18.54223632,54.43975009],[18.5422189,54.43976359],[18.54214024,54.43983897],[18.54207464,54.43991848],[18.54202273,54.44000135],[18.54198499,54.44008678],[18.54196182,54.44017397],[18.5419534,54.44026205],[18.54195985,54.44035019],[18.54198107,54.44043754],[18.5420169,54.44052326],[18.54206697,54.44060652],[18.54213079,54.44068651],[18.54220776,54.44076247],[18.54229713,54.44083368],[18.54239804,54.44089943],[18.54250954,54.44095909],[18.54253454,54.44097005],[18.54256067,54.44103258],[18.54261073,54.44111583],[18.54267456,54.44119583],[18.54275152,54.44127179],[18.54278942,54.44130198],[18.54279388,54.44136304],[18.54281512,54.4414504],[18.54285095,54.44153611],[18.54290101,54.44161937],[18.54296484,54.44169936],[18.54304181,54.44177532],[18.54313119,54.44184653],[18.5432321,54.44191227],[18.54334359,54.44197195],[18.54346459,54.44202495],[18.5435939,54.44207081],[18.54373031,54.44210903],[18.54387249,54.4421393],[18.54401909,54.44216129],[18.54416866,54.4421748],[18.54431979,54.44217969],[18.54447101,54.44217594],[18.54462089,54.44216356],[18.54476794,54.44214268],[18.54491079,54.44211349],[18.54504803,54.44207629],[18.54517837,54.44203142],[18.54527522,54.44199011],[18.54528411,54.44199261],[18.5454263,54.44202286],[18.54557288,54.44204485],[18.54572247,54.44205836],[18.54587358,54.44206326],[18.54602481,54.44205949],[18.54617467,54.44204711],[18.54632174,54.44202623],[18.54646459,54.44199704],[18.54660183,54.44195984],[18.54673215,54.44191497],[18.54685431,54.44186287],[18.54696711,54.44180404],[18.54706947,54.44173906],[18.54716042,54.44166854],[18.54722893,54.44160288],[18.54728264,54.44159191],[18.54740983,54.44155742],[18.54742174,54.4415585],[18.54757286,54.44156339],[18.54772409,54.44155964],[18.54787396,54.44154725],[18.54789916,54.44154367],[18.54797928,54.44154168],[18.54812914,54.44152929],[18.54823982,54.44151357],[18.54828097,54.4415149],[18.5484322,54.44151114],[18.54845238,54.44150947],[18.54851653,54.44151527],[18.54866764,54.44152016],[18.54881887,54.4415164],[18.54896873,54.44150401],[18.54905874,54.44149122],[18.5490915,54.44149613],[18.54923796,54.44150936],[18.5493138,54.44152072],[18.54946338,54.44153423],[18.5496145,54.44153912],[18.54976573,54.44153535],[18.54991559,54.44152297],[18.55006265,54.44150208],[18.55017165,54.44147981],[18.55027417,54.44150161],[18.55042075,54.4415236],[18.55057034,54.4415371],[18.55060289,54.44153815],[18.55084464,54.44095659],[18.5509429,54.44100917],[18.55098166,54.44102614],[18.55104478,54.44108844],[18.55113417,54.44115963],[18.55123511,54.44122538],[18.55134661,54.44128504],[18.55141874,54.44131663],[18.5514874,54.44137131],[18.55158832,54.44143706],[18.55169982,54.44149671],[18.55174724,54.44151749],[18.55175597,54.44152444],[18.55185689,54.44159018],[18.55187818,54.44160157],[18.55154788,54.44164145],[18.55148848,54.44165425],[18.55143815,54.44166902],[18.55140889,54.44173529],[18.55138573,54.44182248],[18.55137836,54.44189981],[18.55129277,54.44192929],[18.55117063,54.44198138],[18.55105782,54.44204021],[18.55095546,54.4421052],[18.55086452,54.44217572],[18.55078588,54.44225111],[18.55072029,54.44233062],[18.55066839,54.44241349],[18.55063068,54.44249893],[18.55060752,54.44258612],[18.55060288,54.44263468],[18.55046576,54.44262849],[18.55038974,54.4426309],[18.55036472,54.4426146],[18.5502532,54.44255493],[18.55013221,54.44250194],[18.55000288,54.44245609],[18.54986646,54.44241787],[18.54972427,54.44238761],[18.54957769,54.44236563],[18.54942811,54.44235213],[18.54927697,54.44234723],[18.54912574,54.442351],[18.54897588,54.44236339],[18.54882883,54.44238427],[18.54868599,54.44241347],[18.54854873,54.44245067],[18.54841841,54.44249554],[18.54829626,54.44254763],[18.54818345,54.44260646],[18.54808109,54.44267145],[18.54799014,54.44274197],[18.54791149,54.44281735],[18.54784589,54.44289686],[18.54779399,54.44297973],[18.54779135,54.44298572],[18.54770734,54.44297312],[18.54755777,54.44295962],[18.54740663,54.44295472],[18.54725539,54.44295848],[18.54710553,54.44297087],[18.54695846,54.44299175],[18.54681563,54.44302093],[18.54667837,54.44305814],[18.54654805,54.44310301],[18.54642589,54.4431551],[18.54631307,54.44321393],[18.54621071,54.44327892],[18.54611976,54.44334943],[18.5460411,54.44342481],[18.5459755,54.44350432],[18.54592359,54.44358719],[18.54588586,54.44367263],[18.54586268,54.44375981],[18.54585429,54.4438479],[18.54586073,54.44393604],[18.54588198,54.44402339],[18.54591782,54.44410911],[18.54596789,54.44419235],[18.54597151,54.4441969],[18.54587543,54.44421054],[18.54573258,54.44423973],[18.54559532,54.44427693],[18.54546499,54.4443218],[18.54534283,54.44437389],[18.54523001,54.44443272],[18.54512764,54.4444977],[18.54503668,54.44456821],[18.54495802,54.4446436],[18.54489242,54.4447231],[18.5448405,54.44480597],[18.54480277,54.44489141],[18.5447796,54.44497859],[18.54477119,54.44506667],[18.54477765,54.44515482],[18.54479888,54.44524217],[18.54483472,54.44532788],[18.54488479,54.44541114],[18.54494863,54.44549113],[18.54502561,54.4455671],[18.545115,54.4456383],[18.54521592,54.44570404],[18.54532744,54.44576372],[18.54544843,54.44581672],[18.54557776,54.44586257],[18.5457142,54.44590079],[18.5458564,54.44593106],[18.54600299,54.44595304],[18.54615258,54.44596655],[18.54630373,54.44597144],[18.54645497,54.44596768],[18.54660485,54.4459553],[18.54675191,54.44593442],[18.54689477,54.44590523],[18.54703204,54.44586803],[18.54716237,54.44582315],[18.54728453,54.44577106],[18.54739735,54.44571223],[18.54749972,54.44564725],[18.54759068,54.44557673],[18.54766933,54.44550135],[18.54773493,54.44542184],[18.54778684,54.44533897],[18.54782458,54.44525353],[18.54784773,54.44516634],[18.54785614,54.44507826],[18.54784967,54.44499012],[18.54782844,54.44490277],[18.54779259,54.44481706],[18.54774252,54.4447338],[18.54773889,54.44472926],[18.54783497,54.44471562],[18.54797783,54.44468643],[18.54811509,54.44464922],[18.54824542,54.44460435],[18.54836757,54.44455226],[18.54848039,54.44449343],[18.54858276,54.44442844],[18.54867371,54.44435792],[18.54875235,54.44428254],[18.54881795,54.44420303],[18.54886986,54.44412016],[18.5488725,54.44411418],[18.54895651,54.44412677],[18.54910609,54.44414028],[18.54925723,54.44414516],[18.54940847,54.4441414],[18.54955833,54.44412902],[18.54970539,54.44410813],[18.54984824,54.44407894],[18.5499855,54.44404173],[18.55011582,54.44399685],[18.55023797,54.44394476],[18.55035079,54.44388593],[18.55045315,54.44382094],[18.5505441,54.44375042],[18.55062274,54.44367504],[18.55068833,54.44359553],[18.55074024,54.44351266],[18.55077796,54.44342722],[18.55080111,54.44334003],[18.55080951,54.44325194],[18.55080547,54.44319692],[18.55082155,54.44319762],[18.55106192,54.44320679],[18.55109909,54.44320675],[18.55111684,54.44320573],[18.55113971,54.44320213],[18.55115705,54.44319644],[18.5511713,54.44319119],[18.55118929,54.44318227],[18.5512003,54.4431762],[18.55121462,54.44316483],[18.55122664,54.44315184],[18.5512345,54.44314239],[18.55262496,54.44294093],[18.55267407,54.44291891],[18.5529742,54.44281627],[18.55309833,54.44278736],[18.55328194,54.44263348],[18.55370194,54.44261274],[18.55360384,54.44267502],[18.5535129,54.44274555],[18.55343427,54.44282093],[18.55336868,54.44290044],[18.55331678,54.44298332],[18.55327908,54.44306875],[18.55327572,54.4430814],[18.55375853,54.44309147],[18.55388356,54.44309153],[18.5544775,54.44308018],[18.55542137,54.44305832],[18.55551286,54.44306428],[18.55594369,54.4430872],[18.55594863,54.44315458],[18.55595766,54.44319161],[18.55552505,54.44316674],[18.55552589,54.44316153],[18.55505883,54.44319619],[18.55462723,54.44323196],[18.55463205,54.44325916],[18.55419708,54.4432732],[18.55400356,54.4432801],[18.55324891,54.44326286],[18.553254,54.44333217],[18.55327527,54.44341951],[18.5533111,54.44350523],[18.55336119,54.44358848],[18.55342505,54.44366847],[18.55350204,54.44374442],[18.55359144,54.44381562],[18.55369239,54.44388136],[18.55380389,54.44394102],[18.5539249,54.44399402],[18.55405425,54.44403986],[18.55419067,54.44407808],[18.55433287,54.44410832],[18.55439155,54.44411713],[18.55421469,54.44424668],[18.55416191,54.44433006],[18.55416212,54.44433031],[18.55416185,54.44433016],[18.55405244,54.44450302],[18.55397393,54.44450006],[18.55388175,54.44473965],[18.55266614,54.44466517],[18.55250522,54.44465539],[18.55236807,54.44464776],[18.55238032,54.44420361],[18.55227141,54.4442411],[18.55214926,54.4442932],[18.55203646,54.44435204],[18.55193408,54.44441703],[18.55184315,54.44448755],[18.5517645,54.44456294],[18.55169892,54.44464244],[18.5516711,54.44468684],[18.55155942,54.44468963],[18.55140954,54.44470202],[18.55126248,54.4447229],[18.55111963,54.4447521],[18.55098238,54.4447893],[18.55085204,54.44483418],[18.55072989,54.44488628],[18.55061709,54.44494511],[18.55051471,54.4450101],[18.55047739,54.44503904],[18.55047693,54.4450386],[18.55045385,54.44504051],[18.55030677,54.44506139],[18.55016392,54.44509058],[18.55002667,54.44512779],[18.54989634,54.44517266],[18.54977417,54.44522476],[18.54966137,54.4452836],[18.549559,54.44534858],[18.54953602,54.44536639],[18.54947669,54.44537852],[18.54933942,54.44541573],[18.54924715,54.4454475],[18.54924215,54.44544705],[18.549091,54.44544216],[18.54893977,54.44544592],[18.54878989,54.4454583],[18.54864282,54.44547919],[18.54849997,54.44550838],[18.54836272,54.44554559],[18.54823237,54.44559046],[18.54811021,54.44564256],[18.54799741,54.44570138],[18.54789502,54.44576636],[18.54780408,54.44583689],[18.54772541,54.44591227],[18.54765982,54.44599177],[18.5476079,54.44607465],[18.54757779,54.44614287],[18.5475654,54.44614623],[18.54743505,54.44619109],[18.54731289,54.44624319],[18.54721099,54.44629632],[18.54720199,54.44629816],[18.5471315,54.44631727],[18.54710485,54.44631947],[18.54695776,54.44634036],[18.5468149,54.44636954],[18.54667765,54.44640675],[18.54666375,54.44641153],[18.54652164,54.44642328],[18.54637457,54.44644416],[18.54623171,54.44647335],[18.54621382,54.4464782],[18.54609004,54.44644351],[18.54594786,54.44641325],[18.54580125,54.44639127],[18.54565166,54.44637776],[18.54550051,54.44637286],[18.54534926,54.44637662],[18.54519938,54.446389],[18.54505231,54.44640988],[18.54496076,54.44642859],[18.54496075,54.44642863],[18.544901,54.44641968],[18.54475141,54.44640617],[18.54460026,54.44640127],[18.54444902,54.44640503],[18.54429914,54.44641741],[18.54415207,54.44643829],[18.54400921,54.44646747],[18.54391636,54.44649263],[18.54391594,54.44649258],[18.54376635,54.44647907],[18.5436152,54.44647416],[18.54346396,54.44647792],[18.54331408,54.4464903],[18.54316699,54.44651118],[18.54302413,54.44654036],[18.54288687,54.44657756],[18.54288517,54.44657815],[18.54283213,54.44654976],[18.54271113,54.44649674],[18.54268211,54.44648646],[18.54268056,54.44648276],[18.54263049,54.4463995],[18.54256665,54.44631951],[18.54248968,54.44624354],[18.54240029,54.44617234],[18.54229937,54.44610659],[18.54220819,54.4460578],[18.54220423,54.44600361],[18.54218299,54.44591625],[18.54214717,54.44583054],[18.5420971,54.44574728],[18.54203327,54.44566729],[18.5419563,54.44559132],[18.54186691,54.44552012],[18.54176599,54.44545437],[18.54165449,54.4453947],[18.54153349,54.44534168],[18.54140415,54.44529584],[18.54126774,54.4452576],[18.54112555,54.44522734],[18.54097896,54.44520535],[18.54082938,54.44519183],[18.54067823,54.44518693],[18.54052699,54.44519068],[18.54037712,54.44520306],[18.54023003,54.44522393],[18.54008717,54.44525311],[18.53994992,54.44529031],[18.53981958,54.44533517],[18.5396974,54.44538726],[18.53958458,54.44544608],[18.53948219,54.44551106],[18.53939122,54.44558157],[18.53931256,54.44565695],[18.53924694,54.44573645],[18.53919501,54.44581932],[18.53915726,54.44590475],[18.53913407,54.44599194],[18.53912566,54.44608002],[18.53913209,54.44616816],[18.53915332,54.44625551],[18.53918915,54.44634123],[18.53923921,54.44642449],[18.53930304,54.44650448],[18.53938001,54.44658045],[18.5394694,54.44665166],[18.53957032,54.44671741],[18.53966148,54.44676619],[18.53966543,54.44682039],[18.53966918,54.44683575],[18.53965131,54.4468419],[18.53952914,54.44689399],[18.53941631,54.44695281],[18.53931391,54.44701779],[18.53922294,54.4470883],[18.53917418,54.44713503],[18.53917079,54.44713452],[18.53908004,54.44708595],[18.53895903,54.44703293],[18.53882971,54.44698708],[18.53869329,54.44694884],[18.53855109,54.44691857],[18.53840449,54.44689658],[18.5382549,54.44688306],[18.53810375,54.44687815],[18.53807687,54.44687882],[18.53807157,54.44687803],[18.53792196,54.44686451],[18.53777083,54.4468596],[18.53761958,54.44686336],[18.53746968,54.44687573],[18.5373428,54.44689373],[18.53728843,54.44687445],[18.53715201,54.44683621],[18.53700982,54.44680594],[18.53686321,54.44678395],[18.53671362,54.44677043],[18.53656247,54.44676551],[18.53641124,54.44676927],[18.53626134,54.44678164],[18.53611427,54.4468025],[18.5359714,54.44683169],[18.53583414,54.44686887],[18.53570377,54.44691374],[18.53558159,54.44696581],[18.53546877,54.44702463],[18.53536636,54.4470896],[18.53527538,54.44716011],[18.5351967,54.44723549],[18.53513107,54.44731499],[18.53507913,54.44739786],[18.53504139,54.44748329],[18.53501819,54.44757047],[18.53500975,54.44765855],[18.53501619,54.4477467],[18.53503741,54.44783405],[18.53507322,54.44791977],[18.53512328,54.44800303],[18.5351871,54.44808303],[18.53526407,54.44815899],[18.53535344,54.4482302],[18.53545438,54.44829596],[18.53556587,54.44835564],[18.53568686,54.44840865],[18.5358162,54.44845451],[18.53595262,54.44849275],[18.53609482,54.44852302],[18.53620339,54.44853932],[18.5362477,54.44855873],[18.53637702,54.44860458],[18.53639326,54.44860913],[18.53647189,54.44866035],[18.53658338,54.44872002],[18.53670438,54.44877304],[18.53683372,54.4488189],[18.53697014,54.44885713],[18.53711234,54.4488874],[18.53725894,54.4489094],[18.53740855,54.44892292],[18.5375597,54.44892782],[18.53771095,54.44892408],[18.53786084,54.44891171],[18.53800794,54.44889083],[18.53815081,54.44886165],[18.53818558,54.44885223],[18.53830651,54.44885616],[18.53835516,54.44886651],[18.53850176,54.44888851],[18.53864227,54.4489012],[18.53866136,54.44890798],[18.53879779,54.44894621],[18.53893999,54.44897648],[18.53908661,54.44899848],[18.5392362,54.44901199],[18.53938736,54.44901689],[18.53939355,54.44901674],[18.53951609,54.44904282],[18.53966269,54.44906482],[18.5398123,54.44907833],[18.53996345,54.44908323],[18.54004852,54.44908113],[18.54006472,54.44908457],[18.54021133,54.44910657],[18.54036092,54.44912008],[18.54051208,54.44912498],[18.54066334,54.44912123],[18.54069584,54.44911855],[18.54075398,54.44914402],[18.54088331,54.44918986],[18.54101974,54.4492281],[18.54112404,54.4492503],[18.54113563,54.44926956],[18.54119946,54.44934957],[18.54127644,54.44942553],[18.54136583,54.44949673],[18.54146676,54.44956249],[18.54157828,54.44962215],[18.54169929,54.44967517],[18.54182862,54.44972101],[18.54196507,54.44975925],[18.54210728,54.44978951],[18.54225388,54.44981151],[18.54240348,54.44982501],[18.54255465,54.44982992],[18.5427059,54.44982616],[18.54272667,54.44982445],[18.54276476,54.44982789],[18.54291592,54.44983279],[18.54306718,54.44982903],[18.54321707,54.44981665],[18.54336417,54.44979577],[18.54350702,54.44976659],[18.5436443,54.44972938],[18.54377465,54.44968452],[18.54389683,54.44963243],[18.54400967,54.44957361],[18.54411205,54.44950862],[18.54415784,54.44947313],[18.54416821,54.44947287],[18.54431809,54.44946049],[18.54446519,54.44943961],[18.54451677,54.44942907],[18.54460499,54.44942688],[18.54475488,54.4494145],[18.54487821,54.44939699],[18.54499307,54.44939413],[18.54510302,54.44938506],[18.54514912,54.44938391],[18.545299,54.44937153],[18.5454461,54.44935065],[18.54558897,54.44932146],[18.54572623,54.44928426],[18.54585658,54.44923939],[18.54586379,54.44923632],[18.54594421,54.44923893],[18.54609547,54.44923517],[18.54624535,54.44922278],[18.54639245,54.4492019],[18.54653531,54.44917272],[18.54667258,54.44913551],[18.54680292,54.44909064],[18.54692511,54.44903855],[18.54703792,54.44897972],[18.5471403,54.44891473],[18.54721411,54.44885752],[18.54722294,54.44885513],[18.54735328,54.44881026],[18.54747545,54.44875816],[18.54758828,54.44869934],[18.54769066,54.44863435],[18.54778162,54.44856383],[18.54786028,54.44848845],[18.54789465,54.4484468],[18.54790588,54.4484452],[18.54799287,54.44842743],[18.548056,54.44841847],[18.54819886,54.44838928],[18.54833612,54.44835207],[18.54846648,54.44830721],[18.54851328,54.44828723],[18.54861949,54.44826554],[18.54870207,54.44824316],[18.54874155,54.44823989],[18.54882163,54.44822852],[18.54889966,54.44823105],[18.54905091,54.44822728],[18.54920079,54.4482149],[18.54920459,54.44821436],[18.54918714,54.44825386],[18.54916397,54.44834104],[18.54915558,54.44842913],[18.54916204,54.44851727],[18.54918329,54.44860462],[18.54921914,54.44869033],[18.54926923,54.44877358],[18.54933308,54.44885357],[18.54941008,54.44892954],[18.54949948,54.44900073],[18.54952919,54.44902008],[18.54950565,54.44902056],[18.54950678,54.4490359],[18.54952803,54.44912326],[18.54956388,54.44920896],[18.54957532,54.44922799],[18.54957525,54.44922799],[18.54955861,54.44924393],[18.54949301,54.44932343],[18.54944109,54.44940631],[18.54940338,54.44949174],[18.54938021,54.44957893],[18.5493718,54.44966701],[18.54937294,54.44968255],[18.54935989,54.44973167],[18.54935149,54.44981976],[18.54935313,54.44984192],[18.54934248,54.44988197],[18.54933409,54.44997005],[18.54933763,54.45001841],[18.54933675,54.45001816],[18.54923391,54.45006201],[18.54918787,54.4499855],[18.54912401,54.44990551],[18.54904702,54.44982954],[18.54895761,54.44975835],[18.54885667,54.44969261],[18.54874514,54.44963294],[18.54862413,54.44957993],[18.54849478,54.44953409],[18.54835834,54.44949586],[18.54821614,54.44946561],[18.54806952,54.44944363],[18.54791991,54.44943012],[18.54776875,54.44942522],[18.5476175,54.44942899],[18.54746761,54.44944137],[18.54732053,54.44946225],[18.54717766,54.44949144],[18.54704038,54.44952865],[18.54691004,54.44957351],[18.54678786,54.44962561],[18.54667503,54.44968444],[18.54657265,54.44974942],[18.54648168,54.44981994],[18.54640302,54.44989533],[18.54633741,54.44997483],[18.54628734,54.45005475],[18.54624061,54.45005324],[18.54608935,54.450057],[18.54593946,54.45006938],[18.54579236,54.45009026],[18.54564949,54.45011945],[18.54551223,54.45015665],[18.54538188,54.45020152],[18.54525969,54.45025361],[18.54514686,54.45031243],[18.54504448,54.45037742],[18.54495351,54.45044794],[18.54488111,54.45051731],[18.5448135,54.45051899],[18.54466361,54.45053137],[18.54451651,54.45055225],[18.54437365,54.45058143],[18.54423636,54.45061864],[18.54410601,54.4506635],[18.54398383,54.4507156],[18.54387099,54.45077441],[18.5437686,54.4508394],[18.54367763,54.45090992],[18.54359896,54.45098529],[18.54353334,54.4510648],[18.54348141,54.45114767],[18.54344367,54.45123311],[18.54342048,54.45132029],[18.54341208,54.45140838],[18.54341852,54.45149652],[18.54343977,54.45158387],[18.54347561,54.45166959],[18.54352569,54.45175283],[18.54358953,54.45183284],[18.54366652,54.4519088],[18.54375592,54.45197999],[18.54385686,54.45204575],[18.54396839,54.45210541],[18.5440894,54.45215843],[18.54421875,54.45220427],[18.54435521,54.45224251],[18.54449741,54.45227276],[18.54464404,54.45229476],[18.54479365,54.45230827],[18.54494482,54.45231316],[18.54509609,54.4523094],[18.54524599,54.45229702],[18.54539308,54.45227614],[18.54553596,54.45224695],[18.54567325,54.45220975],[18.5458036,54.45216488],[18.54592578,54.45211278],[18.54603863,54.45205396],[18.54614102,54.45198897],[18.54623199,54.45191846],[18.54630439,54.45184909],[18.54637198,54.45184741],[18.54652189,54.45183503],[18.54665563,54.45181604],[18.54667073,54.45182587],[18.54678225,54.45188553],[18.54690328,54.45193854],[18.54703264,54.45198439],[18.54716908,54.45202261],[18.5473113,54.45205287],[18.54745793,54.45207486],[18.54760754,54.45208836],[18.54775871,54.45209325],[18.54790996,54.4520895],[18.54805987,54.45207711],[18.54820696,54.45205622],[18.54829332,54.45203858],[18.54840652,54.45205555],[18.5484141,54.45205624],[18.54842881,54.45207074],[18.54851822,54.45214193],[18.54858181,54.45218335],[18.54860004,54.45225828],[18.54863589,54.452344],[18.54868598,54.45242726],[18.54870114,54.45244625],[18.54870083,54.45244616],[18.54870081,54.45244616],[18.54867374,54.45245002],[18.54853086,54.45247921],[18.54839358,54.45251641],[18.54826322,54.45256128],[18.54814104,54.45261338],[18.5480282,54.4526722],[18.5479957,54.45269283],[18.54799571,54.45269285],[18.54794693,54.45269687],[18.54786244,54.45270887],[18.54775236,54.45267803],[18.54761013,54.45264778],[18.54746352,54.4526258],[18.54731389,54.45261229],[18.54716273,54.45260739],[18.54701146,54.45261116],[18.54686156,54.45262354],[18.54671446,54.45264442],[18.54657158,54.45267361],[18.5464343,54.45271081],[18.54630394,54.45275568],[18.54618175,54.45280778],[18.54606892,54.45286661],[18.54596653,54.45293159],[18.54587555,54.45300211],[18.54579688,54.45307749],[18.54573126,54.45315699],[18.54567934,54.45323986],[18.54566954,54.45326204],[18.54558918,54.45332433],[18.54551051,54.4533997],[18.54544489,54.45347921],[18.54543028,54.45350254],[18.54536215,54.45353158],[18.54524932,54.4535904],[18.54514691,54.45365539],[18.54505593,54.45372591],[18.54497726,54.45380128],[18.54491164,54.4538808],[18.54485971,54.45396367],[18.54482198,54.4540491],[18.5447988,54.45413628],[18.54479038,54.45422437],[18.54479526,54.45429096],[18.54479499,54.45429082],[18.54467248,54.45430094],[18.54452538,54.45432182],[18.54438249,54.454351],[18.54435111,54.45435951],[18.54425642,54.45437295],[18.54420493,54.45437128],[18.54405365,54.45437504],[18.54390374,54.45438742],[18.54375663,54.4544083],[18.54361374,54.45443748],[18.54347646,54.45447469],[18.54334609,54.45451955],[18.54331453,54.454533],[18.54324613,54.45451846],[18.5430995,54.45449646],[18.54294988,54.45448295],[18.5427987,54.45447806],[18.54264743,54.45448181],[18.54249752,54.45449419],[18.54235041,54.45451507],[18.54220753,54.45454425],[18.54207023,54.45458145],[18.54194615,54.45462414],[18.54189547,54.45462833],[18.54177674,54.45464519],[18.54177667,54.45464562],[18.54170883,54.45462661],[18.5415666,54.45459635],[18.54141997,54.45457435],[18.54127035,54.45456083],[18.54111917,54.45455594],[18.54096791,54.45455969],[18.54081798,54.45457206],[18.54067088,54.45459294],[18.54066386,54.45459437],[18.54063269,54.45459515],[18.54048278,54.45460752],[18.54044435,54.45461298],[18.54035355,54.45461003],[18.54020227,54.45461379],[18.54005236,54.45462616],[18.54003315,54.45462889],[18.53991166,54.45462495],[18.53976039,54.4546287],[18.53961048,54.45464107],[18.53946336,54.45466195],[18.53932049,54.45469113],[18.53918318,54.45472833],[18.53918115,54.45472902],[18.539132,54.45473024],[18.53898209,54.45474262],[18.53883497,54.45476349],[18.53869208,54.45479266],[18.53855479,54.45482986],[18.53842442,54.45487472],[18.5383022,54.45492681],[18.53818936,54.45498563],[18.53808695,54.4550506],[18.53799595,54.45512112],[18.53791725,54.45519649],[18.53785163,54.45527599],[18.53779969,54.45535886],[18.53776193,54.45544429],[18.53773873,54.45553148],[18.53773031,54.45561956],[18.53773674,54.4557077],[18.53775797,54.45579505],[18.53779381,54.45588077],[18.53781501,54.45591605],[18.53781459,54.45592053],[18.53781598,54.45593963],[18.53780665,54.45593221],[18.53770571,54.45586646],[18.5375942,54.45580679],[18.53747316,54.45575377],[18.53734381,54.45570791],[18.53720737,54.45566967],[18.53706514,54.45563941],[18.5369185,54.4556174],[18.53676888,54.45560388],[18.5366177,54.45559898],[18.53646644,54.45560273],[18.53639918,54.45560827],[18.53633806,54.45559114],[18.53619583,54.45556087],[18.53604919,54.45553888],[18.53589957,54.45552536],[18.53574839,54.45552044],[18.53559711,54.4555242],[18.5354472,54.45553656],[18.53536639,54.45554803],[18.53536097,54.45554688],[18.53521435,54.45552488],[18.53506471,54.45551136],[18.53491355,54.45550645],[18.53476227,54.4555102],[18.53461235,54.45552256],[18.53446523,54.45554343],[18.53432233,54.4555726],[18.53418503,54.45560979],[18.53405466,54.45565465],[18.53404315,54.45565955],[18.53401824,54.45565874],[18.53386698,54.45566248],[18.53371705,54.45567485],[18.53356994,54.45569572],[18.53342704,54.45572489],[18.53328974,54.45576208],[18.53315935,54.45580693],[18.53303714,54.45585902],[18.53292428,54.45591783],[18.53282185,54.45598281],[18.53273084,54.45605331],[18.53269387,54.45608872],[18.53256427,54.45606927],[18.53241465,54.45605575],[18.53226347,54.45605084],[18.5321122,54.45605458],[18.53196227,54.45606694],[18.53181516,54.45608781],[18.53180571,54.45608974],[18.53177101,54.4560555],[18.53168162,54.45598429],[18.53158068,54.45591853],[18.53146917,54.45585885],[18.53134816,54.45580583],[18.5312188,54.45575996],[18.53108236,54.45572172],[18.53094014,54.45569144],[18.53079352,54.45566944],[18.53064389,54.45565591],[18.53049272,54.455651],[18.53034144,54.45565474],[18.53019152,54.4556671],[18.5300444,54.45568796],[18.52992872,54.45571158],[18.5298253,54.45568259],[18.52968308,54.45565231],[18.52953644,54.4556303],[18.52938683,54.45561677],[18.52923565,54.45561186],[18.52908438,54.45561559],[18.52908189,54.4556158],[18.52899208,54.45560232],[18.52884246,54.45558879],[18.52869128,54.45558387],[18.52854,54.45558761],[18.52848222,54.45559237],[18.52836676,54.45557505],[18.52821715,54.45556152],[18.52806596,54.45555659],[18.52791468,54.45556034],[18.52776477,54.4555727],[18.52761766,54.45559355],[18.52747475,54.45562271],[18.52733745,54.4556599],[18.52720705,54.45570474],[18.52708483,54.45575682],[18.52697195,54.45581563],[18.52686952,54.4558806],[18.52677851,54.4559511],[18.5266998,54.45602647],[18.52663414,54.45610597],[18.52658217,54.45618883],[18.5265444,54.45627426],[18.52652118,54.45636144],[18.52651273,54.45644952],[18.52651915,54.45653767],[18.52654036,54.45662502],[18.52657615,54.45671074],[18.5266262,54.456794],[18.52669002,54.45687401],[18.52676699,54.45694998],[18.52685637,54.45702119],[18.52694347,54.45707794],[18.52697299,54.45714862],[18.52702304,54.45723188],[18.52708686,54.45731188],[18.52716383,54.45738786],[18.52725321,54.45745907],[18.52735414,54.45752483],[18.52746566,54.45758452],[18.52758667,54.45763755],[18.52771602,54.45768341],[18.52785247,54.45772166],[18.5279947,54.45775194],[18.52814132,54.45777395],[18.52829095,54.45778747],[18.52844214,54.4577924],[18.52859343,54.45778866],[18.52874335,54.45777629],[18.52889049,54.45775544],[18.52895582,54.4577421],[18.52904569,54.4577673],[18.52918791,54.45779757],[18.52933454,54.45781958],[18.52948418,54.45783311],[18.52963536,54.45783802],[18.52978665,54.45783429],[18.5298667,54.45782769],[18.52989294,54.45784172],[18.53001395,54.45789475],[18.5301433,54.45794061],[18.53027976,54.45797886],[18.53042197,54.45800913],[18.53056862,54.45803114],[18.53071824,54.45804467],[18.53086944,54.45804958],[18.53102073,54.45804585],[18.53103683,54.45804451],[18.5310151,54.45807083],[18.53096314,54.4581537],[18.53092536,54.45823913],[18.53091906,54.45826281],[18.53079109,54.45824573],[18.52985584,54.45812085],[18.52815385,54.45789246],[18.52745506,54.45779876],[18.52689367,54.45772348],[18.52632616,54.45764641],[18.52605007,54.45760892],[18.52501467,54.45747183],[18.52320981,54.45753994],[18.52278451,54.45752978],[18.52257969,54.45752488],[18.52210598,54.45757107],[18.52176295,54.45760451],[18.52110733,54.45766951],[18.52105152,54.4576787],[18.52001399,54.45784951],[18.51999323,54.45786694],[18.5199798,54.45787822],[18.51994333,54.45785978],[18.52034308,54.45725588],[18.52036381,54.45722457],[18.52052611,54.45699569],[18.52109521,54.45619306],[18.52115203,54.45611375],[18.52042381,54.45580369],[18.52010578,54.45564818],[18.52005515,54.45562343],[18.52005151,54.45562166],[18.52002055,54.45560651],[18.5194089,54.45537201],[18.51936172,54.45535392],[18.51916014,54.45521768],[18.51911961,54.45516661],[18.51908728,54.45512591],[18.51897935,54.45485543],[18.51883902,54.45450381],[18.5188235,54.45445351],[18.51877341,54.45429116],[18.51879406,54.45395954],[18.51891065,54.45325457],[18.51900639,54.45263243],[18.51902515,54.4525143],[18.51903839,54.45243097],[18.51910626,54.4521814],[18.51912428,54.45211514],[18.51929052,54.45183816],[18.51927086,54.45183221],[18.5192215,54.45181725],[18.51839016,54.45142272],[18.51822507,54.45134436],[18.5181019,54.45128725],[18.51710392,54.45082447],[18.51583713,54.45023637],[18.51520989,54.44994517],[18.51485398,54.44978039],[18.51417367,54.44946542],[18.51391307,54.44934476],[18.51387252,54.44932599],[18.51360033,54.44919799],[18.51253879,54.44869879],[18.51175889,54.44834281],[18.51061273,54.44781964],[18.50947726,54.44729615],[18.50720793,54.44624831],[18.50710435,54.44625046],[18.50710141,54.44619971],[18.507082,54.4461908],[18.50676574,54.44604559],[18.50592156,54.44565923],[18.50448458,54.44500153],[18.50452476,54.44494989],[18.50468323,54.44474617],[18.50477918,54.44455384],[18.50497992,54.44415142],[18.50521686,54.44381468],[18.50525395,54.44376802],[18.50548569,54.44347646],[18.50565802,54.44331369],[18.50569035,54.44328315],[18.50579642,54.44322082],[18.50596352,54.44312263],[18.50617529,54.44302797],[18.50631491,54.44296554],[18.50674172,54.44283833],[18.5067735,54.44282883],[18.50679655,54.44282193],[18.50717784,54.44270819],[18.50753759,54.44260086],[18.5079207,54.44246402],[18.50819428,54.4423663],[18.5099141,54.44194334],[18.51090214,54.44171725],[18.51222058,54.44134941],[18.51261211,54.44123448],[18.51310504,54.44108978],[18.51340656,54.44101645],[18.51355435,54.44099763],[18.51366927,54.44098299],[18.51365758,54.44092491],[18.51341325,54.44066235],[18.51336136,54.44060659],[18.51312584,54.44033608],[18.51286154,54.44007249],[18.51285816,54.44006912],[18.51283418,54.44005436],[18.51271152,54.43997882],[18.51245491,54.43985756],[18.51211457,54.43969672],[18.5119277,54.43958134],[18.51183221,54.43948468],[18.51178876,54.4394407],[18.51172942,54.43936077],[18.51162714,54.43922297],[18.51150808,54.43905672],[18.51135457,54.4389465],[18.51105016,54.43881105],[18.51067965,54.4386401],[18.51057237,54.43859061],[18.51018855,54.43838308],[18.50901475,54.43774842],[18.50897517,54.43772693],[18.50874586,54.4376025],[18.50841886,54.43742506],[18.50826019,54.43730615],[18.50817916,54.43717741],[18.50817136,54.43716501],[18.50816469,54.43714116],[18.50813248,54.43702592],[18.5081084,54.43678565],[18.50810489,54.43675057],[18.50808902,54.43613914],[18.50808799,54.43609929],[18.50808721,54.43606908],[18.50806555,54.43522877],[18.50806332,54.43514783],[18.50801729,54.43396845],[18.50800532,54.43366321],[18.50798464,54.43313545],[18.50795844,54.43301068],[18.50792473,54.43295787],[18.5078866,54.43289814],[18.50709458,54.43202045],[18.50692481,54.43181935],[18.50677851,54.43164604],[18.50671071,54.43153531],[18.50663129,54.4314056],[18.50669183,54.43132817],[18.50679012,54.43126298],[18.50719721,54.43119957],[18.50727908,54.43118681],[18.50733694,54.43117087],[18.50765658,54.4310828],[18.50793954,54.43098139],[18.50821997,54.43088089],[18.50845136,54.43080076],[18.50870155,54.43076979],[18.50911657,54.43072195],[18.50924926,54.43068561],[18.50941006,54.43064156],[18.50952284,54.43057916],[18.50957369,54.43055103],[18.5096741,54.43045959],[18.50967464,54.43045788],[18.50971016,54.43034758],[18.50969407,54.43019621],[18.50967387,54.43000632],[18.50967054,54.42985793],[18.50966734,54.42971597],[18.50965272,54.42954981],[18.50963864,54.42938996],[18.50968757,54.42924762],[18.50978667,54.42908718],[18.51002218,54.42891809],[18.51037227,54.42877915],[18.51037978,54.4287753],[18.51050991,54.42870858],[18.51064,54.42857693],[18.51072085,54.42849511],[18.51082776,54.42838686],[18.5108782,54.42833578],[18.51103003,54.42820388],[18.51114679,54.42806439],[18.51115341,54.42793492],[18.51115361,54.42793095],[18.51109732,54.42753065],[18.51102534,54.42746817],[18.51088761,54.42716012],[18.51088245,54.4270931],[18.51086925,54.42692157],[18.51084932,54.42661686],[18.51084564,54.42656058],[18.51083033,54.42648267],[18.51079711,54.42631363],[18.51064772,54.42564932],[18.51061142,54.42560776],[18.51057204,54.42556267],[18.51050665,54.42535105],[18.51046481,54.42521569],[18.51043399,54.42510092],[18.51038273,54.42491002],[18.51030894,54.42486614],[18.51025747,54.42483553],[18.51014851,54.42483481],[18.51002585,54.424834],[18.50995685,54.42480092],[18.5098904,54.42476907],[18.50965958,54.4244901],[18.5095012,54.42429867],[18.50944977,54.42387886],[18.50940225,54.42382185],[18.50937282,54.42378655],[18.50935559,54.4237815],[18.50921771,54.42374112],[18.50883636,54.42367794],[18.50877719,54.4236525],[18.50865713,54.42360089],[18.50822971,54.42334562],[18.50815343,54.42330006],[18.50804987,54.42323585],[18.50781168,54.4230882],[18.5077573,54.42301083],[18.50769564,54.42292311],[18.50754359,54.42275034],[18.50796497,54.42268486],[18.50818362,54.42265089],[18.50837971,54.42263145],[18.50992098,54.42247862],[18.51201931,54.42227091],[18.51428888,54.42193145],[18.51518462,54.42162438],[18.51556326,54.42149458],[18.51611046,54.42136799],[18.51647117,54.42129051],[18.5170433,54.4211676],[18.51820392,54.42120576],[18.51944881,54.42132889],[18.52018278,54.4214737],[18.52053896,54.42154395],[18.52078028,54.42179143],[18.52234884,54.42219975],[18.52342959,54.42245805],[18.52405762,54.42260814],[18.52425955,54.42264726],[18.52443774,54.42268178],[18.5261419,54.4229546],[18.52721292,54.42313725],[18.52789898,54.42323102],[18.52852398,54.42320652],[18.52915515,54.42318177],[18.53102285,54.42299029],[18.53107912,54.42298999],[18.5319306,54.42298541],[18.53283812,54.42278015],[18.5332951,54.42267679],[18.53361391,54.42259611],[18.53436685,54.42240557],[18.53548437,54.42217188],[18.53590569,54.42209089],[18.53628292,54.42201838],[18.53732134,54.42181638],[18.5377711,54.42204151],[18.5383636,54.42199626],[18.53885299,54.42195888],[18.53896615,54.42185172],[18.53910257,54.42172255],[18.53932823,54.42176712],[18.53944951,54.42179108],[18.53982648,54.42172902],[18.5400268,54.42169438],[18.54026751,54.42165275],[18.54059115,54.42163615],[18.54086442,54.42162213],[18.54101665,54.42163608],[18.54125439,54.42165785],[18.54173223,54.42176847],[18.54227249,54.42185553],[18.54238928,54.42188215],[18.54277937,54.42197104],[18.54336914,54.42213361],[18.54436618,54.42256595],[18.54490903,54.42254688],[18.54535345,54.4224782],[18.54552221,54.42245211],[18.5462949,54.42244107],[18.54648554,54.42245475],[18.54693213,54.4224868],[18.5471552,54.42250681],[18.54720195,54.42250906],[18.5473274,54.4225151],[18.54745444,54.42250914],[18.54775132,54.42249524],[18.5478668,54.42248984],[18.54866643,54.42231658],[18.54942237,54.42213714],[18.55062755,54.42187398],[18.55066626,54.42186553],[18.55204773,54.42157244],[18.55270577,54.42143992],[18.55286532,54.42140779],[18.55296351,54.42137341],[18.55346981,54.42119613],[18.5540209,54.42092075],[18.55464189,54.42066561],[18.55543054,54.42039039],[18.55594927,54.42016213],[18.55743094,54.41973285],[18.5576508,54.4201082],[18.55778928,54.42033383],[18.55779827,54.42034848],[18.55782884,54.42039753],[18.55819564,54.42098607],[18.55843523,54.42143815],[18.55855427,54.42166275],[18.55861806,54.4217766],[18.55888049,54.42224496],[18.55917322,54.42276261],[18.55921779,54.42285168],[18.55926,54.422936],[18.55927456,54.42296486],[18.5593083,54.42303227],[18.55947209,54.42301888],[18.55955423,54.42301217],[18.55966606,54.42300288]],[[18.5499881,54.42916042],[18.54997627,54.42917009],[18.5499687,54.42918597],[18.54996355,54.42920519],[18.5499661,54.42921177],[18.54997387,54.42922078],[18.54997953,54.42922422],[18.54998384,54.42922559],[18.5499974,54.42922564],[18.55004476,54.42922357],[18.55005759,54.42922137],[18.55006581,54.42921708],[18.55008308,54.42920222],[18.55008776,54.42919774],[18.5500909,54.42919272],[18.5500891,54.42918822],[18.55007406,54.42918115],[18.55004153,54.42916719],[18.55001802,54.42915919],[18.55000757,54.429156],[18.54999663,54.42915569],[18.5499881,54.42916042]],[[18.55012342,54.42920759],[18.55012216,54.4292528],[18.55012283,54.42926206],[18.55012817,54.42926712],[18.55014633,54.42926988],[18.5501716,54.42927195],[18.55020689,54.42927343],[18.55023633,54.42927453],[18.55027673,54.42927468],[18.55029108,54.42927339],[18.55029977,54.42926866],[18.55030526,54.42926005],[18.55031403,54.42923338],[18.55032564,54.42920106],[18.55032881,54.42919361],[18.55033407,54.42919174],[18.55033823,54.42919193],[18.55034085,54.42919275],[18.55034314,54.42919465],[18.55034308,54.42920004],[18.55038036,54.42920306],[18.55043628,54.42920785],[18.55044167,54.42920832],[18.55044396,54.42921076],[18.55044347,54.42921354],[18.55044465,54.42921777],[18.55045357,54.42922014],[18.55048809,54.42922225],[18.55054125,54.42922496],[18.55058346,54.42922872],[18.55058807,54.4292308],[18.5505903,54.42923755],[18.5505854,54.42926334],[18.55058659,54.42926676],[18.55058997,54.42926812],[18.55060352,54.42926979],[18.55068886,54.42927757],[18.55070058,54.42927761],[18.55070245,54.42927537],[18.55070753,54.42924779],[18.55070932,54.42922514],[18.55071499,54.42920098],[18.55069943,54.42919903],[18.55061069,54.42919259],[18.55055215,54.42918788],[18.55050006,54.42918516],[18.55050077,54.42916215],[18.55046856,54.42916068],[18.55044145,54.42915852],[18.55041236,54.42915301],[18.55040618,54.42915434],[18.55040459,54.42915883],[18.55040462,54.42918418],[18.55035823,54.42918275],[18.55034101,54.42917783],[18.55033486,54.42917655],[18.55031822,54.42917523],[18.55030588,54.42917572],[18.5502436,54.42917405],[18.55019437,54.429178],[18.55014819,54.42918493],[18.55012673,54.42918764],[18.55012235,54.42919284],[18.55012342,54.42920759]],[[18.5519982,54.42948264],[18.55198619,54.42952323],[18.55208259,54.42953518],[18.55210653,54.4294469],[18.55179005,54.42934],[18.55178243,54.42934627],[18.55168634,54.42930572],[18.55167247,54.42931997],[18.55165624,54.42933726],[18.5519982,54.42948264]],[[18.54160962,54.43214725],[18.54161729,54.43209576],[18.54161534,54.4320491],[18.5413802,54.43204704],[18.54127717,54.43204943],[18.54121073,54.43204756],[18.54111891,54.43203957],[18.54098669,54.43201821],[18.54095975,54.43205479],[18.54091629,54.4321083],[18.54160962,54.43214725]],[[18.51518201,54.44451906],[18.51529402,54.44454306],[18.51538086,54.44454341],[18.51546959,54.444515],[18.5155015,54.44447755],[18.51550683,54.4444043],[18.51547455,54.44435616],[18.51543576,54.44433596],[18.51536098,54.44433305],[18.51524262,54.44433779],[18.51511836,54.44433208],[18.51504516,54.44432567],[18.51500751,54.44434036],[18.5150042,54.44437172],[18.51502022,54.44441287],[18.51507188,54.44446629],[18.51518201,54.44451906]],[[18.55223372,54.42998972],[18.55209735,54.42995149],[18.55195521,54.42992125],[18.55180865,54.42989927],[18.55165912,54.42988577],[18.55150803,54.42988088],[18.55135686,54.42988465],[18.55120703,54.42989704],[18.55106002,54.42991792],[18.55091722,54.42994711],[18.55078003,54.42998433],[18.55064973,54.4300292],[18.55052763,54.4300813],[18.55041487,54.43014013],[18.55031252,54.43020512],[18.55022161,54.43027564],[18.55014299,54.43035102],[18.55007741,54.43043053],[18.55002553,54.43051341],[18.54998783,54.43059884],[18.54996467,54.43068603],[18.54995627,54.43077411],[18.54996274,54.43086226],[18.54998399,54.4309496],[18.55001981,54.43103532],[18.55006988,54.43111857],[18.5501337,54.43119856],[18.55021066,54.43127452],[18.55030003,54.43134572],[18.55040095,54.43141146],[18.55051241,54.43147112],[18.55063338,54.43152413],[18.55076268,54.43156997],[18.55089906,54.43160819],[18.55104121,54.43163844],[18.55118776,54.43166043],[18.55133731,54.43167393],[18.55148839,54.43167881],[18.55163958,54.43167505],[18.5517894,54.43166266],[18.55193643,54.43164177],[18.55207924,54.43161257],[18.55221643,54.43157537],[18.55234672,54.43153049],[18.55246884,54.43147838],[18.5525816,54.43141956],[18.55268393,54.43135457],[18.55277485,54.43128404],[18.55285348,54.43120866],[18.55291903,54.43112915],[18.55297091,54.43104628],[18.55300862,54.43096083],[18.55303177,54.43087365],[18.55304015,54.43078556],[18.55303369,54.43069742],[18.55301244,54.43061007],[18.55297659,54.43052436],[18.55292652,54.43044111],[18.55286271,54.43036112],[18.55278572,54.43028516],[18.55269636,54.43021397],[18.55259546,54.43014823],[18.55248399,54.43008856],[18.55236301,54.43003556],[18.55223372,54.42998972]],[[18.54606307,54.42941574],[18.54592027,54.42944492],[18.54578307,54.42948213],[18.54565279,54.42952699],[18.54553066,54.42957909],[18.5454179,54.42963792],[18.54540502,54.42964609],[18.54534267,54.42965124],[18.54519566,54.42967213],[18.54505286,54.42970131],[18.54491566,54.42973851],[18.54478536,54.42978338],[18.54466325,54.42983548],[18.54455048,54.4298943],[18.54444813,54.42995928],[18.5443572,54.4300298],[18.54427857,54.43010517],[18.54421299,54.43018468],[18.54416109,54.43026755],[18.54412338,54.43035299],[18.54410021,54.43044017],[18.5440918,54.43052826],[18.54409825,54.4306164],[18.54411949,54.43070375],[18.5441553,54.43078946],[18.54420535,54.43087272],[18.54426916,54.43095271],[18.54434612,54.43102868],[18.54443547,54.43109988],[18.54453638,54.43116563],[18.54464784,54.4312253],[18.54476879,54.43127831],[18.54489809,54.43132415],[18.54500554,54.43135428],[18.54502241,54.43138232],[18.54508623,54.43146232],[18.54516318,54.43153828],[18.54525254,54.43160947],[18.54529997,54.43164039],[18.54528349,54.43167774],[18.54526032,54.43176492],[18.54525192,54.431853],[18.54525837,54.43194115],[18.5452796,54.4320285],[18.54531543,54.43211421],[18.54536549,54.43219746],[18.54542929,54.43227746],[18.54550627,54.43235342],[18.54559563,54.43242462],[18.54569652,54.43249037],[18.54580798,54.43255004],[18.54592896,54.43260305],[18.54605825,54.43264889],[18.54619462,54.43268712],[18.54633678,54.43271738],[18.54648334,54.43273936],[18.54663288,54.43275287],[18.54678398,54.43275777],[18.54693516,54.432754],[18.547085,54.43274162],[18.54723202,54.43272074],[18.54737483,54.43269155],[18.54751204,54.43265434],[18.54764234,54.43260947],[18.54776446,54.43255738],[18.54787724,54.43249855],[18.54797959,54.43243356],[18.54807051,54.43236304],[18.54814914,54.43228767],[18.54821472,54.43220815],[18.54826661,54.43212528],[18.54830431,54.43203984],[18.54832748,54.43195266],[18.54833588,54.43186457],[18.54832942,54.43177643],[18.54830817,54.43168908],[18.54827235,54.43160336],[18.54826139,54.43158513],[18.54837005,54.43154771],[18.54849217,54.43149561],[18.54860495,54.43143678],[18.54870728,54.43137179],[18.5487982,54.43130127],[18.54887683,54.43122589],[18.5489424,54.43114638],[18.54899429,54.43106351],[18.54899926,54.43105225],[18.54900853,54.43104507],[18.54908715,54.43096969],[18.54915273,54.43089018],[18.54920461,54.4308073],[18.54924231,54.43072187],[18.54926548,54.43063468],[18.54927387,54.4305466],[18.54926741,54.43045846],[18.54924616,54.43037111],[18.54921034,54.43028539],[18.54916028,54.43020214],[18.54909646,54.43012215],[18.5490195,54.43004619],[18.54893014,54.42997499],[18.54882924,54.42990924],[18.54871777,54.42984958],[18.54859681,54.42979658],[18.54846753,54.42975073],[18.54833115,54.42971251],[18.548189,54.42968225],[18.54804246,54.42966026],[18.54789293,54.42964676],[18.54774185,54.42964187],[18.54759726,54.42964546],[18.547487,54.42958643],[18.54736605,54.42953343],[18.54723675,54.42948759],[18.54710039,54.42944935],[18.54695824,54.4294191],[18.54681171,54.42939712],[18.54666217,54.42938361],[18.54651109,54.42937871],[18.54635991,54.42938248],[18.5462101,54.42939486],[18.54606307,54.42941574]],[[18.51307496,54.43494901],[18.5129457,54.43490313],[18.51280935,54.43486486],[18.51266721,54.43483457],[18.51252066,54.43481254],[18.51237112,54.434799],[18.51222002,54.43479405],[18.51206883,54.43479777],[18.51191897,54.43481012],[18.51177193,54.43483095],[18.51162908,54.4348601],[18.51149184,54.43489726],[18.51136148,54.43494209],[18.51123931,54.43499415],[18.51112648,54.43505295],[18.51102406,54.4351179],[18.51093307,54.43518839],[18.51085437,54.43526375],[18.51078873,54.43534324],[18.51073674,54.4354261],[18.51069896,54.43551152],[18.51067571,54.4355987],[18.51066723,54.43568678],[18.51067361,54.43577493],[18.51069478,54.43586228],[18.51073052,54.43594801],[18.51078053,54.43603128],[18.51083535,54.43610008],[18.51078659,54.43610127],[18.51063672,54.43611361],[18.51048967,54.43613446],[18.51034683,54.4361636],[18.51020957,54.43620077],[18.51007922,54.43624559],[18.50995704,54.43629765],[18.5098442,54.43635644],[18.50974178,54.4364214],[18.50965079,54.43649189],[18.50957207,54.43656724],[18.50950643,54.43664673],[18.50945444,54.43672958],[18.50941665,54.43681501],[18.5093934,54.43690219],[18.50938491,54.43699027],[18.5093882,54.43703552],[18.50936677,54.43711586],[18.50935829,54.43720395],[18.50936467,54.43729209],[18.50938583,54.43737945],[18.50942157,54.43746517],[18.50947157,54.43754844],[18.50953532,54.43762845],[18.50961222,54.43770444],[18.50970153,54.43777566],[18.50980238,54.43784144],[18.50991382,54.43790114],[18.51003475,54.43795419],[18.51016402,54.43800007],[18.51030039,54.43803834],[18.51044254,54.43806864],[18.51058908,54.43809067],[18.51073863,54.43810422],[18.51088975,54.43810916],[18.51104097,54.43810544],[18.51106499,54.43810346],[18.51116009,54.43812373],[18.51130664,54.43814577],[18.5114562,54.43815932],[18.5116073,54.43816425],[18.51175852,54.43816054],[18.51187262,54.43815114],[18.51199429,54.43817707],[18.51214085,54.43819911],[18.5122904,54.43821266],[18.51244152,54.43821759],[18.51259274,54.43821388],[18.51274259,54.43820153],[18.51288965,54.43818069],[18.5130325,54.43815154],[18.51316976,54.43811437],[18.51330012,54.43806954],[18.5134223,54.43801748],[18.51353515,54.43795869],[18.51363756,54.43789372],[18.51372855,54.43782323],[18.51380725,54.43774788],[18.51387291,54.43766838],[18.51392487,54.43758553],[18.51396265,54.4375001],[18.51398589,54.43741293],[18.51399437,54.43732484],[18.51399424,54.43732305],[18.51401593,54.43727401],[18.51403917,54.43718682],[18.51404763,54.43709875],[18.51404126,54.4370106],[18.51402008,54.43692325],[18.51398433,54.43683752],[18.51393431,54.43675425],[18.51387057,54.43667424],[18.51379364,54.43659826],[18.51370435,54.43652704],[18.51360348,54.43646126],[18.51349205,54.43640157],[18.51337112,54.43634853],[18.51330493,54.43632504],[18.51339467,54.43626812],[18.51348564,54.43619762],[18.51356436,54.43612227],[18.51362999,54.43604278],[18.51368196,54.43595992],[18.51371975,54.43587449],[18.51374299,54.43578732],[18.51375146,54.43569923],[18.51374508,54.43561109],[18.51372391,54.43552373],[18.51368814,54.43543801],[18.51363814,54.43535474],[18.5135744,54.43527474],[18.51349748,54.43519875],[18.51340818,54.43512753],[18.51330732,54.43506176],[18.5131959,54.43500205],[18.51307496,54.43494901]],[[18.52735557,54.44790171],[18.52720441,54.4478968],[18.52705316,54.44790053],[18.52690327,54.44791289],[18.52675619,54.44793375],[18.52661331,54.44796292],[18.52647604,54.44800009],[18.52634566,54.44804494],[18.52622346,54.44809702],[18.52611062,54.44815582],[18.52600819,54.44822079],[18.52591719,54.4482913],[18.5258385,54.44836666],[18.52577285,54.44844615],[18.52572089,54.44852902],[18.52568312,54.44861445],[18.5256599,54.44870163],[18.52565145,54.44878972],[18.52565787,54.44887785],[18.52567907,54.44896521],[18.52571486,54.44905093],[18.5257649,54.44913419],[18.5258287,54.44921419],[18.52590565,54.44929017],[18.52599502,54.44936138],[18.52609594,54.44942715],[18.52620742,54.44948684],[18.5263284,54.44953987],[18.52645774,54.44958573],[18.52659415,54.44962398],[18.52673635,54.44965426],[18.52688295,54.44967627],[18.52703254,54.4496898],[18.5271837,54.44969473],[18.52733496,54.44969098],[18.52748485,54.44967862],[18.52763196,54.44965777],[18.52777484,54.4496286],[18.52791212,54.44959142],[18.52804249,54.44954657],[18.5281647,54.44949449],[18.52827755,54.44943568],[18.52837996,54.44937072],[18.52847095,54.44930021],[18.52854965,54.44922484],[18.52861529,54.44914534],[18.52866725,54.44906248],[18.52870502,54.44897705],[18.52872824,54.44888987],[18.52873667,54.44880179],[18.52873026,54.44871364],[18.52870905,54.44862629],[18.52867324,54.44854057],[18.5286232,54.44845731],[18.52855938,54.44837731],[18.52848243,54.44830134],[18.52839306,54.44823012],[18.52829216,54.44816436],[18.52818068,54.44810468],[18.52805968,54.44805165],[18.52793036,54.44800578],[18.52779396,54.44796754],[18.52765176,54.44793726],[18.52750516,54.44791524],[18.52735557,54.44790171]],[[18.54019825,54.45236937],[18.54004864,54.45235585],[18.53989747,54.45235096],[18.5397462,54.4523547],[18.5395963,54.45236708],[18.5394492,54.45238796],[18.53930632,54.45241714],[18.53916902,54.45245432],[18.53903866,54.45249919],[18.53891647,54.45255128],[18.53880362,54.45261009],[18.53870121,54.45267507],[18.53861023,54.45274559],[18.53853154,54.45282096],[18.53846591,54.45290046],[18.53841397,54.45298333],[18.53837623,54.45306877],[18.53835303,54.45315595],[18.53834461,54.45324404],[18.53835105,54.45333217],[18.53837228,54.45341953],[18.5384081,54.45350524],[18.53845817,54.4535885],[18.53852201,54.45366849],[18.53859899,54.45374447],[18.53868839,54.45381567],[18.53878933,54.45388142],[18.53890085,54.4539411],[18.53902187,54.45399412],[18.53915121,54.45403996],[18.53928767,54.45407821],[18.53942989,54.45410847],[18.53957651,54.45413046],[18.53972613,54.45414398],[18.5398773,54.45414888],[18.54002858,54.45414513],[18.54017849,54.45413275],[18.5403256,54.45411188],[18.54046847,54.4540827],[18.54060578,54.4540455],[18.54073614,54.45400064],[18.54085833,54.45394855],[18.54097119,54.45388973],[18.54107359,54.45382475],[18.54116458,54.45375423],[18.54124326,54.45367886],[18.54130888,54.45359935],[18.54136082,54.45351648],[18.54139857,54.45343105],[18.54142176,54.45334386],[18.54143017,54.45325578],[18.54142373,54.45316764],[18.54140249,54.45308029],[18.54136665,54.45299457],[18.54131658,54.45291131],[18.54125273,54.45283132],[18.54117575,54.45275536],[18.54108635,54.45268415],[18.54098541,54.4526184],[18.54087389,54.45255873],[18.54075287,54.45250572],[18.54062353,54.45245986],[18.54048708,54.45242163],[18.54034488,54.45239137],[18.54019825,54.45236937]]],[[[18.53849352,54.45838649],[18.5379361,54.45854947],[18.53793514,54.45854975],[18.53786595,54.45857032],[18.53788338,54.45856123],[18.5379858,54.45849626],[18.5380768,54.45842574],[18.53811113,54.45839286],[18.53825419,54.4583975],[18.53840549,54.45839376],[18.53849352,54.45838649]]],[[[18.5417654,54.45754511],[18.54128273,54.45769781],[18.54106692,54.45772744],[18.54033716,54.45782572],[18.54040716,54.45775867],[18.5404728,54.45767917],[18.54048656,54.45765719],[18.54059239,54.45763559],[18.54072969,54.45759839],[18.54086007,54.45755353],[18.54098228,54.45750144],[18.54109513,54.45744261],[18.5411918,54.45738129],[18.54119389,54.45738019],[18.54130168,54.45737752],[18.5414516,54.45736514],[18.54159871,54.45734427],[18.54174161,54.45731509],[18.54187892,54.45727789],[18.5420093,54.45723303],[18.5421315,54.45718093],[18.54215583,54.45716825],[18.54222524,54.45714437],[18.54230136,54.45711191],[18.54232322,54.457106],[18.54245359,54.45706113],[18.54257377,54.4570099],[18.54258784,54.45700506],[18.54258784,54.45700508],[18.54264739,54.45700701],[18.54279868,54.45700326],[18.54294859,54.45699088],[18.54309572,54.45696999],[18.5431288,54.45696324],[18.54312873,54.45696343],[18.54314719,54.4569733],[18.54326821,54.45702631],[18.54339758,54.45707215],[18.54345524,54.45708831],[18.54350673,54.45712184],[18.54360718,54.45717558],[18.54360831,54.45717531],[18.54360314,54.45722954],[18.54360958,54.45731768],[18.54363083,54.45740503],[18.54363722,54.4574203],[18.54363118,54.45748358],[18.54363763,54.45757173],[18.54365888,54.45765907],[18.54369471,54.45774479],[18.54372212,54.45779034],[18.54365385,54.45784324],[18.54357517,54.45791862],[18.54350954,54.45799813],[18.54345761,54.458081],[18.54341987,54.45816643],[18.54341348,54.45819045],[18.54341343,54.45819003],[18.54340563,54.45808119],[18.54339737,54.45796585],[18.54335977,54.45751582],[18.54332129,54.45705535],[18.54245028,54.45732933],[18.54202887,54.4574619],[18.54194905,54.45748701],[18.5417654,54.45754511]]],[[[18.54351788,54.45947389],[18.5434513,54.4586973],[18.54344147,54.4585828],[18.54344108,54.45857729],[18.5434518,54.45860291],[18.54346361,54.45862255],[18.54347226,54.45865809],[18.54350809,54.4587438],[18.54355818,54.45882706],[18.54362204,54.45890706],[18.54369904,54.45898302],[18.54378846,54.45905421],[18.54388943,54.45911997],[18.54400096,54.45917963],[18.544122,54.45923265],[18.54425138,54.45927849],[18.54438784,54.45931673],[18.54453009,54.45934698],[18.54467673,54.45936897],[18.54482638,54.45938248],[18.54497756,54.45938738],[18.54510856,54.45938412],[18.5451274,54.4593908],[18.54526387,54.45942904],[18.54540611,54.45945929],[18.54555277,54.45948128],[18.54565884,54.45949086],[18.5456288,54.45952726],[18.54557685,54.45961012],[18.54556859,54.45962886],[18.54547242,54.45967898],[18.54537001,54.45974396],[18.54527902,54.45981448],[18.54520034,54.45988986],[18.54513471,54.45996936],[18.54508277,54.46005224],[18.54504502,54.46013767],[18.54502185,54.46022486],[18.5450204,54.46023988],[18.54496732,54.46026388],[18.54482021,54.46032347],[18.54473616,54.46033286],[18.54460362,54.46033236],[18.54450988,54.46033884],[18.54444726,54.46036359],[18.54440143,54.46040505],[18.54438357,54.46044871],[18.5440873,54.46044397],[18.54358815,54.46043599],[18.54358762,54.46042943],[18.54358741,54.46042701],[18.54358185,54.46032466],[18.54356843,54.46007724],[18.54355772,54.45995465],[18.54355179,54.45968182],[18.54353988,54.4596088],[18.54351788,54.45947389]]],[[[18.55151433,54.46198125],[18.55150404,54.46197983],[18.55148917,54.46197777],[18.55139928,54.46196802],[18.55141091,54.46196564],[18.55154821,54.46192843],[18.55167859,54.46188356],[18.55180081,54.46183146],[18.55191365,54.46177263],[18.55201606,54.46170765],[18.55210704,54.46163712],[18.55218572,54.46156174],[18.55225133,54.46148223],[18.55230326,54.46139936],[18.55234099,54.46131391],[18.55235087,54.46127678],[18.55235798,54.46145005],[18.55237592,54.46146434],[18.5524769,54.46153008],[18.55258847,54.46158975],[18.55270952,54.46164275],[18.55283891,54.46168859],[18.55297539,54.46172681],[18.55311765,54.46175706],[18.55326432,54.46177904],[18.55341396,54.46179253],[18.55356517,54.46179743],[18.55371647,54.46179365],[18.5538664,54.46178126],[18.55401352,54.46176037],[18.55411504,54.46173963],[18.55425675,54.46174421],[18.55440805,54.46174044],[18.55455798,54.46172805],[18.55470512,54.46170716],[18.55484801,54.46167796],[18.55498532,54.46164074],[18.55511569,54.46159587],[18.55523789,54.46154376],[18.55535075,54.46148493],[18.55545314,54.46141994],[18.5554803,54.46139888],[18.55548026,54.46139866],[18.55553355,54.46142199],[18.55566294,54.46146782],[18.55579942,54.46150605],[18.55590253,54.46152797],[18.55590471,54.46155749],[18.55592599,54.46164483],[18.55596185,54.46173055],[18.55601196,54.4618138],[18.55607585,54.46189379],[18.55615288,54.46196974],[18.55624232,54.46204094],[18.55634331,54.46210667],[18.55645488,54.46216633],[18.55657594,54.46221933],[18.55661726,54.46223396],[18.55662088,54.46228319],[18.55664216,54.46237054],[18.55667802,54.46245625],[18.55672814,54.46253951],[18.55679203,54.46261949],[18.55686906,54.46269544],[18.55695851,54.46276663],[18.55705951,54.46283237],[18.55717108,54.46289203],[18.55722058,54.4629137],[18.55724555,54.46294497],[18.5573226,54.46302092],[18.55741205,54.46309212],[18.55751304,54.46315786],[18.5576246,54.46321751],[18.55774568,54.46327051],[18.55787508,54.46331634],[18.55801157,54.46335456],[18.55815384,54.4633848],[18.55828984,54.46340517],[18.55822077,54.4634373],[18.55818333,54.46345167],[18.55818043,54.46345302],[18.55813445,54.46347436],[18.55812242,54.46346325],[18.55807899,54.46342313],[18.55814006,54.46338844],[18.55807563,54.46338404],[18.55803525,54.46338129],[18.55797734,54.46337607],[18.55794164,54.46339358],[18.55787404,54.4634469],[18.55787926,54.46346808],[18.55791107,54.46349255],[18.55787474,54.46349363],[18.55785341,54.46349425],[18.55777843,54.46348193],[18.55772998,54.46349837],[18.55772501,54.46350006],[18.55769008,54.46348252],[18.55762184,54.46343216],[18.55752158,54.46343163],[18.55746288,54.46334119],[18.55743747,54.46330202],[18.55741475,54.46328767],[18.5573124,54.46322299],[18.55732085,54.46315866],[18.55732553,54.46312302],[18.55726113,54.46310544],[18.55720066,54.46308208],[18.55719773,54.46308094],[18.55719047,54.46306517],[18.55718072,54.463044],[18.5571225,54.46302639],[18.55708516,54.46302665],[18.55703075,54.46305107],[18.55696634,54.46305505],[18.55696301,54.46305048],[18.55694969,54.46303213],[18.55694736,54.46303064],[18.55690502,54.46300367],[18.55690398,54.4630036],[18.55680685,54.46299729],[18.5567911,54.46299548],[18.55663669,54.462944],[18.55660875,54.46293469],[18.5565319,54.46293118],[18.55653315,54.46293147],[18.55655835,54.46293744],[18.55649936,54.46295397],[18.55648082,54.46295761],[18.5564403,54.46296557],[18.5563138,54.46295664],[18.55623931,54.46295139],[18.55630359,54.46289847],[18.55632,54.46288498],[18.55618124,54.46293513],[18.55612579,54.462884],[18.55615572,54.4628268],[18.55613196,54.46279232],[18.5561662,54.46274706],[18.55616344,54.46273494],[18.55616047,54.46272184],[18.55606613,54.462685],[18.55599472,54.46265711],[18.55583954,54.46259799],[18.55563599,54.46254313],[18.55554139,54.46253844],[18.55547924,54.4625039],[18.55543572,54.46247972],[18.55532938,54.46233808],[18.55532322,54.46223496],[18.55527599,54.46222035],[18.55519887,54.46222033],[18.55513178,54.4622203],[18.55500432,54.46221379],[18.55500404,54.46221373],[18.55493254,54.46219848],[18.55489736,54.46219974],[18.55483496,54.46220199],[18.55479196,54.4622165],[18.55475453,54.46222913],[18.5546557,54.46222024],[18.55465179,54.46222097],[18.55459016,54.46223249],[18.55453864,54.46222749],[18.55452469,54.46222614],[18.55451251,54.46223924],[18.55449261,54.46226062],[18.55440281,54.46225797],[18.55436171,54.46223786],[18.55435314,54.46223367],[18.55430321,54.46223623],[18.55427153,54.46222174],[18.55424237,54.4622084],[18.55415146,54.46220288],[18.55411025,54.46220019],[18.55403617,54.46223063],[18.55402324,54.46223191],[18.55397333,54.46223684],[18.55395169,54.46224463],[18.5539233,54.46225487],[18.55381953,54.46226819],[18.55372851,54.46226481],[18.55369901,54.46226371],[18.55346056,54.46223848],[18.55317776,54.46226376],[18.55295596,54.46230817],[18.552669,54.46234704],[18.55266203,54.46233296],[18.55265451,54.46232062],[18.55263365,54.46228637],[18.55262929,54.46227368],[18.55262304,54.46225542],[18.55263132,54.46224038],[18.5526363,54.46223156],[18.55249376,54.46219447],[18.55246899,54.46218728],[18.55242796,54.46217537],[18.55203552,54.46205335],[18.55151433,54.46198125]]],[[[18.55866057,54.46356851],[18.55866523,54.46355247],[18.55869594,54.46344689],[18.55868031,54.46342318],[18.55875268,54.46342137],[18.55890263,54.46340897],[18.55892192,54.46340623],[18.5589429,54.46340937],[18.55909256,54.46342286],[18.55924377,54.46342775],[18.55939508,54.46342397],[18.55954501,54.46341157],[18.55969214,54.46339067],[18.55983505,54.46336147],[18.55997236,54.46332425],[18.56010274,54.46327937],[18.56022493,54.46322726],[18.56033778,54.46316842],[18.56044018,54.46310342],[18.56053115,54.46303289],[18.56060981,54.4629575],[18.56067542,54.46287799],[18.56072732,54.46279511],[18.56076503,54.46270967],[18.56078818,54.46262248],[18.56079657,54.4625344],[18.56079007,54.46244626],[18.56076879,54.46235891],[18.56073291,54.4622732],[18.56068279,54.46218995],[18.56061889,54.46210997],[18.56054185,54.46203402],[18.5604524,54.46196282],[18.56035141,54.46189709],[18.56023983,54.46183744],[18.56011877,54.46178444],[18.55998937,54.46173862],[18.55985287,54.4617004],[18.55971061,54.46167016],[18.55956395,54.46164818],[18.5594143,54.46163469],[18.55935338,54.46163273],[18.5592555,54.46156902],[18.55914394,54.46150937],[18.55902287,54.46145637],[18.55898156,54.46144174],[18.55897794,54.46139251],[18.55895665,54.46130516],[18.55892077,54.46121945],[18.55887065,54.4611362],[18.55880676,54.46105622],[18.55872973,54.46098026],[18.55864028,54.46090907],[18.5585393,54.46084334],[18.55842772,54.46078368],[18.55830666,54.46073068],[18.55817727,54.46068485],[18.55814313,54.4606753],[18.55821186,54.46064599],[18.55832469,54.46058716],[18.55842708,54.46052216],[18.55851805,54.46045163],[18.55859671,54.46037625],[18.55866232,54.46029674],[18.55871422,54.46021386],[18.55875195,54.46012841],[18.5587751,54.46004123],[18.55878347,54.45995314],[18.558777,54.459865],[18.55875572,54.45977765],[18.55874978,54.45976345],[18.5588182,54.45972002],[18.55890917,54.45964948],[18.55898783,54.4595741],[18.55905343,54.45949459],[18.55910533,54.45941171],[18.55914304,54.45932627],[18.5591662,54.45923908],[18.55916799,54.45922027],[18.55922591,54.45915005],[18.55927783,54.45906717],[18.55931554,54.45898172],[18.55933869,54.45889454],[18.55934708,54.45880645],[18.55934059,54.45871831],[18.55931931,54.45863096],[18.55928344,54.45854526],[18.55923331,54.45846201],[18.55920729,54.45842942],[18.55925181,54.45835832],[18.55928921,54.45827361],[18.55933746,54.458257],[18.55945964,54.45820489],[18.55957246,54.45814606],[18.55967486,54.45808106],[18.55976582,54.45801053],[18.55984448,54.45793515],[18.55991008,54.45785563],[18.55996198,54.45777275],[18.55999968,54.45768731],[18.56002283,54.45760013],[18.56003122,54.45751204],[18.56002472,54.45742389],[18.56000344,54.45733655],[18.55996758,54.45725084],[18.55991746,54.45716759],[18.55989555,54.45714016],[18.55995533,54.45711467],[18.56006817,54.45705583],[18.56017055,54.45699083],[18.56017189,54.4569898],[18.56019238,54.45698424],[18.56032273,54.45693935],[18.56044491,54.45688725],[18.56055774,54.45682841],[18.56066012,54.45676341],[18.56075108,54.45669289],[18.56082973,54.45661749],[18.56089532,54.45653798],[18.56094722,54.4564551],[18.56098492,54.45636966],[18.56100807,54.45628247],[18.56101645,54.45619439],[18.56101622,54.45619125],[18.56101584,54.45619121],[18.56104014,54.4561524],[18.56101704,54.45615053],[18.56068222,54.45612378],[18.56039247,54.45610061],[18.56040524,54.45606469],[18.56036672,54.45597674],[18.56037006,54.45593925],[18.56052199,54.45573873],[18.56056066,54.45566901],[18.56058437,54.4555646],[18.56059821,54.45546139],[18.56063822,54.45538699],[18.56074472,54.45521328],[18.56082269,54.45500655],[18.56082738,54.45498927],[18.56072249,54.45497493],[18.56053694,54.45494875],[18.56052011,54.45494712],[18.56058625,54.45478905],[18.56062273,54.4547949],[18.56064693,54.45473595],[18.56067785,54.45472048],[18.5610545,54.45438873],[18.56108031,54.45420636],[18.5609058,54.45402078],[18.56089227,54.45398316],[18.5608535,54.45397867],[18.56081539,54.45397633],[18.56077652,54.45397525],[18.56069958,54.45397516],[18.56066104,54.45397632],[18.56062268,54.4539783],[18.56058543,54.45398287],[18.56054866,54.45398907],[18.56051315,54.45399696],[18.56048904,54.45400453],[18.56067328,54.45377348],[18.5606229,54.45371989],[18.56063087,54.45365939],[18.56070096,54.45373877],[18.56083502,54.45379969],[18.56109677,54.4538283],[18.56141961,54.45381531],[18.56167751,54.45379029],[18.56163909,54.45375971],[18.56153812,54.45369398],[18.56142656,54.45363432],[18.56130552,54.45358132],[18.56117615,54.4535355],[18.56111908,54.45351952],[18.56112794,54.45349945],[18.56115108,54.45341226],[18.56115946,54.45332417],[18.56115297,54.45323603],[18.56114811,54.45321609],[18.56115238,54.45321623],[18.56130363,54.45321245],[18.56145355,54.45320005],[18.56160063,54.45317915],[18.5617435,54.45314995],[18.56188077,54.45311272],[18.56199389,54.45307376],[18.56201026,54.45303415],[18.56209386,54.45283259],[18.56205986,54.45282664],[18.56213823,54.45262853],[18.56220251,54.45248062],[18.56221053,54.45248103],[18.56229975,54.45226292],[18.56232855,54.4522042],[18.56197956,54.45221281],[18.56210107,54.45189556],[18.5623832,54.45189228],[18.56242475,54.45180961],[18.56271313,54.45185876],[18.56275671,54.4518661],[18.56289254,54.45156215],[18.56253097,54.45150463],[18.56252108,54.45150306],[18.56247517,54.45140474],[18.56239235,54.45139171],[18.56253005,54.45119018],[18.56271645,54.45090989],[18.56282713,54.45075332],[18.56264132,54.45069729],[18.56262801,54.45067191],[18.56263186,54.450666],[18.56263712,54.45066723],[18.56266596,54.45062307],[18.56262901,54.45061489],[18.56262976,54.4506139],[18.56259333,54.4506058],[18.56255956,54.45054143],[18.56258024,54.45050233],[18.56260493,54.45050036],[18.56266756,54.45051399],[18.56274819,54.45038991],[18.56274431,54.45038893],[18.56269405,54.45037722],[18.56271676,54.45033081],[18.56287169,54.45020144],[18.56287746,54.45019263],[18.56279183,54.4501774],[18.56246356,54.45011882],[18.5626745,54.44972773],[18.56265983,54.44972511],[18.562599,54.44974227],[18.56267618,54.44962512],[18.56268008,54.44962976],[18.56268211,54.4496161],[18.56275504,54.44950518],[18.56277991,54.44949913],[18.56270317,54.4496143],[18.56364732,54.44982607],[18.56381635,54.44985278],[18.5638356,54.44981693],[18.56398856,54.4495833],[18.56416098,54.44961779],[18.56424653,54.44972012],[18.56481279,54.44982114],[18.56460411,54.44999213],[18.56476813,54.45002461],[18.56490884,54.44983828],[18.56565569,54.44997153],[18.56593941,54.45069428],[18.56601425,54.4507343],[18.56613529,54.45078729],[18.56626466,54.45083311],[18.56640113,54.45087132],[18.56654336,54.45090156],[18.56668999,54.45092352],[18.5668396,54.450937],[18.56699077,54.45094187],[18.56714203,54.45093809],[18.56729192,54.45092568],[18.56743901,54.45090476],[18.56758185,54.45087556],[18.56771912,54.45083832],[18.56772896,54.45083493],[18.56741144,54.45124696],[18.56620503,54.4528603],[18.56539161,54.45400774],[18.5646102,54.45534289],[18.56399505,54.45642651],[18.56367545,54.45702037],[18.56362059,54.45695168],[18.56354355,54.45687573],[18.56345411,54.45680455],[18.56335313,54.45673881],[18.56324156,54.45667916],[18.5631205,54.45662617],[18.56299112,54.45658034],[18.56285463,54.45654213],[18.5627124,54.45651189],[18.56256574,54.45648993],[18.56241611,54.45647644],[18.56226492,54.45647156],[18.56211364,54.45647535],[18.56196373,54.45648775],[18.56181664,54.45650865],[18.56167375,54.45653785],[18.56153646,54.45657507],[18.56140611,54.45661996],[18.56128394,54.45667207],[18.5611711,54.4567309],[18.56106873,54.45679591],[18.56097777,54.45686644],[18.56089912,54.45694182],[18.56083352,54.45702134],[18.56078163,54.45710422],[18.56074393,54.45718966],[18.56072077,54.45727684],[18.56071239,54.45736493],[18.56071889,54.45745307],[18.56074017,54.45754042],[18.56077604,54.45762613],[18.56082616,54.45770937],[18.56089005,54.45778936],[18.56096708,54.45786531],[18.56105652,54.4579365],[18.5611575,54.45800224],[18.56126907,54.45806189],[18.56139013,54.45811488],[18.56151952,54.45816071],[18.56165601,54.45819892],[18.56179826,54.45822916],[18.56194491,54.45825113],[18.56209454,54.45826462],[18.56224574,54.45826949],[18.56239703,54.45826572],[18.56254694,54.45825331],[18.56269406,54.45823241],[18.56283693,54.4582032],[18.56297423,54.45816598],[18.56308371,54.45812828],[18.56280108,54.45877721],[18.56279447,54.45876622],[18.56273058,54.45868624],[18.56265354,54.45861028],[18.56256409,54.4585391],[18.56246309,54.45847337],[18.56235153,54.45841371],[18.56223048,54.45836072],[18.56210107,54.45831489],[18.5619646,54.45827668],[18.56182235,54.45824644],[18.5616757,54.45822447],[18.56152606,54.45821099],[18.56137487,54.45820611],[18.56122358,54.45820989],[18.56107366,54.45822229],[18.56092654,54.45824319],[18.56078365,54.4582724],[18.56064637,54.45830961],[18.56051601,54.4583545],[18.56039382,54.4584066],[18.56028099,54.45846545],[18.56017861,54.45853044],[18.56008765,54.45860097],[18.56000899,54.45867636],[18.55994339,54.45875587],[18.55989149,54.45883875],[18.55985377,54.45892419],[18.55983062,54.45901138],[18.55982225,54.45909947],[18.55982873,54.4591876],[18.55985001,54.45927496],[18.55988589,54.45936066],[18.55993601,54.45944391],[18.56,54.4595239],[18.56007694,54.45959985],[18.56016638,54.45967104],[18.56026737,54.45973677],[18.56037892,54.45979643],[18.5605,54.45984942],[18.56062939,54.45989525],[18.56076587,54.45993346],[18.56090813,54.45996371],[18.56105479,54.45998567],[18.56120444,54.45999916],[18.56135564,54.46000404],[18.56150694,54.46000026],[18.56165686,54.45998786],[18.56180397,54.45996696],[18.56194686,54.45993775],[18.56208415,54.45990053],[18.56221452,54.45985564],[18.56233671,54.45980354],[18.56242194,54.45975908],[18.5622212,54.46043771],[18.56199078,54.46158413],[18.56207629,54.46281658],[18.56217293,54.46391484],[18.56205383,54.46392392],[18.56169239,54.46395148],[18.56145467,54.46396957],[18.56140196,54.46397358],[18.56114174,54.46395907],[18.56098909,54.46397334],[18.56098607,54.46397369],[18.56095198,54.46397765],[18.56094743,54.4639701],[18.5609403,54.4639583],[18.56087905,54.46394457],[18.56069417,54.46384039],[18.56061606,54.46379637],[18.56060322,54.46377916],[18.56058887,54.46375993],[18.56050146,54.46373125],[18.56048491,54.46372582],[18.56041487,54.46369058],[18.56024468,54.46370654],[18.56019078,54.46368915],[18.56016783,54.46368174],[18.56011744,54.46366832],[18.5599937,54.46363538],[18.55996751,54.46362984],[18.5599173,54.4636192],[18.55986895,54.46360777],[18.55984395,54.46360185],[18.55981792,54.46360269],[18.55976285,54.46360447],[18.55971251,54.46361809],[18.55967128,54.46362924],[18.55965861,54.46363641],[18.55959231,54.4636739],[18.55940121,54.46369626],[18.55937327,54.46369454],[18.55924099,54.4636864],[18.55920178,54.46367888],[18.55913028,54.46366517],[18.55903839,54.46367702],[18.55898648,54.46368371],[18.55881368,54.46369089],[18.55871072,54.46366118],[18.55865156,54.46362093],[18.55866057,54.46356851]],[[18.56454019,54.45215614],[18.56449379,54.45214918],[18.56449378,54.45214918],[18.5636886,54.45256115],[18.56349619,54.45279405],[18.56352399,54.45297021],[18.56357564,54.45298194],[18.56353556,54.45304366],[18.56356181,54.45321003],[18.56347828,54.45328734],[18.5634518,54.45346122],[18.56451462,54.45430313],[18.56460282,54.4542851],[18.5647401,54.45424788],[18.56487044,54.45420299],[18.5649926,54.45415087],[18.56510543,54.45409204],[18.56520779,54.45402703],[18.56529873,54.4539565],[18.56537737,54.45388111],[18.56544295,54.45380159],[18.56549484,54.45371871],[18.56553252,54.45363327],[18.56555566,54.45354608],[18.56556403,54.45345799],[18.56555753,54.45336985],[18.56554175,54.4533051],[18.5655568,54.45328106],[18.56559449,54.45319561],[18.56561763,54.45310843],[18.565626,54.45302034],[18.56561949,54.45293219],[18.5655982,54.45284485],[18.56556233,54.45275915],[18.5655122,54.4526759],[18.56544831,54.45259591],[18.56537128,54.45251996],[18.56528184,54.45244878],[18.56518087,54.45238304],[18.56506931,54.4523234],[18.56494827,54.45227041],[18.56481889,54.45222459],[18.56468242,54.45218637],[18.56454019,54.45215614]]],[[[18.57159826,54.44725609],[18.57162965,54.44724757],[18.57003384,54.44842158],[18.5690538,54.44939739],[18.56904746,54.44931153],[18.56902616,54.44922419],[18.56899263,54.44914411],[18.5690528,54.44912779],[18.56918312,54.44908289],[18.56930526,54.44903077],[18.56941806,54.44897193],[18.56952041,54.44890693],[18.56961133,54.44883638],[18.56968995,54.44876099],[18.56975552,54.44868148],[18.56980739,54.44859859],[18.56984506,54.44851314],[18.56986819,54.44842596],[18.56987655,54.44833787],[18.56987003,54.44824973],[18.56984873,54.44816238],[18.56981286,54.44807668],[18.56976273,54.44799343],[18.56969884,54.44791346],[18.56962181,54.4478375],[18.56953237,54.44776633],[18.5694314,54.4477006],[18.56931985,54.44764095],[18.56919881,54.44758796],[18.56906945,54.44754215],[18.56893299,54.44750394],[18.56879077,54.44747371],[18.56864416,54.44745175],[18.56849456,54.44743827],[18.5683434,54.4474334],[18.5683403,54.44743348],[18.56837533,54.44737751],[18.56837717,54.44737334],[18.5684139,54.44738362],[18.56855612,54.44741385],[18.56870274,54.44743582],[18.56885235,54.44744929],[18.5690035,54.44745416],[18.56915473,54.44745037],[18.56930462,54.44743796],[18.56945169,54.44741704],[18.56959453,54.44738783],[18.56973177,54.4473506],[18.56986209,54.44730571],[18.56998423,54.44725359],[18.57009701,54.44719474],[18.57014538,54.44716402],[18.5701456,54.44716516],[18.57015181,54.44716788],[18.57028119,54.44721369],[18.57041763,54.4472519],[18.57055985,54.44728213],[18.57070647,54.44730409],[18.57085608,54.44731756],[18.57100722,54.44732243],[18.57115847,54.44731863],[18.57130836,54.44730623],[18.57145542,54.44728531],[18.57159826,54.44725609]]],[[[18.57311607,54.44634991],[18.57295346,54.44649515],[18.57293093,54.4465152],[18.57241892,54.44679587],[18.57243815,54.44677253],[18.57249003,54.44668964],[18.57252769,54.4466042],[18.57255081,54.44651702],[18.57255915,54.44642893],[18.57255265,54.44634078],[18.57253134,54.44625344],[18.57249546,54.44616774],[18.57244532,54.44608449],[18.57238144,54.44600451],[18.57230439,54.44592856],[18.57221497,54.44585739],[18.57211399,54.44579166],[18.57200245,54.44573202],[18.57188142,54.44567903],[18.57175204,54.44563322],[18.5716156,54.44559501],[18.57153681,54.44557827],[18.57157429,54.44549329],[18.57159741,54.4454061],[18.57160013,54.44537727],[18.57085562,54.44512699],[18.57095963,54.44502978],[18.57095342,54.44502739],[18.57101507,54.44497067],[18.57106604,54.4449893],[18.5710808,54.44497476],[18.57101748,54.44495638],[18.57055886,54.44482333],[18.57049503,54.4448885],[18.57040701,54.44485522],[18.57032406,54.44493234],[18.57033707,54.44493722],[18.57032492,54.4449486],[18.57013844,54.4448859],[18.57009724,54.44473552],[18.57038462,54.4443515],[18.57053698,54.4443184],[18.57068023,54.44402573],[18.57078279,54.44389879],[18.5709148,54.44387419],[18.57094531,54.44383473],[18.57101539,54.44385545],[18.57142964,54.44377826],[18.57089892,54.44348925],[18.57090748,54.4434797],[18.57095142,54.44349527],[18.57108785,54.44353347],[18.57123006,54.4435637],[18.57137666,54.44358565],[18.57152627,54.44359913],[18.57167739,54.44360399],[18.57182863,54.4436002],[18.57197849,54.44358778],[18.57212555,54.44356687],[18.5722153,54.44354851],[18.57223974,54.44363736],[18.57223757,54.44367295],[18.57226099,54.4438437],[18.57253646,54.44409621],[18.57261983,54.44411956],[18.57276205,54.44414978],[18.57290865,54.44417173],[18.57305825,54.44418521],[18.57320938,54.44419007],[18.57336062,54.44418627],[18.57351048,54.44417386],[18.57365754,54.44415294],[18.57380037,54.44412373],[18.5739376,54.44408649],[18.57406789,54.44404159],[18.57419003,54.44398947],[18.57423245,54.44396732],[18.57380121,54.44497347],[18.57311607,54.44634991]]],[[[18.57558204,54.44231114],[18.5756977,54.44227129],[18.5756033,54.44236694],[18.57475617,54.44322908],[18.57475464,54.4432084],[18.57473333,54.44312106],[18.57469743,54.44303534],[18.5746473,54.44295211],[18.57463515,54.44293689],[18.57463453,54.44293695],[18.57463772,54.44290333],[18.5746312,54.4428152],[18.57462223,54.4427784],[18.57462323,54.44277871],[18.57464219,54.44277356],[18.5747725,54.44272866],[18.57489462,54.44267654],[18.57500738,54.44261769],[18.57510972,54.44255267],[18.57520062,54.44248213],[18.57527921,54.44240674],[18.57530446,54.44237611],[18.57530556,54.44237688],[18.57544483,54.44234838],[18.57558204,54.44231114]]],[[[18.57649744,54.44139038],[18.5766178,54.441339],[18.57640209,54.44155758],[18.57640554,54.44152118],[18.57640261,54.44148182],[18.57540744,54.44134274],[18.57507521,54.4413635],[18.57499858,54.4414322],[18.57459229,54.44132353],[18.57437734,54.44126409],[18.57436486,54.44127565],[18.574348,54.44127141],[18.57422998,54.44138101],[18.57404329,54.44134871],[18.57404146,54.44134302],[18.57405528,54.44122127],[18.57401975,54.44117727],[18.57400319,54.44117252],[18.57398214,54.4411665],[18.57396945,54.44116324],[18.5738098,54.4411215],[18.57397373,54.44090681],[18.57380552,54.44085575],[18.57381471,54.44082615],[18.57390479,54.4407827],[18.57389907,54.44078137],[18.57391734,54.44075478],[18.573948,54.44076186],[18.57398129,54.44074579],[18.57405262,54.44069429],[18.5740659,54.44069721],[18.57408464,54.44067043],[18.57406948,54.44066718],[18.57407314,54.44066303],[18.57408737,54.44066638],[18.5740999,54.44064791],[18.57448082,54.44071272],[18.57481217,54.44083459],[18.57485102,54.44079051],[18.57500488,54.44061592],[18.57531033,54.44068904],[18.57573628,54.44079115],[18.57555933,54.44094488],[18.57647357,54.44139861],[18.57649744,54.44139038]]],[[[18.57783117,54.44020356],[18.5779335,54.44013854],[18.57793849,54.44013467],[18.57742437,54.44057704],[18.57743934,54.44054307],[18.57746245,54.44045588],[18.57746834,54.44039379],[18.57749592,54.44034968],[18.57749526,54.44034936],[18.57759632,54.44031454],[18.57771842,54.44026241],[18.57783117,54.44020356]]],[[[18.57902461,54.43916031],[18.57907317,54.43912946],[18.57854458,54.43958586],[18.57810488,54.43999028],[18.57816851,54.43991307],[18.57822035,54.43983019],[18.57822163,54.43982729],[18.57827822,54.43977299],[18.57834375,54.43969347],[18.57839559,54.43961058],[18.57843324,54.43952513],[18.57845635,54.43943794],[18.5784632,54.43936553],[18.57852227,54.43935344],[18.57865947,54.4393162],[18.57878976,54.43927129],[18.57891186,54.43921916],[18.57902461,54.43916031]]],[[[18.57943069,54.43874853],[18.57950277,54.43872369],[18.57958258,54.43868961],[18.57933249,54.43890556],[18.57936193,54.43886983],[18.57941377,54.43878695],[18.57943069,54.43874853]]],[[[18.58204595,54.43665515],[18.58218875,54.43662592],[18.58227472,54.43660258],[18.58166567,54.43705169],[18.58166723,54.43703517],[18.5816611,54.43695246],[18.58165999,54.43695224],[18.58168857,54.43693408],[18.58177944,54.43686353],[18.58185802,54.43678813],[18.58192354,54.4367086],[18.58194828,54.43666906],[18.58204595,54.43665515]]],[[[18.58686252,54.43336993],[18.5851211,54.43452008],[18.58337268,54.43579291],[18.58311324,54.43598423],[18.58311777,54.43597394],[18.58312226,54.43595696],[18.58320024,54.43588213],[18.58326575,54.4358026],[18.58331758,54.43571971],[18.58335523,54.43563427],[18.58337832,54.43554708],[18.58338663,54.43545899],[18.58338011,54.43537084],[18.58335879,54.4352835],[18.58332288,54.4351978],[18.58327274,54.43511456],[18.58320884,54.43503458],[18.58313692,54.43496369],[18.58313543,54.43496361],[18.58320462,54.43491963],[18.58329549,54.43484909],[18.58337406,54.43477368],[18.58343958,54.43469415],[18.58348756,54.43461742],[18.58354604,54.43461257],[18.58369305,54.43459164],[18.58383584,54.43456241],[18.58397302,54.43452516],[18.58410329,54.43448026],[18.58422537,54.43442812],[18.5843381,54.43436926],[18.5844404,54.43430424],[18.58453125,54.43423369],[18.58460983,54.43415829],[18.58467532,54.43407876],[18.58471754,54.43401125],[18.5848372,54.43402201],[18.58498831,54.43402686],[18.58513951,54.43402305],[18.58528933,54.43401062],[18.58543633,54.43398968],[18.58557912,54.43396045],[18.58571631,54.43392321],[18.58584657,54.43387829],[18.58596864,54.43382616],[18.58608138,54.4337673],[18.58618366,54.43370228],[18.58627452,54.43363172],[18.58635308,54.43355632],[18.58636117,54.43354652],[18.58641193,54.43353612],[18.5865491,54.43349887],[18.58667936,54.43345396],[18.58680144,54.43340182],[18.58686252,54.43336993]]],[[[18.58801968,54.43257996],[18.58809206,54.43256966],[18.5875419,54.43296208],[18.58707611,54.43323162],[18.5871073,54.43320738],[18.58717561,54.43314183],[18.58725357,54.43310853],[18.58736631,54.43304967],[18.58746858,54.43298464],[18.58755944,54.43291409],[18.587638,54.43283869],[18.5877035,54.43275915],[18.58775531,54.43267627],[18.58779137,54.43259438],[18.58786987,54.4325924],[18.58801968,54.43257996]]],[[[18.56192953,54.44320044],[18.56193537,54.44318526],[18.56199799,54.44319418],[18.56193792,54.44320832],[18.56192953,54.44320044]]],[[[18.56219922,54.44314683],[18.56202883,54.44312473],[18.56182026,54.44309768],[18.561817,54.44309461],[18.56182523,54.44307453],[18.56171954,54.4430603],[18.56180253,54.44287214],[18.56189469,54.4429053],[18.5619142,54.44285774],[18.56227351,54.4428442],[18.5624627,54.44300937],[18.56226136,54.4431322],[18.56219922,54.44314683]]],[[[18.56444031,54.44063924],[18.56442269,54.44072008],[18.56419502,54.44066033],[18.5642636,54.44036796],[18.56409178,54.4402587],[18.56413,54.44019056],[18.56410087,54.44018854],[18.56418426,54.43976748],[18.56424098,54.4398385],[18.56431798,54.43991444],[18.56440739,54.43998563],[18.56450833,54.44005136],[18.56461985,54.44011101],[18.56474087,54.440164],[18.5648702,54.44020982],[18.56500662,54.44024804],[18.56514881,54.44027827],[18.56529541,54.44030024],[18.56544499,54.44031372],[18.56559612,54.44031859],[18.56574732,54.44031481],[18.56589719,54.4403024],[18.56604422,54.44028149],[18.56618705,54.44025228],[18.56630188,54.44022113],[18.5664406,54.4402256],[18.56659182,54.44022182],[18.56667374,54.44021503],[18.56666786,54.44022927],[18.56666287,54.44037025],[18.56658872,54.44072612],[18.5664314,54.44070844],[18.56617806,54.44067989],[18.5661543,54.44067839],[18.56597812,54.44066699],[18.56585364,54.44066156],[18.565758,54.44065688],[18.5655134,54.44064689],[18.56540468,54.44064308],[18.56509327,54.4406281],[18.56483449,54.44061924],[18.56482696,54.44065432],[18.56481667,54.44070163],[18.56470378,54.44069775],[18.5645509,54.44064375],[18.56455563,54.44060743],[18.56444815,54.4406029],[18.56444031,54.44063924]]],[[[18.56497527,54.43893586],[18.56482557,54.43919491],[18.56481147,54.43920283],[18.56478787,54.43919021],[18.56466687,54.43913722],[18.56453752,54.43909139],[18.56440111,54.43905318],[18.56425892,54.43902295],[18.56411234,54.43900098],[18.56396277,54.43898749],[18.56381164,54.43898262],[18.56366043,54.4389864],[18.56351058,54.43899881],[18.56336353,54.43901972],[18.56322071,54.43904892],[18.5630835,54.43908614],[18.5629532,54.43913103],[18.56283107,54.43918314],[18.56275169,54.43922456],[18.56275583,54.43921388],[18.56269555,54.43900452],[18.56268937,54.43889735],[18.56265059,54.43889876],[18.56269639,54.43885485],[18.56276195,54.43877534],[18.56281382,54.43869246],[18.5628515,54.43860701],[18.56285364,54.438599],[18.56285364,54.43859899],[18.56285201,54.43845094],[18.56274876,54.43832814],[18.56269469,54.43828917],[18.5628894,54.43749521],[18.56288139,54.43747968],[18.56299075,54.43709453],[18.56320331,54.43701857],[18.56343233,54.43679582],[18.56355224,54.43659518],[18.56358934,54.43640096],[18.56360106,54.43637074],[18.56360575,54.43619969],[18.56366682,54.43616062],[18.56373195,54.43609728],[18.56368405,54.43551307],[18.56362699,54.43542092],[18.5636972,54.43524464],[18.56387139,54.43515608],[18.56448748,54.43522012],[18.5645756,54.43525478],[18.56483792,54.43525707],[18.56485096,54.43525854],[18.56522048,54.43545535],[18.56531781,54.43546832],[18.56535088,54.43554532],[18.56544561,54.43555749],[18.56537479,54.43582088],[18.56565299,54.43584366],[18.56559328,54.43610646],[18.56555914,54.43625828],[18.56548847,54.43625215],[18.56543,54.43624712],[18.56535624,54.4362409],[18.5653542,54.43624981],[18.56534313,54.43629622],[18.56532793,54.43635774],[18.56527716,54.43635259],[18.56526346,54.4363983],[18.56527951,54.43639993],[18.56525113,54.43649898],[18.56524848,54.43650789],[18.56496572,54.43647911],[18.56492018,54.43647457],[18.5648986,54.4365637],[18.56494321,54.43656808],[18.56557694,54.43663267],[18.56551079,54.43690003],[18.56549007,54.43698375],[18.56559224,54.43699396],[18.56552847,54.43714152],[18.56542136,54.43738891],[18.56476805,54.43729152],[18.5647228,54.43728472],[18.56472123,54.43729102],[18.56468165,54.43728912],[18.56466623,54.43731349],[18.56467962,54.43732815],[18.56471083,54.43733294],[18.56469248,54.43737767],[18.56473727,54.4373842],[18.56473252,54.43738609],[18.56478772,54.43744655],[18.56502516,54.43770661],[18.5650351,54.43767957],[18.56509624,54.43768656],[18.5651472,54.43769351],[18.56512763,54.43774975],[18.5651249,54.43775381],[18.56520318,54.43776342],[18.56524731,54.43776874],[18.56527542,54.43778379],[18.56535922,54.43786704],[18.56508288,54.43802295],[18.56508115,54.43806085],[18.56515901,54.43807044],[18.56521953,54.43807762],[18.56510998,54.43842727],[18.56500002,54.43841197],[18.56487813,54.43839503],[18.56486253,54.43839911],[18.56484188,54.43846112],[18.56489182,54.43846818],[18.56488064,54.43849554],[18.56480921,54.43866999],[18.56486033,54.43867668],[18.56479126,54.43884393],[18.56492371,54.43886361],[18.56497527,54.43893586]]],[[[18.56310139,54.43316292],[18.56309235,54.43318884],[18.56287239,54.433163],[18.56288377,54.43307266],[18.56297976,54.43276392],[18.56303864,54.43278041],[18.56318081,54.43281065],[18.56332738,54.43283262],[18.56347693,54.4328461],[18.56351673,54.43284739],[18.56343037,54.43297928],[18.56336414,54.43297086],[18.56326326,54.43317744],[18.56310139,54.43316292]]],[[[18.56333797,54.43048052],[18.56293423,54.43059203],[18.5625632,54.43054736],[18.56256549,54.43054456],[18.56261636,54.43049577],[18.56268191,54.43041626],[18.56273377,54.43033338],[18.56277146,54.43024794],[18.56277199,54.43024591],[18.5627842,54.43022674],[18.56290762,54.43028159],[18.56296159,54.43030551],[18.5629562,54.43031328],[18.56337405,54.43045495],[18.56395417,54.43033924],[18.56406645,54.43040397],[18.56408416,54.43039039],[18.56407542,54.43040913],[18.56421062,54.43048707],[18.56499282,54.43074669],[18.56512202,54.43091062],[18.56512918,54.43106135],[18.56429415,54.43119694],[18.5638429,54.43118752],[18.56363723,54.43103604],[18.56348671,54.43104767],[18.56347056,54.43103939],[18.56325426,54.43077139],[18.56325228,54.43077045],[18.56325308,54.43076992],[18.56323819,54.43075148],[18.56333797,54.43048052]]],[[[18.56504213,54.42917335],[18.56489104,54.42916847],[18.56474856,54.42917204],[18.5647688,54.42911032],[18.56479719,54.42902339],[18.5648627,54.42882327],[18.56494474,54.4286927],[18.56512854,54.42839859],[18.56523772,54.4282253],[18.56528631,54.42815096],[18.56539189,54.42798614],[18.5655626,54.4279412],[18.56623746,54.42832323],[18.56618904,54.42848747],[18.56580497,54.42885903],[18.56534009,54.42903091],[18.56527727,54.42919966],[18.56519166,54.42918684],[18.56504213,54.42917335]]],[[[18.55425496,54.44253647],[18.55409395,54.44257132],[18.5539867,54.44237514],[18.55400058,54.44237809],[18.55411134,54.4423947],[18.55418377,54.442415],[18.55424125,54.44242722],[18.55435061,54.44248572],[18.55438931,54.44250268],[18.55425496,54.44253647]]],[[[18.55785319,54.44029048],[18.55770116,54.44033567],[18.55761578,54.44027742],[18.55760784,54.44027708],[18.55762233,54.4402205],[18.55762156,54.44022041],[18.55762622,54.44021185],[18.55763262,54.44018433],[18.55760147,54.44018313],[18.55755135,54.44018075],[18.55755844,54.44013535],[18.55757964,54.4400048],[18.55756729,54.44000405],[18.55751692,54.44000102],[18.55750851,54.43986861],[18.5575581,54.43987228],[18.55755626,54.43990698],[18.55835818,54.43997356],[18.55837541,54.44006354],[18.55846283,54.44007089],[18.55841853,54.44026013],[18.558413,54.44025981],[18.55841683,54.44027981],[18.55841287,54.44028884],[18.55835148,54.4402827],[18.55835575,54.44025655],[18.55827893,54.44025223],[18.5580079,54.44023696],[18.55800727,54.44024666],[18.55795912,54.44024339],[18.55795595,54.44025995],[18.55790673,54.44027458],[18.55790323,54.44029333],[18.55785788,54.44029075],[18.55785319,54.44029048]]],[[[18.55966767,54.43726206],[18.55962895,54.43725848],[18.55965793,54.43721219],[18.55966864,54.43718792],[18.55967982,54.43717924],[18.55975843,54.43710385],[18.559824,54.43702433],[18.55984137,54.43699659],[18.55985979,54.4369916],[18.55985493,54.43701323],[18.55982352,54.4371626],[18.55981498,54.43719193],[18.55979991,54.43727403],[18.55976257,54.43727061],[18.55971504,54.43726625],[18.55966767,54.43726206]]],[[[18.55920378,54.43572946],[18.55919455,54.43574828],[18.55917709,54.43574649],[18.55904232,54.4357313],[18.55898067,54.43573051],[18.5588762,54.4357442],[18.55879174,54.43576669],[18.55853861,54.43586373],[18.55841468,54.43616311],[18.55821967,54.43614416],[18.55796492,54.43590946],[18.55792988,54.43591353],[18.55767039,54.43566874],[18.5575411,54.43555658],[18.55756662,54.43553974],[18.55834902,54.43565913],[18.55834278,54.43567016],[18.55855623,54.43570834],[18.55850775,54.4354992],[18.55859483,54.43533672],[18.55874935,54.43536012],[18.55874251,54.43537637],[18.55909991,54.43542116],[18.55920415,54.43543613],[18.55913154,54.43564958],[18.55916797,54.43565466],[18.55920378,54.43572946]]],[[[18.56049777,54.43107994],[18.56032272,54.4309877],[18.56033361,54.43097998],[18.56047567,54.43088723],[18.56063142,54.43080442],[18.56063145,54.43080461],[18.56062333,54.43083515],[18.56061497,54.43092323],[18.56062145,54.43101137],[18.56062567,54.43102869],[18.56061742,54.43104737],[18.56059428,54.43113456],[18.56058686,54.43121281],[18.56058542,54.43121824],[18.56057704,54.43130633],[18.56058243,54.43137944],[18.56034691,54.43133346],[18.56030645,54.43129268],[18.5603857,54.43118314],[18.56049777,54.43107994]]],[[[18.56033425,54.4304866],[18.56075583,54.43059052],[18.56063868,54.43060717],[18.56052375,54.43063068],[18.56048536,54.43061386],[18.56043801,54.43056715],[18.56034863,54.43049596],[18.56033425,54.4304866]]],[[[18.55051499,54.43973136],[18.55058567,54.43971514],[18.55060011,54.43971184],[18.55064038,54.43970258],[18.55069547,54.43977999],[18.55065202,54.43981369],[18.55057339,54.43988907],[18.5505078,54.43996857],[18.55048463,54.44000557],[18.55018868,54.43998387],[18.54980121,54.43995257],[18.54934219,54.43995332],[18.54934101,54.43998027],[18.54910004,54.44002315],[18.54896082,54.43998587],[18.54880953,54.43994531],[18.54875747,54.43970503],[18.5489502,54.43962896],[18.54891295,54.43943704],[18.54918148,54.43941633],[18.54921027,54.4394135],[18.54923906,54.43941121],[18.54925079,54.43946955],[18.54949719,54.4395219],[18.54968838,54.43950368],[18.54970321,54.43956417],[18.55003601,54.439634],[18.55015854,54.43949517],[18.55023298,54.43948315],[18.55037216,54.43945933],[18.55051499,54.43973136]]],[[[18.54259995,54.44038188],[18.54265477,54.44015481],[18.54273313,54.44019675],[18.54285412,54.44024976],[18.54296898,54.44029048],[18.5429373,54.44041209],[18.54259995,54.44038188]]],[[[18.5571316,54.45678214],[18.55692842,54.45685791],[18.55693023,54.45683897],[18.55710777,54.4567641],[18.5571316,54.45678214]]],[[[18.55734966,54.45221616],[18.557442,54.45215754],[18.55695826,54.45215783],[18.55674437,54.45215514],[18.55686134,54.45196943],[18.55699401,54.45178085],[18.55715816,54.45153938],[18.55726061,54.45156807],[18.55740282,54.45159832],[18.55754946,54.45162028],[18.55769907,54.45163378],[18.55785024,54.45163866],[18.55800151,54.45163488],[18.55805135,54.45163076],[18.55809169,54.45168129],[18.55816871,54.45175724],[18.55825813,54.45182843],[18.5583591,54.45189417],[18.55847065,54.45195382],[18.55859168,54.45200682],[18.55871863,54.45205179],[18.5587333,54.45186815],[18.5589305,54.45178854],[18.55917013,54.45173352],[18.55920805,54.45172481],[18.55917394,54.45180212],[18.55915079,54.4518893],[18.5591424,54.45197739],[18.55914889,54.45206554],[18.55917017,54.45215288],[18.55920603,54.45223859],[18.55925614,54.45232184],[18.55932002,54.45240183],[18.55935219,54.45243354],[18.55932516,54.45243577],[18.55917806,54.45245667],[18.55903519,54.45248587],[18.55889793,54.45252309],[18.55876759,54.45256797],[18.55864541,54.45262008],[18.5585326,54.45267891],[18.55843022,54.45274391],[18.55833927,54.45281444],[18.55826061,54.45288982],[18.55819503,54.45296934],[18.55814313,54.45305221],[18.55810542,54.45313766],[18.55808226,54.45322484],[18.55807389,54.45331293],[18.55808036,54.45340107],[18.55810164,54.45348842],[18.55813751,54.45357412],[18.55813918,54.4535769],[18.55812438,54.45360053],[18.55808666,54.45368597],[18.55807153,54.45374299],[18.55807136,54.45374288],[18.55796212,54.45374561],[18.55781222,54.453758],[18.55766512,54.4537789],[18.55752224,54.4538081],[18.55738497,54.45384531],[18.55725463,54.45389019],[18.55713244,54.4539423],[18.55701962,54.45400113],[18.55691725,54.45406613],[18.55682629,54.45413666],[18.55674762,54.45421204],[18.55668204,54.45429156],[18.55663013,54.45437443],[18.55659241,54.45445987],[18.55656925,54.45454705],[18.556566,54.45458128],[18.55654682,54.45459966],[18.55689375,54.45486197],[18.55695783,54.45491042],[18.55696129,54.45505064],[18.55722257,54.45511058],[18.55745341,54.4552851],[18.55790633,54.45530687],[18.55790355,54.4553113],[18.55786585,54.45539674],[18.55784269,54.45548393],[18.5578343,54.45557201],[18.55784079,54.45566015],[18.55786207,54.4557475],[18.55789793,54.45583321],[18.55794804,54.45591646],[18.55801192,54.45599645],[18.55808894,54.4560724],[18.55809976,54.45608102],[18.55810996,54.45610536],[18.55816007,54.45618861],[18.55822394,54.4562686],[18.55830098,54.45634455],[18.55834868,54.45638252],[18.55801662,54.45660968],[18.55716119,54.45653246],[18.55711654,54.45654745],[18.55689704,54.45663615],[18.55688562,54.45660888],[18.55690265,54.45654476],[18.55691104,54.45645668],[18.5569085,54.45642221],[18.55634649,54.45608381],[18.5563479,54.45607314],[18.55553429,54.45563685],[18.5555417,54.45555807],[18.55552905,54.45555693],[18.55537788,54.45555205],[18.5552266,54.45555581],[18.55507669,54.45556821],[18.55492958,54.4555891],[18.55478669,54.4556183],[18.55464942,54.45565551],[18.55459586,54.45567395],[18.55468805,54.45545488],[18.55497835,54.45485788],[18.55511684,54.45466588],[18.55519514,54.45470989],[18.55550772,54.45474538],[18.55553057,54.45491796],[18.55555334,54.45509078],[18.55560824,54.45499466],[18.55561462,54.45492764],[18.55561061,54.45487303],[18.55563174,54.45482517],[18.5556549,54.45473798],[18.55566222,54.45466109],[18.55568296,54.45464792],[18.55577392,54.45457739],[18.55585257,54.45450201],[18.55591817,54.4544225],[18.55597008,54.45433962],[18.5560078,54.45425418],[18.55603096,54.45416699],[18.55603933,54.4540789],[18.55603287,54.45399077],[18.5560116,54.45390341],[18.55597573,54.45381771],[18.55592562,54.45373445],[18.55586978,54.45366453],[18.55587361,54.45365013],[18.55587406,54.45364534],[18.55587557,54.45364456],[18.55597795,54.45357957],[18.55606891,54.45350903],[18.55614756,54.45343365],[18.55621316,54.45335414],[18.55626506,54.45327127],[18.55630278,54.45318582],[18.55630511,54.45317702],[18.55630428,54.45317671],[18.55638852,54.45314078],[18.55650136,54.45308194],[18.55660373,54.45301695],[18.55669469,54.45294643],[18.55677334,54.45287104],[18.55683893,54.45279153],[18.55689083,54.45270865],[18.55692855,54.45262321],[18.55695171,54.45253602],[18.55696008,54.45244794],[18.55695887,54.4524315],[18.55703101,54.45240073],[18.55714384,54.4523419],[18.55724621,54.4522769],[18.55727298,54.45225613],[18.55734966,54.45221616]]],[[[18.55629441,54.45273158],[18.55635892,54.45271376],[18.55669042,54.45215601],[18.55674437,54.45215514],[18.55630048,54.45282051],[18.55627716,54.45276477],[18.55629441,54.45273158]]],[[[18.55404284,54.45215803],[18.55427996,54.45215791],[18.55421017,54.45217216],[18.55407289,54.45220938],[18.55394255,54.45225425],[18.55382038,54.45230636],[18.55370754,54.45236519],[18.55365565,54.45239813],[18.553684,54.45215823],[18.55404284,54.45215803]]],[[[18.55545865,54.44962356],[18.55538348,54.44963468],[18.55509889,54.44951805],[18.55497418,54.4494943],[18.55500635,54.44946345],[18.55507195,54.44938394],[18.55512385,54.44930106],[18.55516157,54.44921562],[18.55518473,54.44912844],[18.55518756,54.44909854],[18.55521675,54.44908849],[18.55526447,54.44912133],[18.55549306,54.44927823],[18.55548249,54.44928103],[18.55553778,54.44936541],[18.55543571,54.44941541],[18.55548957,54.44939567],[18.55554302,54.44937341],[18.55562245,54.44949465],[18.55545865,54.44962356]]],[[[18.55563637,54.44888467],[18.55557257,54.44890923],[18.55558296,54.44890263],[18.55562035,54.44887363],[18.55563637,54.44888467]]],[[[18.54833466,54.45506376],[18.54917586,54.45481422],[18.54917885,54.45477766],[18.54918707,54.45477052],[18.5494228,54.45463452],[18.54954838,54.45463985],[18.54955092,54.45462276],[18.54981812,54.45463278],[18.54982627,54.45452458],[18.54985571,54.45452723],[18.55000687,54.45453213],[18.55015815,54.45452836],[18.55030805,54.45451597],[18.55045516,54.45449508],[18.55059805,54.45446589],[18.55073532,54.45442868],[18.55079391,54.45440851],[18.55080349,54.45440883],[18.55089092,54.45440664],[18.55089235,54.45440677],[18.55093328,54.45441548],[18.55093174,54.45442914],[18.5509286,54.45445881],[18.55139019,54.45447638],[18.55146038,54.45447902],[18.5517812,54.45449132],[18.55185416,54.45454941],[18.55195513,54.45461515],[18.55206667,54.45467482],[18.5521877,54.45472782],[18.55231708,54.45477366],[18.55245353,54.45481188],[18.55259577,54.45484213],[18.5527424,54.45486411],[18.55289204,54.45487761],[18.5530432,54.4548825],[18.55319448,54.45487872],[18.55334438,54.45486633],[18.55344382,54.45485221],[18.55357267,54.45490464],[18.55314758,54.45520848],[18.55277496,54.4551778],[18.5527568,54.45517181],[18.55270201,54.45516472],[18.5524266,54.45521597],[18.55241177,54.45521458],[18.5524243,54.45518161],[18.55226705,54.4551729],[18.55227273,54.45514762],[18.55160341,54.45503658],[18.55154267,54.45502581],[18.55086686,54.45500507],[18.55079632,54.45529784],[18.54833466,54.45506376]]],[[[18.55207721,54.44807922],[18.55224766,54.4482378],[18.55223704,54.44828067],[18.55223236,54.44827862],[18.55210301,54.44823279],[18.55196658,54.44819456],[18.55182437,54.44816431],[18.55175322,54.44815365],[18.55171509,54.44814554],[18.55164235,54.44812516],[18.55152253,54.44809967],[18.5516412,54.44795518],[18.55185925,54.44792295],[18.55207721,54.44807922]]],[[[18.55379441,54.45608619],[18.55394432,54.4560738],[18.55409143,54.4560529],[18.55423432,54.4560237],[18.5543716,54.4559865],[18.5544374,54.45596384],[18.55439937,54.45616074],[18.55438835,54.45618966],[18.55419943,54.45670384],[18.55419286,54.45671073],[18.55392904,54.4567921],[18.55345932,54.45661806],[18.55346556,54.45659648],[18.5535175,54.45644683],[18.55319334,54.45637563],[18.55289485,54.45636694],[18.55288972,54.45636682],[18.55262869,54.4562829],[18.55257004,54.45623527],[18.55255318,54.45594927],[18.55269138,54.45591908],[18.55274309,54.4559158],[18.55278759,54.45593528],[18.55291698,54.45598112],[18.55305344,54.45601934],[18.55319568,54.45604959],[18.55334231,54.45607157],[18.55349195,54.45608507],[18.55364313,54.45608995],[18.55379441,54.45608619]]],[[[18.54349272,54.45623582],[18.54351104,54.45617564],[18.54362632,54.45625247],[18.54359181,54.45627859],[18.5437466,54.45634537],[18.54377894,54.45631989],[18.54393327,54.45638693],[18.54390137,54.45641224],[18.54405475,54.45647839],[18.54408771,54.45645147],[18.54423274,54.45651213],[18.54417497,54.45653676],[18.54406212,54.45659558],[18.54395971,54.45666056],[18.54386872,54.45673108],[18.54379004,54.45680646],[18.54375975,54.45684316],[18.54346941,54.4564087],[18.54349272,54.45623582]]],[[[18.54959909,54.4553943],[18.5497982,54.45545658],[18.54965125,54.45544719],[18.54959909,54.4553943]]],[[[18.55229446,54.46085336],[18.55226551,54.46080526],[18.55228286,54.46080383],[18.55229446,54.46085336]]],[[[18.55856513,54.45005204],[18.55828534,54.45000522],[18.55811575,54.45000592],[18.55848559,54.4494594],[18.55856903,54.44933709],[18.5589902,54.44963967],[18.55891023,54.44968139],[18.55880786,54.44974638],[18.55871692,54.44981691],[18.55863828,54.4498923],[18.55857269,54.44997181],[18.55852651,54.45004557],[18.55856513,54.45005204]]],[[[18.55453238,54.44290383],[18.55448479,54.44292413],[18.55449112,54.44279469],[18.55450752,54.4428339],[18.55454662,54.44289892],[18.55453238,54.44290383]]],[[[18.55811227,54.44286432],[18.55811082,54.44288628],[18.55802953,54.44288324],[18.55802748,54.44292502],[18.55802289,54.44299504],[18.55792192,54.44299506],[18.55792846,54.44294336],[18.55785621,54.44291163],[18.55795381,54.44289776],[18.55809663,54.44286856],[18.55811227,54.44286432]]],[[[18.56227588,54.42465431],[18.56239798,54.42460219],[18.56244562,54.42457732],[18.56242846,54.42459815],[18.5623766,54.42468103],[18.56233892,54.42476647],[18.5623158,54.42485366],[18.56230743,54.42494174],[18.56231393,54.42502989],[18.56231901,54.42505076],[18.56228769,54.42510081],[18.56228421,54.4250535],[18.56226294,54.42496616],[18.56222708,54.42488045],[18.562177,54.42479721],[18.56211316,54.42471721],[18.56210584,54.42470999],[18.56214564,54.42469919],[18.56227588,54.42465431]]],[[[18.56044264,54.43198043],[18.56043531,54.43205762],[18.56037301,54.43204761],[18.5603773,54.43204687],[18.56042098,54.43193831],[18.56046674,54.43183392],[18.56046196,54.4318842],[18.5604633,54.43190254],[18.56044264,54.43198043]]],[[[18.56121375,54.44837303],[18.56120396,54.44838555],[18.56124605,54.44839659],[18.56123469,54.44842269],[18.56128921,54.44840806],[18.56141372,54.44844111],[18.56143671,54.44846386],[18.56127705,54.44842008],[18.56122958,54.44843233],[18.56121,54.44847734],[18.56144407,54.44851354],[18.56137564,54.44866282],[18.56114457,54.44863083],[18.56102767,54.44889857],[18.56107173,54.44894123],[18.56101646,54.4490714],[18.56094697,54.44923474],[18.56075933,54.44913677],[18.56092097,54.44880716],[18.56102519,54.4486154],[18.5611106,54.44837853],[18.56113676,54.44835294],[18.56121375,54.44837303]]],[[[18.56069561,54.44928475],[18.5606073,54.44949652],[18.56059348,54.44949264],[18.56049518,54.44947174],[18.56069561,54.44928475]]],[[[18.56780759,54.44090988],[18.56739705,54.44075027],[18.56742663,54.44063693],[18.56767316,54.44035114],[18.56761842,54.44033918],[18.56761564,54.44033856],[18.56762535,54.4403272],[18.56776202,54.44016762],[18.56779906,54.44012404],[18.5679005,54.44000471],[18.56820841,54.44014405],[18.56850048,54.44014268],[18.56854194,54.4401412],[18.5686266,54.44017937],[18.56875467,54.44023713],[18.56876864,54.44037286],[18.56896025,54.44047093],[18.56921791,54.44054239],[18.56925492,54.44057231],[18.56922306,54.44059852],[18.56917795,54.44057874],[18.5689171,54.44086532],[18.56878909,54.44100419],[18.56876798,54.4410272],[18.5687511,54.4410455],[18.56872629,54.44104022],[18.56857969,54.44101826],[18.56852659,54.44101347],[18.56844436,54.440996],[18.56843307,54.4409943],[18.56832772,54.44111426],[18.56810252,54.44102548],[18.56808315,54.44101784],[18.5679725,54.44097452],[18.56780759,54.44090988]]],[[[18.56750741,54.43982483],[18.56750954,54.43983354],[18.56745586,54.43980969],[18.56730187,54.43966866],[18.56760793,54.43933968],[18.56769929,54.43930224],[18.5676875,54.43931357],[18.56762194,54.43939308],[18.56757008,54.43947597],[18.5675324,54.43956141],[18.56750927,54.4396486],[18.56750092,54.43973668],[18.56750741,54.43982483]]],[[[18.56858545,54.43915515],[18.56856481,54.43914768],[18.56856494,54.43914757],[18.56858545,54.43915515]]],[[[18.56822464,54.43896894],[18.56828457,54.43904398],[18.56802693,54.4389488],[18.56815372,54.43883598],[18.56817453,54.4388857],[18.56822464,54.43896894]]],[[[18.57187941,54.43533525],[18.5718473,54.43536111],[18.57184674,54.43535366],[18.57183297,54.43529719],[18.57190035,54.4353184],[18.57187941,54.43533525]]],[[[18.56603296,54.43324968],[18.56584312,54.43328029],[18.56584312,54.4332803],[18.56581417,54.43332658],[18.56577649,54.43341203],[18.565773,54.43342518],[18.56570916,54.43348643],[18.56564361,54.43356594],[18.56564044,54.43357099],[18.56564134,54.43357192],[18.56556599,54.43356513],[18.56541488,54.43356026],[18.56526369,54.43356405],[18.56511386,54.43357645],[18.56496683,54.43359735],[18.56482405,54.43362656],[18.56477462,54.43363998],[18.56474445,54.43363725],[18.56459336,54.43363238],[18.56450788,54.43363452],[18.56452971,54.43355221],[18.56453806,54.43346412],[18.56453158,54.43337598],[18.5645103,54.43328864],[18.56447444,54.43320292],[18.56442433,54.43311968],[18.56436049,54.43303969],[18.56428348,54.43296375],[18.5641941,54.43289256],[18.56409316,54.43282682],[18.56398167,54.43276718],[18.56386068,54.43271418],[18.56376653,54.43268082],[18.56433949,54.43274444],[18.56442609,54.4327969],[18.56442612,54.43279691],[18.56452439,54.43283995],[18.56465371,54.43288578],[18.56473809,54.43290941],[18.5647465,54.43291612],[18.56484744,54.43298185],[18.56495894,54.4330415],[18.56507992,54.43309449],[18.56520925,54.43314032],[18.56534564,54.43317852],[18.56548781,54.43320876],[18.56563437,54.43323072],[18.56576602,54.43324259],[18.56581068,54.43318559],[18.56589488,54.4330696],[18.56590465,54.43305482],[18.5659171,54.43308458],[18.5659672,54.43316783],[18.56603106,54.43324781],[18.56603296,54.43324968]]],[[[18.56615403,54.43229738],[18.56571853,54.43222729],[18.56567721,54.4322056],[18.56571868,54.4321108],[18.56524156,54.43194412],[18.56523306,54.43193979],[18.56516717,54.43191197],[18.56516503,54.43191739],[18.56475163,54.43177297],[18.56526364,54.43128768],[18.56563348,54.43139094],[18.56559289,54.43145797],[18.56613315,54.4315328],[18.56647328,54.43157882],[18.56651904,54.43144569],[18.56673676,54.43144831],[18.56659584,54.43186144],[18.56695908,54.43196674],[18.56695692,54.43196705],[18.56681413,54.43199626],[18.56667694,54.43203349],[18.56654667,54.43207837],[18.56642456,54.43213049],[18.56631182,54.43218934],[18.56620951,54.43225434],[18.56615403,54.43229738]]],[[[18.56366136,54.43264875],[18.56364904,54.43264529],[18.56371596,54.43254309],[18.56366136,54.43264875]]],[[[18.56631402,54.42836656],[18.56620215,54.42847479],[18.56624827,54.42832934],[18.56631402,54.42836656]]],[[[18.56875029,54.43412659],[18.56886305,54.43406774],[18.56896536,54.43400273],[18.56905625,54.4339322],[18.56909848,54.43389168],[18.56917141,54.4339739],[18.56936758,54.43401683],[18.56948547,54.4341364],[18.56970872,54.43418282],[18.56977704,54.43425887],[18.56996849,54.434346],[18.56985326,54.43440349],[18.56981149,54.43438256],[18.56971748,54.43443861],[18.56969701,54.43445209],[18.56962906,54.43449689],[18.56964753,54.43450642],[18.56962706,54.4345199],[18.5694822,54.43444269],[18.56933739,54.43453681],[18.56924058,54.43449073],[18.56923647,54.43449353],[18.56903807,54.43462393],[18.56882975,54.43451638],[18.56876984,54.43455542],[18.56875592,54.43454783],[18.56873782,54.43451255],[18.56881315,54.43446362],[18.56869703,54.43440352],[18.56868562,54.43441084],[18.56865834,54.43435769],[18.56872532,54.43430278],[18.56878662,54.43426286],[18.56874395,54.43424122],[18.5686251,54.43417977],[18.56862819,54.43417871],[18.56875029,54.43412659]]],[[[18.56821695,54.43535033],[18.56872444,54.43549188],[18.56871428,54.43550414],[18.56874492,54.43551298],[18.56872986,54.43553014],[18.56891406,54.43559734],[18.56894946,54.43567689],[18.56878862,54.43585266],[18.56877314,54.43586989],[18.56875902,54.43588532],[18.56875573,54.43588893],[18.56838628,54.43591147],[18.56825204,54.43605958],[18.56837294,54.43591229],[18.56829436,54.43591709],[18.56812784,54.43585405],[18.56799165,54.43577309],[18.56799611,54.43572639],[18.56791854,54.43570419],[18.56800421,54.43560244],[18.56814161,54.43544053],[18.56821695,54.43535033]]],[[[18.56806803,54.4353469],[18.5681095,54.43535874],[18.56815375,54.43537138],[18.56811131,54.43542297],[18.56806737,54.43541006],[18.56802604,54.43539794],[18.56802765,54.435396],[18.56803328,54.43533697],[18.56806803,54.4353469]]],[[[18.57175211,54.43962532],[18.57157357,54.4395337],[18.57163795,54.43948375],[18.57171654,54.43940836],[18.57178209,54.43932884],[18.57183394,54.43924596],[18.57185162,54.43920586],[18.57197129,54.43923975],[18.57189884,54.43936718],[18.57193325,54.4393848],[18.57178361,54.43949773],[18.57181543,54.43951394],[18.57175211,54.43962532]]],[[[18.57558301,54.43555293],[18.57565089,54.43557194],[18.57579307,54.43560216],[18.57593965,54.43562412],[18.57608922,54.43563759],[18.57624034,54.43564244],[18.57639153,54.43563865],[18.57654137,54.43562623],[18.57660744,54.43561682],[18.57667798,54.43564181],[18.57657831,54.4357064],[18.57658669,54.43571067],[18.57661043,54.43572277],[18.57667099,54.43575366],[18.57669225,54.43576443],[18.57678384,54.43581116],[18.57686565,54.43585282],[18.57674575,54.43593128],[18.57667478,54.43598059],[18.57661202,54.43602231],[18.57642998,54.43614151],[18.57618721,54.43604078],[18.57612533,54.43601454],[18.57600905,54.43596525],[18.57588154,54.43594952],[18.57557276,54.43583589],[18.57573808,54.43571085],[18.57567219,54.43568322],[18.57561856,54.43566057],[18.57544774,54.43578941],[18.57533519,54.43574224],[18.57539928,54.435675],[18.57558301,54.43555293]]],[[[18.57995886,54.43476959],[18.57999952,54.43472025],[18.58002734,54.43467579],[18.58009254,54.43464794],[18.58020528,54.43458909],[18.58030758,54.43452407],[18.58039846,54.43445352],[18.58046963,54.43438522],[18.58047993,54.43438887],[18.58048283,54.434428],[18.58050414,54.43451535],[18.58054003,54.43460105],[18.58059016,54.4346843],[18.58064813,54.43475686],[18.5802451,54.43487813],[18.58021238,54.43490952],[18.58016747,54.43496404],[18.58016702,54.43496255],[18.58014555,54.43495107],[18.58014512,54.43495118],[18.58014288,54.43492094],[18.58013051,54.43487024],[18.57995886,54.43476959]]],[[[18.57671116,54.43275921],[18.57683324,54.43270708],[18.57694597,54.43264822],[18.57704828,54.43258321],[18.57713915,54.43251267],[18.57721773,54.43243727],[18.57728325,54.43235775],[18.57733508,54.43227486],[18.57737272,54.43218941],[18.57739583,54.43210222],[18.57740406,54.43201509],[18.57742553,54.43200145],[18.57751639,54.43193091],[18.57759498,54.43185552],[18.57766048,54.43177599],[18.57768049,54.431744],[18.57775685,54.4317114],[18.57786957,54.43165255],[18.57797188,54.43158753],[18.57806275,54.43151699],[18.57814132,54.43144159],[18.57820684,54.43136207],[18.57822772,54.43132867],[18.57832692,54.43128631],[18.57843965,54.43122746],[18.57854195,54.43116245],[18.57858656,54.4311278],[18.57858629,54.43112851],[18.57858629,54.43112852],[18.57861377,54.43119412],[18.5786639,54.43127736],[18.57872778,54.43135733],[18.5788048,54.43143327],[18.57889421,54.43150445],[18.57899516,54.43157017],[18.57910667,54.4316298],[18.57922768,54.43168278],[18.57935701,54.43172859],[18.57949341,54.43176678],[18.57963559,54.431797],[18.57978216,54.43181895],[18.57993171,54.43183242],[18.58008281,54.43183727],[18.58023399,54.43183347],[18.58038381,54.43182104],[18.58053081,54.43180011],[18.5806736,54.43177089],[18.58081077,54.43173364],[18.58094104,54.43168874],[18.58106311,54.4316366],[18.58117583,54.43157775],[18.58122041,54.43154942],[18.58117159,54.43159627],[18.58116622,54.4316028],[18.58112686,54.43162782],[18.58103599,54.43169836],[18.58095743,54.43177376],[18.58089191,54.43185329],[18.58084008,54.43193618],[18.58080243,54.43202162],[18.58077934,54.43210881],[18.58077102,54.4321969],[18.58077254,54.43221737],[18.58068584,54.43220438],[18.58053628,54.43219092],[18.58038519,54.43218607],[18.580234,54.43218987],[18.58008418,54.43220229],[18.57993717,54.43222322],[18.57979438,54.43225245],[18.5796572,54.43228969],[18.57952695,54.43233459],[18.57940486,54.43238673],[18.57929213,54.43244558],[18.57918984,54.43251059],[18.57909897,54.43258114],[18.5790204,54.43265654],[18.57895488,54.43273606],[18.57890305,54.43281895],[18.57886539,54.4329044],[18.57884229,54.43299158],[18.57883522,54.4330664],[18.57882958,54.43306687],[18.57868256,54.4330878],[18.57853977,54.43311702],[18.57840259,54.43315426],[18.57827233,54.43319916],[18.57815024,54.43325129],[18.57803751,54.43331014],[18.57793521,54.43337516],[18.57784434,54.4334457],[18.57776576,54.4335211],[18.5777442,54.43354727],[18.57774402,54.43354703],[18.5776306,54.43353005],[18.57748105,54.43351658],[18.57732994,54.43351173],[18.57717874,54.43351552],[18.57702892,54.43352794],[18.5769669,54.43353677],[18.57695098,54.43347146],[18.57691509,54.43338575],[18.57686496,54.43330251],[18.57680108,54.43322254],[18.57672406,54.4331466],[18.57663465,54.43307541],[18.5765337,54.43300969],[18.57642218,54.43295006],[18.57641877,54.43294855],[18.57640439,54.43293437],[18.57631974,54.432867],[18.57631897,54.43286686],[18.5764437,54.43284135],[18.57658088,54.4328041],[18.57671116,54.43275921]]],[[[18.57769799,54.43685422],[18.57767844,54.43686715],[18.57764423,54.43688977],[18.57763693,54.43688612],[18.57762847,54.43688186],[18.57765333,54.43687329],[18.57769799,54.43685422]]]]},"properties":{"geometryStatus":"INFERRED_NOT_OFFICIAL","category":"lower_geographic_evidence"}}]}
