{"type":"FeatureCollection","features":[{"type":"Feature","properties":{"postcode":"81-702","address_count":21,"both_agree_count":17,"source_conflict_count":4,"unresolved_count":0,"area_m2":44729,"support100_pct":82,"streets":"Lipowa; Tadeusza Kościuszki","label":[18.565724,54.439506],"label_r_km":0.064,"sea_km":0.73,"parts":2,"samples":[[18.56494,54.43739],[18.56494,54.43937],[18.56494,54.44036],[18.56664,54.43739],[18.56664,54.43937],[18.56664,54.44036]]},"geometry":{"type":"MultiPolygon","coordinates":[[[[18.56473252,54.43738609],[18.56473727,54.4373842],[18.56469248,54.43737767],[18.56471083,54.43733294],[18.56467962,54.43732815],[18.56466623,54.43731349],[18.56468165,54.43728912],[18.56472123,54.43729102],[18.5647228,54.43728472],[18.56476805,54.43729152],[18.56542136,54.43738891],[18.56552847,54.43714152],[18.56559224,54.43699396],[18.56549007,54.43698375],[18.56551079,54.43690003],[18.56579493,54.43693374],[18.56580963,54.43693897],[18.56579028,54.4370145],[18.56581867,54.43701743],[18.56594184,54.43703024],[18.56609664,54.4370455],[18.56633651,54.43707016],[18.56639408,54.43707609],[18.56669443,54.43710685],[18.56675092,54.43711279],[18.56667933,54.43727493],[18.56673742,54.4372839],[18.5667416,54.43729449],[18.56694613,54.43740257],[18.56699995,54.43741062],[18.56699244,54.43742704],[18.56713364,54.43750167],[18.56704834,54.43764635],[18.56685195,54.43770053],[18.56680991,54.43774719],[18.56661246,54.43803047],[18.56659465,54.43802673],[18.56657095,54.438012],[18.56662321,54.43795443],[18.56643484,54.43792745],[18.56642781,54.43792308],[18.56625155,54.4378948],[18.56626049,54.43787274],[18.56627227,54.4378444],[18.56617885,54.43783189],[18.56616691,54.4378598],[18.56615824,54.43787987],[18.56615161,54.43787883],[18.56589623,54.43784759],[18.56569461,54.43782293],[18.56569133,54.43783256],[18.56566186,54.43783521],[18.56552935,54.43788787],[18.56535922,54.43786704],[18.56527542,54.43778379],[18.56524731,54.43776874],[18.56520318,54.43776342],[18.5651249,54.43775381],[18.56512763,54.43774975],[18.5651472,54.43769351],[18.56509624,54.43768656],[18.5650351,54.43767957],[18.56502516,54.43770661],[18.56478772,54.43744655],[18.56473252,54.43738609]]],[[[18.56471828,54.43934583],[18.56480589,54.43920597],[18.56482557,54.43919491],[18.56497527,54.43893586],[18.56508062,54.43888692],[18.56518171,54.43890194],[18.56521097,54.43882637],[18.56531689,54.43877716],[18.56531374,54.43878534],[18.56561836,54.43883413],[18.56586816,54.43887438],[18.56595353,54.43867129],[18.56595986,54.43867234],[18.56598319,54.43862137],[18.56592074,54.43861272],[18.56597469,54.43858398],[18.56622272,54.43862632],[18.56623856,54.43860751],[18.56637725,54.43844882],[18.56688978,54.43854013],[18.5669483,54.43854803],[18.56684867,54.43877752],[18.5666738,54.43876136],[18.5666844,54.43886966],[18.56665577,54.4390069],[18.56663742,54.43906251],[18.5666078,54.4391276],[18.56660347,54.43913715],[18.56679714,54.43916508],[18.56678695,54.43918668],[18.56689849,54.43920414],[18.5669756,54.43919694],[18.56711276,54.43918418],[18.56718728,54.43912165],[18.56720876,54.43912622],[18.56710003,54.43923275],[18.56717334,54.43920762],[18.5674249,54.43928407],[18.56724211,54.43950907],[18.5674135,54.43932984],[18.56743458,54.43932722],[18.56746524,54.43929632],[18.56760793,54.43933968],[18.56730187,54.43966866],[18.56716332,54.43970872],[18.56707314,54.43967491],[18.56700486,54.43975452],[18.56637749,54.43993588],[18.56637831,54.4400093],[18.56677158,54.44002654],[18.56670366,54.44014276],[18.56666786,54.44022927],[18.56666287,54.44037025],[18.56658872,54.44072612],[18.5664314,54.44070844],[18.56617806,54.44067989],[18.5661543,54.44067839],[18.56597812,54.44066699],[18.56585364,54.44066156],[18.565758,54.44065688],[18.5655134,54.44064689],[18.56540468,54.44064308],[18.56509327,54.4406281],[18.56483449,54.44061924],[18.56482696,54.44065432],[18.56481667,54.44070163],[18.56470378,54.44069775],[18.5645509,54.44064375],[18.56455563,54.44060743],[18.56444815,54.4406029],[18.56444031,54.44063924],[18.56442269,54.44072008],[18.56419502,54.44066033],[18.5642636,54.44036796],[18.56409178,54.4402587],[18.56413,54.44019056],[18.56410087,54.44018854],[18.56424976,54.43943674],[18.56474014,54.43952177],[18.56471184,54.43937888],[18.56471828,54.43934583]]]]}},{"type":"Feature","properties":{"postcode":"81-703","address_count":37,"both_agree_count":26,"source_conflict_count":0,"unresolved_count":11,"area_m2":43752,"support100_pct":100,"streets":"Marii Skłodowskiej-Curie; Władysława IV","label":[18.567637,54.438644],"label_r_km":0.038,"sea_km":0.66,"parts":2,"samples":[[18.56564,54.4366],[18.56564,54.43858],[18.56734,54.4366],[18.56734,54.43858]]},"geometry":{"type":"MultiPolygon","coordinates":[[[[18.56548847,54.43625215],[18.56555914,54.43625828],[18.56559328,54.43610646],[18.565797,54.4361268],[18.56595766,54.43614249],[18.56597459,54.43614409],[18.56623957,54.43622714],[18.56628187,54.43626822],[18.5665981,54.43629133],[18.5666098,54.43623476],[18.56661637,54.43620859],[18.56676714,54.43622181],[18.56677871,54.43622283],[18.56677811,54.436224],[18.56688662,54.43623544],[18.5668875,54.4362323],[18.56699799,54.43624193],[18.56703941,54.43629492],[18.56695869,54.43628694],[18.56695781,54.43628973],[18.56680486,54.43627464],[18.56680574,54.43627176],[18.56668458,54.43625984],[18.56667029,54.43630775],[18.56669266,54.43631441],[18.56677076,54.43634811],[18.5670191,54.43634492],[18.5671516,54.43629765],[18.56713816,54.43631386],[18.56731517,54.43636398],[18.56734263,54.4363316],[18.56735627,54.43632739],[18.56735383,54.43631779],[18.56738521,54.43628009],[18.56739856,54.43627581],[18.56739745,54.43627139],[18.56742688,54.43627091],[18.56762103,54.43631481],[18.5677276,54.43628816],[18.56776971,54.43629186],[18.56776971,54.43629187],[18.56799431,54.43631161],[18.56810542,54.43632139],[18.56833786,54.43619965],[18.56846657,54.43627738],[18.56843427,54.43635167],[18.56851025,54.43637498],[18.56834862,54.43655642],[18.56834149,54.43656436],[18.56846791,54.43661192],[18.56817338,54.43687907],[18.56826346,54.43690236],[18.56827076,54.43693149],[18.56824217,54.43694447],[18.56829129,54.43695722],[18.56828932,54.43695992],[18.5683458,54.43697475],[18.56831417,54.43701722],[18.56832144,54.43701916],[18.568324,54.43701591],[18.56833948,54.4370197],[18.5683192,54.43704693],[18.56829599,54.43704111],[18.56828964,54.43704985],[18.56823303,54.43703484],[18.56823106,54.43703764],[18.56810824,54.43700578],[18.56810158,54.43701426],[18.56809322,54.4370121],[18.56801451,54.43704783],[18.56793121,54.43703258],[18.5679491,54.43708919],[18.56791695,54.43717101],[18.56787643,54.43722861],[18.56781358,54.43734283],[18.56771962,54.43751362],[18.56763701,54.43750278],[18.56728429,54.43745322],[18.56727195,54.43746683],[18.56713364,54.43750167],[18.56699244,54.43742704],[18.56699995,54.43741062],[18.56694613,54.43740257],[18.5667416,54.43729449],[18.56673742,54.4372839],[18.56667933,54.43727493],[18.56675092,54.43711279],[18.56669443,54.43710685],[18.56639408,54.43707609],[18.56633651,54.43707016],[18.56609664,54.4370455],[18.56594184,54.43703024],[18.56581867,54.43701743],[18.56579028,54.4370145],[18.56580963,54.43693897],[18.56579493,54.43693374],[18.56551079,54.43690003],[18.56557694,54.43663267],[18.56494321,54.43656808],[18.5648986,54.4365637],[18.56492018,54.43647457],[18.56496572,54.43647911],[18.56524848,54.43650789],[18.56525113,54.43649898],[18.56527951,54.43639993],[18.56526346,54.4363983],[18.56527716,54.43635259],[18.56532793,54.43635774],[18.56534313,54.43629622],[18.5653542,54.43624981],[18.56535624,54.4362409],[18.56543,54.43624712],[18.56548847,54.43625215]]],[[[18.56486253,54.43839911],[18.56487813,54.43839503],[18.56500002,54.43841197],[18.56510998,54.43842727],[18.56521953,54.43807762],[18.56515901,54.43807044],[18.56508115,54.43806085],[18.56508288,54.43802295],[18.56535922,54.43786704],[18.56552935,54.43788787],[18.56566186,54.43783521],[18.56569133,54.43783256],[18.56569461,54.43782293],[18.56589623,54.43784759],[18.56615161,54.43787883],[18.56615824,54.43787987],[18.56616691,54.4378598],[18.56617885,54.43783189],[18.56627227,54.4378444],[18.56626049,54.43787274],[18.56625155,54.4378948],[18.56642781,54.43792308],[18.56643484,54.43792745],[18.56662321,54.43795443],[18.56657095,54.438012],[18.56659465,54.43802673],[18.56661246,54.43803047],[18.56680991,54.43774719],[18.56685195,54.43770053],[18.56704834,54.43764635],[18.56708862,54.43766724],[18.5670275,54.43773151],[18.56744531,54.43779514],[18.56734774,54.43801841],[18.56739221,54.43802458],[18.56770339,54.43806768],[18.56766358,54.43815786],[18.56768177,54.43820245],[18.56771055,54.43821066],[18.56771061,54.43821077],[18.56771297,54.43821399],[18.56771578,54.43821677],[18.56771205,54.4382254],[18.56774372,54.43823074],[18.56774326,54.43823173],[18.56775099,54.43823286],[18.56772251,54.43830236],[18.56788607,54.43832593],[18.56808453,54.43835501],[18.56840966,54.43840398],[18.56844846,54.43841169],[18.56844059,54.43841895],[18.56857828,54.43845823],[18.56802693,54.4389488],[18.56858545,54.43915515],[18.56837526,54.43907915],[18.56825552,54.43914447],[18.56777281,54.43927211],[18.56760793,54.43933968],[18.56746524,54.43929632],[18.56743458,54.43932722],[18.5674135,54.43932984],[18.56724211,54.43950907],[18.5674249,54.43928407],[18.56717334,54.43920762],[18.56710003,54.43923275],[18.56720876,54.43912622],[18.56718728,54.43912165],[18.56711276,54.43918418],[18.5669756,54.43919694],[18.56689849,54.43920414],[18.56678695,54.43918668],[18.56679714,54.43916508],[18.56660347,54.43913715],[18.5666078,54.4391276],[18.56663742,54.43906251],[18.56665577,54.4390069],[18.5666844,54.43886966],[18.5666738,54.43876136],[18.56684867,54.43877752],[18.5669483,54.43854803],[18.56688978,54.43854013],[18.56637725,54.43844882],[18.56623856,54.43860751],[18.56622272,54.43862632],[18.56597469,54.43858398],[18.56592074,54.43861272],[18.56598319,54.43862137],[18.56595986,54.43867234],[18.56595353,54.43867129],[18.56586816,54.43887438],[18.56561836,54.43883413],[18.56531374,54.43878534],[18.56531689,54.43877716],[18.56521097,54.43882637],[18.56518171,54.43890194],[18.56508062,54.43888692],[18.56497527,54.43893586],[18.56492371,54.43886361],[18.56479126,54.43884393],[18.56486033,54.43867668],[18.56480921,54.43866999],[18.56488064,54.43849554],[18.56489182,54.43846818],[18.56484188,54.43846112],[18.56486253,54.43839911]]]]}},{"type":"Feature","properties":{"postcode":"81-704","address_count":75,"both_agree_count":35,"source_conflict_count":40,"unresolved_count":0,"area_m2":121646,"support100_pct":51,"streets":"Bohaterów Monte Cassino; Dworcowa; Konstytucji 3 Maja; Tadeusza Kościuszki; Władysława IV","label":[18.563871,54.437787],"label_r_km":0.067,"sea_km":0.92,"parts":4,"samples":[[18.56338,54.43763],[18.56338,54.43862],[18.56338,54.43961],[18.56338,54.4406],[18.56338,54.44159],[18.56338,54.44258],[18.56508,54.43565],[18.56508,54.43664],[18.56848,54.43565]]},"geometry":{"type":"MultiPolygon","coordinates":[[[[18.56234719,54.44036634],[18.56264939,54.43985465],[18.56254777,54.43974997],[18.56275583,54.43921388],[18.56269555,54.43900452],[18.56268937,54.43889735],[18.5628549,54.43871376],[18.56285201,54.43845094],[18.56274876,54.43832814],[18.56269469,54.43828917],[18.5628894,54.43749521],[18.56288139,54.43747968],[18.56299075,54.43709453],[18.56320331,54.43701857],[18.56343233,54.43679582],[18.56355224,54.43659518],[18.56358934,54.43640096],[18.56360106,54.43637074],[18.56360575,54.43619969],[18.56366682,54.43616062],[18.56373195,54.43609728],[18.56368405,54.43551307],[18.56362699,54.43542092],[18.5636972,54.43524464],[18.56387139,54.43515608],[18.56448748,54.43522012],[18.5645756,54.43525478],[18.56483792,54.43525707],[18.56485096,54.43525854],[18.56522048,54.43545535],[18.56531781,54.43546832],[18.56535088,54.43554532],[18.56544561,54.43555749],[18.56537479,54.43582088],[18.56565299,54.43584366],[18.56559328,54.43610646],[18.56555914,54.43625828],[18.56548847,54.43625215],[18.56543,54.43624712],[18.56535624,54.4362409],[18.5653542,54.43624981],[18.56534313,54.43629622],[18.56532793,54.43635774],[18.56527716,54.43635259],[18.56526346,54.4363983],[18.56527951,54.43639993],[18.56525113,54.43649898],[18.56524848,54.43650789],[18.56496572,54.43647911],[18.56492018,54.43647457],[18.5648986,54.4365637],[18.56494321,54.43656808],[18.56557694,54.43663267],[18.56549007,54.43698375],[18.56559224,54.43699396],[18.56552847,54.43714152],[18.56542136,54.43738891],[18.56476805,54.43729152],[18.5647228,54.43728472],[18.56472123,54.43729102],[18.56468165,54.43728912],[18.56466623,54.43731349],[18.56467962,54.43732815],[18.56471083,54.43733294],[18.56469248,54.43737767],[18.56473727,54.4373842],[18.56473252,54.43738609],[18.56478772,54.43744655],[18.56502516,54.43770661],[18.5650351,54.43767957],[18.56509624,54.43768656],[18.5651472,54.43769351],[18.56512763,54.43774975],[18.5651249,54.43775381],[18.56520318,54.43776342],[18.56524731,54.43776874],[18.56527542,54.43778379],[18.56535922,54.43786704],[18.56508288,54.43802295],[18.56508115,54.43806085],[18.56515901,54.43807044],[18.56521953,54.43807762],[18.56510998,54.43842727],[18.56500002,54.43841197],[18.56487813,54.43839503],[18.56486253,54.43839911],[18.56484188,54.43846112],[18.56489182,54.43846818],[18.56488064,54.43849554],[18.56480921,54.43866999],[18.56486033,54.43867668],[18.56479126,54.43884393],[18.56492371,54.43886361],[18.56497527,54.43893586],[18.56482557,54.43919491],[18.56480589,54.43920597],[18.56471828,54.43934583],[18.56427991,54.43926076],[18.56425602,54.43940018],[18.56471184,54.43937888],[18.56474014,54.43952177],[18.56424976,54.43943674],[18.56410087,54.44018854],[18.56413,54.44019056],[18.56409178,54.4402587],[18.5642636,54.44036796],[18.56419502,54.44066033],[18.56407378,54.44079177],[18.56408462,54.44095795],[18.56397878,54.44103181],[18.56392851,54.44102813],[18.56392853,54.44116389],[18.56401698,54.44117023],[18.56403843,54.44120746],[18.56412805,54.44121373],[18.56407202,54.4414315],[18.56414657,54.44143906],[18.56414374,54.4414459],[18.56417246,54.44147236],[18.56414896,54.44156833],[18.56414308,54.4415883],[18.56413527,54.44161485],[18.5641298,54.44163258],[18.56411642,54.44167891],[18.56405668,54.44167289],[18.56406182,54.44165419],[18.56405202,54.4416474],[18.5639861,54.44164115],[18.563972,54.4416918],[18.5639788,54.4416924],[18.56397298,54.44171776],[18.56395125,54.44184194],[18.56393736,54.44191963],[18.56392719,54.44191913],[18.56392392,54.44193928],[18.56389647,54.4419377],[18.5638841,54.44194638],[18.56386428,54.44194045],[18.56384804,54.44193961],[18.5638323,54.44195561],[18.5637969,54.44196718],[18.56367324,54.44195977],[18.56365373,54.44203137],[18.56373243,54.44203621],[18.56377224,54.44208669],[18.56381362,54.44209019],[18.56381519,54.44208076],[18.56390019,54.44208611],[18.56387669,54.442204],[18.56386415,54.44220323],[18.56387421,54.44221599],[18.56386946,54.44223908],[18.56389366,54.44224065],[18.56392672,54.44228257],[18.564,54.44233464],[18.56406774,54.44236292],[18.56413315,54.44235862],[18.56446075,54.44240717],[18.5644889,54.4424182],[18.56450069,54.44235104],[18.56482136,54.44237605],[18.56496209,54.44238715],[18.56493843,54.44243713],[18.56492553,54.44246262],[18.56488044,54.44254729],[18.56487468,54.44255476],[18.56475584,54.44271147],[18.56474429,54.44272411],[18.56462843,54.44285151],[18.56461097,54.44287063],[18.56459384,54.44289165],[18.56450528,54.44298667],[18.5644667,54.44302898],[18.56437317,54.44313212],[18.56438996,54.4431315],[18.56440144,54.44314815],[18.5643854,54.44315856],[18.5643428,54.44321141],[18.56445514,54.44324224],[18.56436972,54.44334201],[18.56417945,54.44331558],[18.56415044,54.44331347],[18.56414852,54.4433196],[18.5640323,54.44330917],[18.56386129,54.44329183],[18.5638516,54.44329739],[18.56345816,54.44325759],[18.56344907,54.44328367],[18.56332449,54.44327721],[18.5631494,54.44319385],[18.56310042,54.44313386],[18.56296894,54.44307986],[18.56284613,54.44308677],[18.56257078,54.44304375],[18.5624627,54.44300937],[18.56227351,54.4428442],[18.56230688,54.44279656],[18.56233324,54.44279159],[18.56228604,54.44259846],[18.56218793,54.44226622],[18.56204652,54.44225152],[18.56181421,54.44222753],[18.56183486,54.44215988],[18.56186649,54.44202721],[18.56191112,54.44188163],[18.56189239,54.44167312],[18.5620047,54.4415771],[18.56203757,54.44150735],[18.56183074,54.44090432],[18.56186639,54.44087638],[18.56208648,54.44046036],[18.56234719,54.44036634]],[[18.56381561,54.43923904],[18.56353304,54.43922481],[18.56352345,54.4392785],[18.5631491,54.43925968],[18.56354718,54.43929046],[18.56352498,54.43930888],[18.56356051,54.43935243],[18.56392314,54.43938014],[18.56395006,54.43941447],[18.56398271,54.43941295],[18.56398763,54.43938442],[18.56399001,54.43936743],[18.56399714,54.43932526],[18.56400308,54.43929845],[18.56401201,54.43925241],[18.56401627,54.43922571],[18.56396604,54.43924984],[18.56381561,54.43923904]]],[[[18.56086696,54.44309588],[18.56086694,54.4430949],[18.56087989,54.44306006],[18.56118325,54.44309379],[18.56120604,54.44305899],[18.56131807,54.44307578],[18.5613522,54.44305043],[18.56140486,54.4429042],[18.56156386,54.44278686],[18.56160568,54.44277679],[18.5619142,54.44285774],[18.56189469,54.4429053],[18.56180253,54.44287214],[18.56171954,54.4430603],[18.56182523,54.44307453],[18.561817,54.44309461],[18.56182026,54.44309768],[18.56170968,54.44308335],[18.56150929,54.44306011],[18.56148659,54.4431258],[18.56162031,54.44314252],[18.56193537,54.44318526],[18.56192953,54.44320044],[18.56193792,54.44320832],[18.56193536,54.44321471],[18.56192287,54.44321778],[18.5619187,54.44322864],[18.56186654,54.44322429],[18.56186396,54.44323229],[18.5615586,54.44330747],[18.5615365,54.44337066],[18.56148913,54.44340089],[18.56140403,54.44338916],[18.56140686,54.44337852],[18.56117626,54.44341514],[18.5611737,54.44339273],[18.56110142,54.44332815],[18.56112171,54.44327232],[18.56094351,54.44324925],[18.56094131,54.44322402],[18.56090057,54.44318611],[18.56090295,54.44317978],[18.56086895,54.44316848],[18.56085849,54.44319754],[18.56086523,54.44321772],[18.56090411,54.44324171],[18.56090882,54.44329398],[18.56089285,54.44335415],[18.56083667,54.44334992],[18.56084302,54.44331818],[18.56083548,54.443183],[18.56085447,54.44309558],[18.56086696,54.44309588]]],[[[18.56814161,54.43544053],[18.56821695,54.43535033],[18.56872444,54.43549188],[18.56871428,54.43550414],[18.56874492,54.43551298],[18.56872986,54.43553014],[18.56891406,54.43559734],[18.56894946,54.43567689],[18.56878862,54.43585266],[18.56877314,54.43586989],[18.56875902,54.43588532],[18.56875573,54.43588893],[18.56838628,54.43591147],[18.56825204,54.43605958],[18.56837294,54.43591229],[18.56829436,54.43591709],[18.56812784,54.43585405],[18.56799165,54.43577309],[18.56799611,54.43572639],[18.56791854,54.43570419],[18.56800421,54.43560244],[18.56814161,54.43544053]]],[[[18.56815375,54.43537138],[18.56811131,54.43542297],[18.56806737,54.43541006],[18.56802604,54.43539794],[18.56802765,54.435396],[18.56803328,54.43533697],[18.56806803,54.4353469],[18.5681095,54.43535874],[18.56815375,54.43537138]]]]}},{"type":"Feature","properties":{"postcode":"81-706","address_count":61,"both_agree_count":61,"source_conflict_count":0,"unresolved_count":0,"area_m2":77518,"support100_pct":100,"streets":"Bohaterów Monte Cassino; Józefa Czyżewskiego; Obrońców Westerplatte","label":[18.561895,54.44449],"label_r_km":0.07,"sea_km":0.71,"parts":2,"samples":[[18.56015,54.44647],[18.56015,54.44746],[18.56185,54.4435],[18.56185,54.44449],[18.56185,54.44548],[18.56185,54.44647],[18.56355,54.44449]]},"geometry":{"type":"MultiPolygon","coordinates":[[[[18.5604943,54.44544408],[18.56079272,54.44511339],[18.56080285,54.44508301],[18.56082609,54.4450122],[18.56084904,54.44494299],[18.56086996,54.44493253],[18.56052358,54.44465745],[18.56052788,54.44462933],[18.56053861,54.44461956],[18.56062235,54.44454325],[18.56066951,54.44437269],[18.5606781,54.44434336],[18.56105646,54.44409499],[18.56106928,54.44406902],[18.56108596,54.44389812],[18.56108264,54.44388404],[18.5610496,54.44384087],[18.5610315,54.44369316],[18.56101416,54.44361986],[18.56110597,54.44354478],[18.56117495,54.44341647],[18.56117626,54.44341514],[18.56140686,54.44337852],[18.56140403,54.44338916],[18.56148913,54.44340089],[18.5615365,54.44337066],[18.5615586,54.44330747],[18.56186396,54.44323229],[18.56186654,54.44322429],[18.5619187,54.44322864],[18.56192287,54.44321778],[18.56193536,54.44321471],[18.56193792,54.44320832],[18.56199799,54.44319418],[18.56201723,54.44319692],[18.56200695,54.4432231],[18.56200298,54.44323669],[18.56202134,54.44323804],[18.56202657,54.44322517],[18.562257,54.44325789],[18.56241577,54.4432805],[18.56241816,54.44325174],[18.56266542,54.44330836],[18.56266998,54.44332496],[18.56269245,54.4435032],[18.56261095,54.44350691],[18.56260593,54.44346667],[18.56263096,54.44344769],[18.56261149,54.44343358],[18.56256985,54.44343217],[18.56256849,54.44344565],[18.56251466,54.44344275],[18.56252013,54.44345792],[18.56246442,54.44345975],[18.56240081,54.44359454],[18.56240964,54.4436331],[18.56244641,54.44368699],[18.56244994,54.44371475],[18.56246495,54.44371418],[18.56252985,54.44380928],[18.56252962,54.44381491],[18.56253369,54.44381491],[18.56259078,54.4438986],[18.56262892,54.44388929],[18.56262918,54.44388057],[18.56272277,54.44388175],[18.56272287,54.44387807],[18.56272323,54.44386627],[18.562774,54.44385388],[18.56278856,54.44385252],[18.56287349,54.44387358],[18.56287357,54.44388492],[18.56292089,54.44388424],[18.56292644,54.44388413],[18.56292525,54.44388641],[18.56298375,54.4439009],[18.56301091,54.44384951],[18.56304967,54.44385508],[18.5630863,54.44386191],[18.5631472,54.44387322],[18.56315383,54.44387453],[18.56332759,54.4437979],[18.56337955,54.44383179],[18.56343312,54.44380333],[18.56344665,54.44379007],[18.56342955,54.44377918],[18.56343411,54.44377422],[18.56340391,54.44376457],[18.56342167,54.44374499],[18.56341888,54.44374374],[18.56342954,54.44373345],[18.56346188,54.44374309],[18.56348734,54.44374468],[18.56349908,54.44373456],[18.5635049,54.44369887],[18.56346742,54.4436974],[18.56349968,54.44364298],[18.5635388,54.44361139],[18.56363626,54.44360352],[18.5637323,54.44357637],[18.56373672,54.44353939],[18.56373981,54.44353947],[18.56374395,54.44350413],[18.56374086,54.44350397],[18.56374666,54.44345534],[18.56391496,54.44345302],[18.5639135,54.44347029],[18.56390117,54.44355983],[18.56389824,54.44355966],[18.56389376,54.44359202],[18.56389684,54.44359219],[18.56388575,54.44367211],[18.56406283,54.44368045],[18.56408181,54.44368153],[18.56408577,54.44365172],[18.5641287,54.44366139],[18.56414488,54.44367151],[18.56414028,54.44368467],[18.56413,54.44372174],[18.56408885,54.44381187],[18.56406264,54.44386823],[18.56405998,54.44387642],[18.56404118,54.44391092],[18.56402523,54.4439498],[18.56402194,54.44395763],[18.56400358,54.44400147],[18.56399328,54.44402506],[18.56397879,54.44409234],[18.56392581,54.44425412],[18.56383449,54.44435032],[18.563738,54.44445149],[18.56375486,54.44445644],[18.56366445,54.44456297],[18.56305863,54.44527152],[18.56302835,54.44526708],[18.56281517,54.44522451],[18.56271766,54.44520119],[18.56268744,54.44521442],[18.56268845,54.44521621],[18.56269545,54.44521796],[18.56309615,54.44528717],[18.56309728,54.44529183],[18.56303539,54.44540982],[18.56299737,54.44548178],[18.56298519,54.44550412],[18.56296933,54.44552746],[18.56295144,54.44554965],[18.56291227,54.44559314],[18.56281091,54.44570016],[18.56277023,54.44574671],[18.56272189,54.44580767],[18.56267961,54.44585009],[18.56260136,54.44594444],[18.56256518,54.44599258],[18.56253311,54.44604889],[18.56252243,54.44604615],[18.56245804,54.44616136],[18.56244712,54.44617525],[18.56234531,54.44631723],[18.56232598,54.44633466],[18.56225845,54.44641287],[18.56223076,54.44646268],[18.56219499,54.44652969],[18.56215993,54.44659257],[18.56196965,54.44655566],[18.56198301,54.44669219],[18.5619396,54.44689668],[18.5619333,54.44690378],[18.56166479,54.44706163],[18.56155589,54.44706725],[18.56127801,54.4472165],[18.56110968,54.44749607],[18.56111099,54.44750511],[18.56128009,54.4476183],[18.56126487,54.44766686],[18.56127126,54.44769218],[18.56124608,54.44772678],[18.561204,54.447861],[18.56113667,54.44793861],[18.56113934,54.44807848],[18.56101242,54.44819712],[18.56110242,54.44823158],[18.56113672,54.44825945],[18.56115121,54.44833881],[18.5611106,54.44837853],[18.56107542,54.44836602],[18.56100711,54.44834262],[18.56090686,54.44831623],[18.5604349,54.44818922],[18.55994671,54.44804701],[18.55983899,54.44802801],[18.55982273,54.44801102],[18.55955236,54.44794704],[18.55957571,54.44791169],[18.55938058,54.44787557],[18.55929987,54.44772433],[18.55965579,54.44721717],[18.55965134,54.44719885],[18.55991889,54.44705361],[18.56007758,54.44680281],[18.56009448,54.44671473],[18.56014896,54.44663725],[18.56017376,54.44654079],[18.56010976,54.44639975],[18.56043397,54.44608819],[18.56045088,54.44603814],[18.5604267,54.44593353],[18.56056397,54.44561927],[18.56050867,54.44546707],[18.56049431,54.44545059],[18.5604943,54.44544408]],[[18.5639446,54.44413966],[18.56393362,54.4441386],[18.56384276,54.44421234],[18.56383119,54.44421108],[18.56380387,54.44420824],[18.56379718,54.44422958],[18.56376708,54.44424006],[18.56376278,54.44426044],[18.56378674,54.44426295],[18.56385084,54.44427316],[18.56386917,54.44421521],[18.56392087,54.44421964],[18.56392882,54.44419274],[18.56393663,54.44416612],[18.5639446,54.44413966]]],[[[18.56256146,54.44321289],[18.56225281,54.44315377],[18.56219922,54.44314683],[18.56226136,54.4431322],[18.5624627,54.44300937],[18.56257078,54.44304375],[18.56284613,54.44308677],[18.56275679,54.44324353],[18.56275518,54.44324308],[18.56256146,54.44321289]]]]}},{"type":"Feature","properties":{"postcode":"81-707","address_count":34,"both_agree_count":27,"source_conflict_count":0,"unresolved_count":7,"area_m2":24096,"support100_pct":100,"streets":"Bałtycka; Floriana Ceynowy; Helska; Jana Jerzego Haffnera","label":[18.562758,54.447329],"label_r_km":0.044,"sea_km":0.49,"parts":3,"samples":[[18.56237,54.4473]]},"geometry":{"type":"MultiPolygon","coordinates":[[[[18.5619081,54.44740827],[18.56191686,54.44739556],[18.56193367,54.44736678],[18.5619637,54.44728744],[18.56166479,54.44706163],[18.5619333,54.44690378],[18.5619396,54.44689668],[18.5621723,54.44689666],[18.56219935,54.44682517],[18.56252789,54.44690504],[18.56255047,54.44691078],[18.56263141,54.44680968],[18.56298286,54.44689564],[18.56299492,54.44689855],[18.56301579,54.44690286],[18.56305322,54.44691212],[18.56329872,54.44697252],[18.5633977,54.44699623],[18.56354233,54.44703077],[18.56353491,54.44704096],[18.564058,54.44716466],[18.56403428,54.44720043],[18.5638733,54.44744431],[18.5638653,54.44745656],[18.56390833,54.44747002],[18.56391833,54.44745531],[18.56405386,54.44750407],[18.564035,54.44753232],[18.56406374,54.44753794],[18.56409564,54.44754722],[18.56426821,54.44759637],[18.5642764,54.44758413],[18.56432297,54.44760088],[18.56450953,54.44758306],[18.56451812,54.44759766],[18.56467829,54.44770506],[18.56467603,54.4477095],[18.56465758,54.44770434],[18.5645585,54.44783103],[18.56453562,54.44786016],[18.5645907,54.4478768],[18.56457296,54.44791156],[18.56435192,54.4478197],[18.56430985,54.44783759],[18.56422924,54.44781236],[18.56421984,54.44782418],[18.56411545,54.44795664],[18.5641015,54.44797422],[18.56409468,54.44798297],[18.56410628,54.44798565],[18.56409388,54.44801451],[18.56410378,54.44802768],[18.56416054,54.44804061],[18.56412218,54.4480992],[18.56411058,54.44809665],[18.56408854,54.4481299],[18.56410523,54.44813368],[18.564077,54.44817631],[18.56405998,54.44817253],[18.56403159,54.44821525],[18.56399136,54.44820436],[18.56394055,54.44825232],[18.56387585,54.44827369],[18.56384799,54.44837361],[18.56385804,54.44837634],[18.56384257,54.44839307],[18.56379844,54.44855132],[18.56364585,54.4485965],[18.56361815,54.4487484],[18.56372977,54.44877953],[18.56370493,54.44881181],[18.56373108,54.44881968],[18.5637067,54.44885125],[18.56370113,54.44884975],[18.56367598,54.44888248],[18.5636339,54.44887189],[18.56362768,54.44887937],[18.56359583,54.44887071],[18.56359542,54.44887298],[18.56352344,54.44888514],[18.56325721,54.44881183],[18.56322904,54.44880424],[18.56306235,54.44875713],[18.56302026,54.44874601],[18.56301485,54.4487445],[18.56298747,54.44873727],[18.56280206,54.4486884],[18.56280546,54.44867068],[18.56276286,54.44866113],[18.56277934,54.44863644],[18.56269288,54.44861707],[18.56275741,54.44852225],[18.56276175,54.44852358],[18.56279974,54.44847193],[18.56279246,54.44847026],[18.56275132,54.44846029],[18.56275617,54.44845407],[18.56274063,54.44842225],[18.56276586,54.44838431],[18.56272951,54.44837576],[18.56266439,54.44836052],[18.56269837,54.44832003],[18.56242938,54.44824356],[18.56240356,54.44823883],[18.56238267,54.4482329],[18.56233764,54.44822018],[18.56229445,54.44820798],[18.56226214,54.44824631],[18.56201389,54.44817613],[18.56207451,54.44810083],[18.56186747,54.44804394],[18.56188808,54.44801889],[18.56180637,54.44798403],[18.56181734,54.4479704],[18.56178677,54.44788746],[18.5617754,54.44788398],[18.56178247,54.44787579],[18.56177794,54.44786351],[18.56176783,54.44786048],[18.56177415,54.44785321],[18.56172523,54.44772047],[18.5615161,54.44762894],[18.56152704,54.4476235],[18.56157439,54.44763847],[18.5615863,54.44764228],[18.56165959,54.44755751],[18.56188181,54.4474469],[18.5619081,54.44740827]],[[18.56376284,54.44771443],[18.56388029,54.44768272],[18.56386975,54.44752993],[18.56387287,54.44752517],[18.56386901,54.44751925],[18.56386473,54.44745741],[18.56383508,54.44750235],[18.56380647,54.44749475],[18.5637065,54.44746699],[18.56362854,54.44752444],[18.56354458,54.44758631],[18.56354456,54.44758631],[18.56353049,54.44759668],[18.56350351,54.44759706],[18.56348585,54.44762239],[18.56338283,54.4475979],[18.56336041,54.44759279],[18.5632868,54.44757552],[18.56319916,54.44768275],[18.56320148,54.44768337],[18.5631388,54.44777212],[18.56315193,54.44790547],[18.56333231,54.4480463],[18.56333437,54.44804692],[18.56372131,54.44793075],[18.56370719,54.44777858],[18.56372416,54.44775244],[18.56376284,54.44771443]],[[18.56386467,54.44745641],[18.56386401,54.44744684],[18.56384611,54.44745171],[18.56386467,54.44745641]],[[18.56329915,54.44703801],[18.56328989,54.44703734],[18.56325833,54.44702931],[18.56325306,54.44702745],[18.56324993,54.44702405],[18.56323911,54.44703662],[18.56325723,54.44704461],[18.56333672,54.4470401],[18.56333755,54.44703909],[18.56330956,54.44703248],[18.56330529,54.44703637],[18.56329915,54.44703801]]],[[[18.56288539,54.44886109],[18.56277474,54.44883076],[18.56277993,54.44880376],[18.56294147,54.44884664],[18.56296634,54.44888372],[18.56288539,54.44886109]]],[[[18.56313544,54.44892659],[18.5631929,54.44891187],[18.56325287,54.44893082],[18.56311766,54.44895365],[18.56313544,54.44892659]]]]}},{"type":"Feature","properties":{"postcode":"81-708","address_count":20,"both_agree_count":19,"source_conflict_count":0,"unresolved_count":1,"area_m2":12570,"support100_pct":100,"streets":"Jana Jerzego Haffnera; Mariana Mokwy","label":[18.563095,54.446521],"label_r_km":0.027,"sea_km":0.52,"parts":4,"samples":[[18.56305,54.44666]]},"geometry":{"type":"MultiPolygon","coordinates":[[[[18.56299074,54.44676326],[18.56284289,54.44672838],[18.56274978,54.44670644],[18.56265884,54.44668512],[18.56247587,54.44664177],[18.56230869,54.44660328],[18.56233777,54.44655857],[18.56219672,54.44652645],[18.56223076,54.44646268],[18.56225845,54.44641287],[18.56232598,54.44633466],[18.56234531,54.44631723],[18.56244712,54.44617525],[18.56245804,54.44616136],[18.56245831,54.44616088],[18.56259135,54.4461917],[18.56260705,54.44616884],[18.56293261,54.44624432],[18.5630939,54.44628175],[18.56313216,54.44622704],[18.5631829,54.44623947],[18.56323379,54.446252],[18.56326974,54.44619784],[18.56329178,54.4461978],[18.56349985,54.4462991],[18.56352195,54.44627742],[18.56345673,54.44636631],[18.56364636,54.44641135],[18.5637455,54.4464346],[18.56394595,54.44648191],[18.56392811,54.44650751],[18.56391026,54.44653266],[18.56399579,54.4465531],[18.56399283,54.44655743],[18.56406941,54.44658765],[18.56402735,54.44665651],[18.56393902,54.44665954],[18.56396047,54.44666432],[18.56401521,54.44667637],[18.56408853,54.4466931],[18.56409744,54.44668012],[18.56418406,54.44670065],[18.5641833,54.44670182],[18.56426201,54.44672006],[18.56426261,54.44671897],[18.56430824,54.44672936],[18.56431801,54.44673345],[18.56433096,54.44673383],[18.56434218,54.44673055],[18.56435012,54.44672521],[18.56433271,54.44674901],[18.56430969,54.4467819],[18.564443,54.44683232],[18.56433024,54.44691525],[18.56429138,54.44704594],[18.56434422,54.44705732],[18.56435248,54.44704334],[18.56438421,54.44705208],[18.56446808,54.44707541],[18.56464745,54.44712507],[18.5646488,54.44712292],[18.5647114,54.44713639],[18.56471763,54.44714483],[18.56476042,54.44715689],[18.56473294,54.44719825],[18.56499047,54.44727081],[18.56496117,54.44731488],[18.56493353,54.44735634],[18.56491842,54.44737896],[18.56480604,54.44754669],[18.56457129,54.44748141],[18.56457126,54.44748143],[18.56450953,54.44758306],[18.56432297,54.44760088],[18.5642764,54.44758413],[18.56426821,54.44759637],[18.56409564,54.44754722],[18.56406374,54.44753794],[18.564035,54.44753232],[18.56405386,54.44750407],[18.56391833,54.44745531],[18.56390833,54.44747002],[18.5638653,54.44745656],[18.5638733,54.44744431],[18.56403428,54.44720043],[18.564058,54.44716466],[18.56353491,54.44704096],[18.56354233,54.44703077],[18.5633977,54.44699623],[18.56329872,54.44697252],[18.56305322,54.44691212],[18.56301579,54.44690286],[18.56310628,54.44679031],[18.56308618,54.44678573],[18.5630769,54.44678353],[18.56304751,54.44677666],[18.56299074,54.44676326]],[[18.5637521,54.44693833],[18.56379658,54.44687657],[18.56382197,54.44683909],[18.56384347,54.44684401],[18.56390781,54.44685899],[18.56397927,54.44675336],[18.56391462,54.44673865],[18.5636831,54.44668466],[18.56368187,54.44668439],[18.56351684,54.44688157],[18.56366886,54.44691571],[18.5637521,54.44693833]]],[[[18.56325833,54.44702931],[18.56328989,54.44703734],[18.56329915,54.44703801],[18.56330529,54.44703637],[18.56330956,54.44703248],[18.56333755,54.44703909],[18.56333672,54.4470401],[18.56325723,54.44704461],[18.56323911,54.44703662],[18.56324993,54.44702405],[18.56325306,54.44702745],[18.56325833,54.44702931]]],[[[18.56338283,54.4475979],[18.56348585,54.44762239],[18.56350351,54.44759706],[18.56353049,54.44759668],[18.56354456,54.44758631],[18.56354458,54.44758631],[18.56362854,54.44752444],[18.5637065,54.44746699],[18.56380647,54.44749475],[18.56383508,54.44750235],[18.56386473,54.44745741],[18.56386901,54.44751925],[18.56387287,54.44752517],[18.56386975,54.44752993],[18.56388029,54.44768272],[18.56376284,54.44771443],[18.56372416,54.44775244],[18.56370719,54.44777858],[18.56372131,54.44793075],[18.56333437,54.44804692],[18.56333231,54.4480463],[18.56315193,54.44790547],[18.5631388,54.44777212],[18.56320148,54.44768337],[18.56319916,54.44768275],[18.5632868,54.44757552],[18.56336041,54.44759279],[18.56338283,54.4475979]]],[[[18.56384611,54.44745171],[18.56386401,54.44744684],[18.56386467,54.44745641],[18.56384611,54.44745171]]]]}},{"type":"Feature","properties":{"postcode":"81-709","address_count":3,"both_agree_count":3,"source_conflict_count":0,"unresolved_count":0,"area_m2":4232,"support100_pct":100,"streets":"Jana Winieckiego","label":[18.561567,54.447344],"label_r_km":0.022,"sea_km":0.56,"parts":1,"samples":[[18.561567,54.447344]]},"geometry":{"type":"Polygon","coordinates":[[[18.56136961,54.44810136],[18.56113934,54.44807848],[18.56113667,54.44793861],[18.561204,54.447861],[18.56124608,54.44772678],[18.56127126,54.44769218],[18.56126487,54.44766686],[18.56128009,54.4476183],[18.56111099,54.44750511],[18.56110968,54.44749607],[18.56127801,54.4472165],[18.56155589,54.44706725],[18.56166479,54.44706163],[18.5619637,54.44728744],[18.56193367,54.44736678],[18.56191686,54.44739556],[18.5619081,54.44740827],[18.56188181,54.4474469],[18.56165959,54.44755751],[18.5615863,54.44764228],[18.56157439,54.44763847],[18.56152704,54.4476235],[18.5615161,54.44762894],[18.56172523,54.44772047],[18.56177415,54.44785321],[18.56176783,54.44786048],[18.56177794,54.44786351],[18.56178247,54.44787579],[18.5617754,54.44788398],[18.56178677,54.44788746],[18.56181734,54.4479704],[18.56180637,54.44798403],[18.56180516,54.4479846],[18.56177205,54.44801772],[18.561761,54.44801469],[18.56168394,54.44810687],[18.56164238,54.44815638],[18.56161141,54.44819283],[18.56135541,54.44811909],[18.56136961,54.44810136]]]}},{"type":"Feature","properties":{"postcode":"81-710","address_count":10,"both_agree_count":10,"source_conflict_count":0,"unresolved_count":0,"area_m2":7228,"support100_pct":100,"streets":"Jana Winieckiego","label":[18.562973,54.446021],"label_r_km":0.024,"sea_km":0.56,"parts":3,"samples":[[18.56279,54.44594]]},"geometry":{"type":"MultiPolygon","coordinates":[[[[18.56374619,54.4449473],[18.5637821,54.444958],[18.56374213,54.44499898],[18.56370721,54.44503904],[18.56369097,54.44505763],[18.5637577,54.44507807],[18.56366763,54.44518801],[18.56336457,54.44511009],[18.56332626,54.44515813],[18.56316008,54.44515288],[18.56305863,54.44527152],[18.56366445,54.44456297],[18.56375486,54.44445644],[18.5638063,54.44447154],[18.56396398,54.4446029],[18.56400724,54.44461555],[18.56397248,54.44465524],[18.56383999,54.4448068],[18.56383867,54.44481174],[18.56381682,54.44483701],[18.56379771,54.44485938],[18.56381256,54.44486389],[18.56381711,54.44485902],[18.56384334,54.44486594],[18.56385841,54.44488502],[18.56383982,54.44490995],[18.56378956,54.44489544],[18.56378182,54.4449041],[18.56378368,54.44490473],[18.56374619,54.4449473]]],[[[18.56272189,54.44580767],[18.56277023,54.44574671],[18.56281091,54.44570016],[18.56291227,54.44559314],[18.56295144,54.44554965],[18.56296933,54.44552746],[18.56298519,54.44550412],[18.56299737,54.44548178],[18.56300406,54.44546911],[18.56311242,54.44550693],[18.56310565,54.44551991],[18.56337426,54.44558047],[18.56338798,54.44561364],[18.56337756,54.44562978],[18.56348163,54.44565256],[18.56345609,54.44567838],[18.56332826,54.44583431],[18.56350394,54.44587429],[18.56356424,54.44588802],[18.56356731,54.44588657],[18.56356504,54.4458899],[18.56354832,54.44589573],[18.56350794,54.44595199],[18.56345044,54.4459421],[18.56333057,54.44612585],[18.56332513,54.44613433],[18.56333573,54.44613693],[18.56329178,54.4461978],[18.56326974,54.44619784],[18.56323379,54.446252],[18.5631829,54.44623947],[18.56313216,54.44622704],[18.5630939,54.44628175],[18.56293261,54.44624432],[18.56260705,54.44616884],[18.56259135,54.4461917],[18.56245831,54.44616088],[18.56252243,54.44604615],[18.56253311,54.44604889],[18.56256518,54.44599258],[18.56260136,54.44594444],[18.56267961,54.44585009],[18.56272189,54.44580767]]],[[[18.56301579,54.44690286],[18.56299492,54.44689855],[18.56298286,54.44689564],[18.56263141,54.44680968],[18.56255047,54.44691078],[18.56252789,54.44690504],[18.56219935,54.44682517],[18.5621723,54.44689666],[18.5619396,54.44689668],[18.56198301,54.44669219],[18.56196965,54.44655566],[18.56215993,54.44659257],[18.56219499,54.44652969],[18.56219672,54.44652645],[18.56233777,54.44655857],[18.56230869,54.44660328],[18.56247587,54.44664177],[18.56265884,54.44668512],[18.56274978,54.44670644],[18.56284289,54.44672838],[18.56299074,54.44676326],[18.56304751,54.44677666],[18.5630769,54.44678353],[18.56308618,54.44678573],[18.56310628,54.44679031],[18.56301579,54.44690286]]]]}},{"type":"Feature","properties":{"postcode":"81-711","address_count":16,"both_agree_count":0,"source_conflict_count":15,"unresolved_count":1,"area_m2":63214,"support100_pct":0,"streets":"Powstańców Warszawy; Tenisowa","label":[18.564121,54.450996],"label_r_km":0.088,"sea_km":0.23,"parts":2,"samples":[[18.5628,54.44999],[18.5628,54.45098],[18.5628,54.45197],[18.5628,54.45296],[18.5645,54.44999],[18.5645,54.45098],[18.5645,54.45197]]},"geometry":{"type":"MultiPolygon","coordinates":[[[[18.56263186,54.450666],[18.56263712,54.45066723],[18.56266596,54.45062307],[18.56262901,54.45061489],[18.56262976,54.4506139],[18.56259333,54.4506058],[18.56255956,54.45054143],[18.56258024,54.45050233],[18.56260493,54.45050036],[18.56266756,54.45051399],[18.56274819,54.45038991],[18.56274431,54.45038893],[18.56269405,54.45037722],[18.56271676,54.45033081],[18.56287169,54.45020144],[18.56287746,54.45019263],[18.56279183,54.4501774],[18.56246356,54.45011882],[18.5626745,54.44972773],[18.56265983,54.44972511],[18.562599,54.44974227],[18.56267618,54.44962512],[18.56268008,54.44962976],[18.56268211,54.4496161],[18.56275504,54.44950518],[18.56277991,54.44949913],[18.56270317,54.4496143],[18.56364732,54.44982607],[18.56381635,54.44985278],[18.5638356,54.44981693],[18.56398856,54.4495833],[18.56416098,54.44961779],[18.56424653,54.44972012],[18.56481279,54.44982114],[18.56460411,54.44999213],[18.56476813,54.45002461],[18.56490884,54.44983828],[18.56565569,54.44997153],[18.56600309,54.45085651],[18.5652641,54.45170095],[18.56500773,54.45199383],[18.56456679,54.45211183],[18.5636886,54.45256115],[18.56349619,54.45279405],[18.56284387,54.4528775],[18.56280268,54.45295759],[18.56273512,54.4530901],[18.56285376,54.45322511],[18.56270675,54.45330988],[18.56262662,54.45330911],[18.56263097,54.45330052],[18.56229004,54.45324237],[18.56194834,54.45318402],[18.56201026,54.45303415],[18.56209386,54.45283259],[18.56205986,54.45282664],[18.56213823,54.45262853],[18.56220251,54.45248062],[18.56221053,54.45248103],[18.56229975,54.45226292],[18.56232855,54.4522042],[18.56197956,54.45221281],[18.56210107,54.45189556],[18.5623832,54.45189228],[18.56242475,54.45180961],[18.56271313,54.45185876],[18.56275671,54.4518661],[18.56289254,54.45156215],[18.56253097,54.45150463],[18.56252108,54.45150306],[18.56247517,54.45140474],[18.56239235,54.45139171],[18.56253005,54.45119018],[18.56271645,54.45090989],[18.56282713,54.45075332],[18.56264132,54.45069729],[18.56262801,54.45067191],[18.56263186,54.450666]]],[[[18.5661871,54.45132528],[18.56637619,54.45180694],[18.56634759,54.45180542],[18.56575202,54.45182323],[18.5661871,54.45132528]]]]}},{"type":"Feature","properties":{"postcode":"81-712","address_count":17,"both_agree_count":9,"source_conflict_count":0,"unresolved_count":8,"area_m2":182073,"support100_pct":38,"streets":"Powstańców Warszawy; Wosia Budzysza","label":[18.562838,54.454892],"label_r_km":0.125,"sea_km":0.13,"parts":3,"samples":[[18.56035,54.45118],[18.56035,54.45811],[18.56035,54.4591],[18.56035,54.46009],[18.56205,54.45415],[18.56205,54.45514],[18.56205,54.45613],[18.56205,54.45712],[18.56205,54.45811],[18.56205,54.4591],[18.56205,54.46009],[18.56205,54.46108],[18.56375,54.45415],[18.56375,54.45514],[18.56375,54.45613]]},"geometry":{"type":"MultiPolygon","coordinates":[[[[18.5608035,54.45159127],[18.56027534,54.45149981],[18.56027593,54.45149905],[18.5601851,54.45148418],[18.56021731,54.45140415],[18.56031605,54.45116048],[18.56020773,54.45114302],[18.56015496,54.45116249],[18.56019938,54.45101665],[18.56020364,54.45100263],[18.56012313,54.45074115],[18.56012678,54.45072557],[18.56029828,54.45068939],[18.56028259,54.45074232],[18.56083995,54.45084351],[18.56104768,54.45088118],[18.56130474,54.45092985],[18.56158528,54.45098119],[18.56143373,54.45121828],[18.56136964,54.45135739],[18.56133203,54.45132368],[18.56128737,54.45131653],[18.56130396,54.45134619],[18.56108266,54.4515447],[18.56119798,54.45156377],[18.56104985,54.45157409],[18.56100102,54.45161785],[18.56082822,54.45158954],[18.5608035,54.45159127]]],[[[18.5623832,54.45189228],[18.56210107,54.45189556],[18.56208304,54.45183811],[18.56207137,54.45185492],[18.56204461,54.45184875],[18.56171887,54.45177417],[18.56151069,54.45172653],[18.56145841,54.45171455],[18.56146821,54.45167534],[18.56150254,54.45153848],[18.56148269,54.4515295],[18.56144613,54.45154648],[18.56141217,54.45154884],[18.56154306,54.45137698],[18.56155015,54.45134847],[18.56155673,54.45137204],[18.56159906,54.45135677],[18.56171831,54.45137569],[18.5619075,54.4513135],[18.56235805,54.4513863],[18.56239235,54.45139171],[18.56247517,54.45140474],[18.56252108,54.45150306],[18.56253097,54.45150463],[18.56289254,54.45156215],[18.56275671,54.4518661],[18.56271313,54.45185876],[18.56242475,54.45180961],[18.5623832,54.45189228]]],[[[18.5608535,54.45397867],[18.56081539,54.45397633],[18.56077652,54.45397525],[18.56069958,54.45397516],[18.56066104,54.45397632],[18.56062268,54.4539783],[18.56058543,54.45398287],[18.56054866,54.45398907],[18.56051315,54.45399696],[18.56048904,54.45400453],[18.56067328,54.45377348],[18.5606229,54.45371989],[18.56063087,54.45365939],[18.56070096,54.45373877],[18.56083502,54.45379969],[18.56109677,54.4538283],[18.56141961,54.45381531],[18.5622182,54.45373783],[18.56232853,54.45372159],[18.56240144,54.45367534],[18.56242834,54.45362419],[18.56225553,54.45364871],[18.56216048,54.45364367],[18.56211155,54.45364112],[18.56196212,54.45360525],[18.56176608,54.45354497],[18.5618147,54.45342354],[18.56191881,54.45317895],[18.56194834,54.45318402],[18.56229004,54.45324237],[18.56263097,54.45330052],[18.56262662,54.45330911],[18.56270675,54.45330988],[18.56285376,54.45322511],[18.56273512,54.4530901],[18.56280268,54.45295759],[18.56284387,54.4528775],[18.56349619,54.45279405],[18.56352399,54.45297021],[18.56357564,54.45298194],[18.56353556,54.45304366],[18.56356181,54.45321003],[18.56347828,54.45328734],[18.5634518,54.45346122],[18.56499571,54.45468421],[18.5646102,54.45534289],[18.56440007,54.45571306],[18.56399505,54.45642651],[18.56310292,54.45808417],[18.56252465,54.45941189],[18.5622212,54.46043771],[18.56207086,54.46118569],[18.56035963,54.46082745],[18.5599459,54.46059495],[18.55952278,54.45989178],[18.55950322,54.4592765],[18.55971501,54.45843508],[18.56043121,54.45799758],[18.56034753,54.45721002],[18.56039501,54.45715476],[18.56152677,54.45625038],[18.56168406,54.45615676],[18.56121497,54.4558627],[18.56105271,54.45614264],[18.56104745,54.456153],[18.56101704,54.45615053],[18.56068222,54.45612378],[18.56039247,54.45610061],[18.56040524,54.45606469],[18.56036672,54.45597674],[18.56037006,54.45593925],[18.56052199,54.45573873],[18.56056066,54.45566901],[18.56058437,54.4555646],[18.56059821,54.45546139],[18.56063822,54.45538699],[18.56074472,54.45521328],[18.56082269,54.45500655],[18.56082738,54.45498927],[18.56072249,54.45497493],[18.56053694,54.45494875],[18.56052011,54.45494712],[18.56058625,54.45478905],[18.56062273,54.4547949],[18.56064693,54.45473595],[18.56067785,54.45472048],[18.5610545,54.45438873],[18.56108031,54.45420636],[18.5609058,54.45402078],[18.56089227,54.45398316],[18.5608535,54.45397867]]]]}},{"type":"Feature","properties":{"postcode":"81-713","address_count":28,"both_agree_count":28,"source_conflict_count":0,"unresolved_count":0,"area_m2":291919,"support100_pct":72,"streets":"Młyńska; Sępia; Zamkowa Góra","label":[18.558778,54.46197],"label_r_km":0.157,"sea_km":0.24,"parts":2,"samples":[[18.55571,54.4578],[18.55571,54.45879],[18.55571,54.45978],[18.55571,54.46077],[18.55571,54.46175],[18.55741,54.45384],[18.55741,54.45681],[18.55741,54.4578],[18.55741,54.45879],[18.55741,54.45978],[18.55741,54.46077],[18.55741,54.46175],[18.55741,54.46274],[18.55911,54.45483],[18.55911,54.45681],[18.55911,54.4578],[18.55911,54.45879],[18.55911,54.45978],[18.55911,54.46077],[18.55911,54.46175],[18.55911,54.46274],[18.56081,54.45681],[18.56081,54.46175],[18.56081,54.46274],[18.56081,54.46373]]},"geometry":{"type":"MultiPolygon","coordinates":[[[[18.5562574,54.45444917],[18.55659445,54.45372191],[18.55700344,54.45344074],[18.55723052,54.45334654],[18.55781048,54.45357187],[18.55929714,54.4545464],[18.55932738,54.45462253],[18.55927817,54.45468249],[18.55946345,54.4546682],[18.55952431,54.45466352],[18.55945492,54.45476554],[18.55935352,54.45492836],[18.55880558,54.45495165],[18.55819093,54.45532054],[18.55745341,54.4552851],[18.55722257,54.45511058],[18.55696129,54.45505064],[18.55695783,54.45491042],[18.55689375,54.45486197],[18.55651023,54.454572],[18.5562574,54.45444917]],[[18.55766349,54.45480292],[18.55764547,54.45474298],[18.55763572,54.45468801],[18.55762901,54.45463782],[18.55762395,54.45453505],[18.55764466,54.4544463],[18.55765741,54.45440832],[18.55768048,54.45438665],[18.55769834,54.45436137],[18.55768735,54.45432141],[18.55769536,54.45416555],[18.55768512,54.45412803],[18.55766488,54.45410197],[18.55763087,54.45407892],[18.55757257,54.45406253],[18.55751025,54.45407623],[18.55744298,54.4541052],[18.55734878,54.45419818],[18.55724423,54.45435008],[18.55718908,54.45442791],[18.55716838,54.45450165],[18.55718416,54.45452652],[18.55720574,54.45457137],[18.55721022,54.45462829],[18.55722543,54.45472031],[18.55723088,54.45477266],[18.55724398,54.45481693],[18.55725796,54.45486508],[18.5572868,54.45492353],[18.55731228,54.45496408],[18.55734605,54.45500898],[18.55739138,54.45504052],[18.55743578,54.45505821],[18.5574959,54.45506328],[18.55754675,54.45505565],[18.55759152,54.45503882],[18.55763854,54.45501364],[18.55767212,54.45497574],[18.55769324,54.45493473],[18.55770506,54.45489729],[18.55771088,54.45487267],[18.55770481,54.45483417],[18.55766349,54.45480292]]],[[[18.55525885,54.45885899],[18.55522923,54.45885814],[18.5551984,54.45885818],[18.55512119,54.45886231],[18.55505977,54.45887104],[18.55501753,54.45888328],[18.55496709,54.4589048],[18.55492553,54.45893302],[18.55490227,54.45895703],[18.55488232,54.45898499],[18.55486086,54.4589743],[18.55486866,54.45888127],[18.55509402,54.45852873],[18.55541962,54.45831772],[18.55543025,54.4582602],[18.55559781,54.45784524],[18.55572323,54.45753029],[18.55669615,54.45752213],[18.55636388,54.45750889],[18.55656733,54.45717786],[18.55651558,54.45702317],[18.55664954,54.4569619],[18.5571316,54.45678214],[18.55710777,54.4567641],[18.55675834,54.45691145],[18.55651349,54.45701692],[18.55649516,54.45696215],[18.5566185,54.45674871],[18.55711654,54.45654745],[18.55716119,54.45653246],[18.55801662,54.45660968],[18.55876492,54.45609775],[18.55883953,54.45601801],[18.55884103,54.4559925],[18.55890211,54.4559464],[18.55917357,54.45597784],[18.55918074,54.45596309],[18.55998423,54.4560954],[18.559993,54.45607275],[18.56152677,54.45625038],[18.56039501,54.45715476],[18.56034753,54.45721002],[18.56043121,54.45799758],[18.55971501,54.45843508],[18.55950322,54.4592765],[18.55952278,54.45989178],[18.5599459,54.46059495],[18.56035963,54.46082745],[18.56207086,54.46118569],[18.56199078,54.46158413],[18.56207629,54.46281658],[18.56217293,54.46391484],[18.56205383,54.46392392],[18.56197395,54.46393001],[18.56169238,54.46395148],[18.56145468,54.46396957],[18.56140196,54.46397358],[18.56114174,54.46395907],[18.56098909,54.46397334],[18.56098606,54.46397369],[18.56096595,54.46397603],[18.56095198,54.46397765],[18.56094931,54.46397323],[18.56094742,54.4639701],[18.5609403,54.4639583],[18.56087905,54.46394457],[18.56069417,54.46384039],[18.56061606,54.46379637],[18.56060322,54.46377916],[18.56058887,54.46375993],[18.56050147,54.46373125],[18.56048561,54.46372605],[18.56048492,54.46372582],[18.56041488,54.46369057],[18.56024468,54.46370654],[18.56019078,54.46368915],[18.56016783,54.46368174],[18.56011744,54.46366832],[18.56002224,54.46364298],[18.5599937,54.46363538],[18.55996751,54.46362983],[18.5599173,54.4636192],[18.55986895,54.46360776],[18.55984395,54.46360185],[18.55981792,54.46360269],[18.55976285,54.46360447],[18.55971251,54.46361809],[18.55967128,54.46362924],[18.55966051,54.46363533],[18.55965861,54.46363641],[18.55959231,54.4636739],[18.55940122,54.46369626],[18.55939391,54.46369581],[18.55937328,54.46369454],[18.55924099,54.4636864],[18.55920179,54.46367888],[18.55913028,54.46366517],[18.55903839,54.46367702],[18.55898648,54.46368371],[18.55881369,54.46369089],[18.55871072,54.46366118],[18.55865157,54.46362093],[18.55866057,54.46356851],[18.55866523,54.46355247],[18.55869594,54.46344689],[18.55867656,54.4634175],[18.55856651,54.46337739],[18.55843102,54.46339455],[18.55839465,54.4633891],[18.55837016,54.46338542],[18.55834154,54.46338113],[18.55834153,54.46338113],[18.55829261,54.46340389],[18.55822077,54.4634373],[18.55818334,54.46345167],[18.55818044,54.46345302],[18.55813445,54.46347436],[18.55812242,54.46346325],[18.5580839,54.46342766],[18.558079,54.46342313],[18.55814007,54.46338844],[18.55811866,54.46338698],[18.55807563,54.46338405],[18.55803525,54.46338129],[18.55797734,54.46337607],[18.55794164,54.46339358],[18.55787404,54.4634469],[18.55787926,54.46346808],[18.55791106,54.46349255],[18.55787475,54.46349362],[18.55785341,54.46349425],[18.55777843,54.46348193],[18.55772999,54.46349837],[18.55772822,54.46349897],[18.55772502,54.46350006],[18.55769008,54.46348252],[18.55762184,54.46343216],[18.55752158,54.46343163],[18.55746289,54.46334119],[18.55743747,54.46330202],[18.55741476,54.46328767],[18.5573124,54.46322299],[18.55732085,54.46315866],[18.55732283,54.46314354],[18.55732553,54.46312302],[18.55726113,54.46310544],[18.55720066,54.46308208],[18.55719772,54.46308094],[18.55719047,54.46306518],[18.55718685,54.46305732],[18.55718072,54.463044],[18.55712249,54.46302639],[18.55708517,54.46302665],[18.55708516,54.46302665],[18.55703075,54.46305107],[18.55696634,54.46305505],[18.55696301,54.46305047],[18.55694969,54.46303213],[18.55694735,54.46303065],[18.55692602,54.46301705],[18.55690503,54.46300367],[18.55690397,54.4630036],[18.55680685,54.46299729],[18.5567911,54.46299548],[18.55663668,54.462944],[18.55662086,54.46293873],[18.55660875,54.46293469],[18.55653191,54.46293118],[18.55653316,54.46293148],[18.55655835,54.46293744],[18.55649936,54.46295397],[18.55648082,54.46295761],[18.5564403,54.46296556],[18.55638733,54.46296183],[18.5563138,54.46295664],[18.5562393,54.46295139],[18.55624894,54.46294346],[18.55630359,54.46289848],[18.55632,54.46288498],[18.55618125,54.46293513],[18.5561258,54.46288399],[18.55615572,54.4628268],[18.55613196,54.46279232],[18.5561662,54.46274706],[18.55616356,54.46273545],[18.55616344,54.46273494],[18.55616047,54.46272184],[18.55616046,54.46272184],[18.55613884,54.4627134],[18.55606613,54.462685],[18.55599472,54.46265711],[18.55583954,54.46259799],[18.55563599,54.46254313],[18.55556599,54.46253966],[18.55550074,54.4617644],[18.55554671,54.46168573],[18.55541492,54.46111648],[18.55492589,54.46039532],[18.55511658,54.46024523],[18.55499886,54.46019213],[18.55500629,54.46018401],[18.55498329,54.46015941],[18.55488213,54.46006814],[18.55486525,54.46004037],[18.55486503,54.46003524],[18.55486774,54.46003029],[18.55504928,54.45975921],[18.5550953,54.45970707],[18.55534308,54.45979487],[18.55550073,54.45963889],[18.55564926,54.45939025],[18.5556058,54.45936924],[18.55561996,54.45934447],[18.55566961,54.4593446],[18.55567736,54.4592097],[18.5555984,54.45912983],[18.55547248,54.45906735],[18.55550506,54.45903575],[18.55541704,54.45894676],[18.55545721,54.45890758],[18.55522395,54.45891135],[18.55525885,54.45885899]]]]}},{"type":"Feature","properties":{"postcode":"81-714","address_count":1,"both_agree_count":1,"source_conflict_count":0,"unresolved_count":0,"area_m2":11034,"support100_pct":81,"streets":"Jana Winieckiego","label":[18.559866,54.45016],"label_r_km":0.034,"sea_km":0.51,"parts":1,"samples":[[18.55897,54.44978]]},"geometry":{"type":"Polygon","coordinates":[[[18.5604254,54.44953684],[18.56069561,54.44928475],[18.56057828,54.44956614],[18.56046337,54.4498464],[18.56053196,54.44984186],[18.56059071,54.44991073],[18.56042586,54.45031561],[18.56036409,54.45046738],[18.56029828,54.45068939],[18.56012678,54.45072557],[18.56014893,54.4506309],[18.56012671,54.45062867],[18.56003947,54.45061982],[18.5598043,54.45052604],[18.55960953,54.45046557],[18.55957748,54.45048321],[18.55925029,54.45023671],[18.55913308,54.45023751],[18.55902898,54.45021265],[18.55878207,54.45010499],[18.55856752,54.45005243],[18.55828534,54.45000522],[18.55811575,54.45000592],[18.55848559,54.4494594],[18.55856903,54.44933709],[18.55904655,54.44968015],[18.56006627,54.44987246],[18.5601252,54.44981729],[18.5604254,54.44953684]]]}},{"type":"Feature","properties":{"postcode":"81-715","address_count":43,"both_agree_count":38,"source_conflict_count":0,"unresolved_count":5,"area_m2":210748,"support100_pct":82,"streets":"Jakuba Goyki; Jana Jerzego Haffnera","label":[18.559776,54.453178],"label_r_km":0.077,"sea_km":0.39,"parts":1,"samples":[[18.55638,54.45529],[18.55808,54.45332],[18.55808,54.45628],[18.55978,54.44837],[18.55978,54.44936],[18.55978,54.45233],[18.55978,54.45332],[18.55978,54.45431],[18.55978,54.45529],[18.56148,54.44837],[18.56148,54.44936],[18.56148,54.45035],[18.56148,54.45134],[18.56148,54.45233],[18.56148,54.45332],[18.56318,54.44936],[18.56488,54.44936]]},"geometry":{"type":"Polygon","coordinates":[[[18.56158528,54.45098119],[18.56130474,54.45092985],[18.56104768,54.45088118],[18.56083995,54.45084351],[18.56028259,54.45074232],[18.56036409,54.45046738],[18.56042586,54.45031561],[18.56059071,54.44991073],[18.56053196,54.44984186],[18.56046337,54.4498464],[18.56057828,54.44956614],[18.56069561,54.44928475],[18.5604254,54.44953684],[18.5601252,54.44981729],[18.56006627,54.44987246],[18.55904655,54.44968015],[18.55856903,54.44933709],[18.55866293,54.44920225],[18.55898127,54.44875792],[18.55904663,54.4486667],[18.55916579,54.44849941],[18.5590398,54.44815679],[18.55912467,54.44804372],[18.55938058,54.44787557],[18.55957571,54.44791169],[18.55955236,54.44794704],[18.55982273,54.44801102],[18.55983899,54.44802801],[18.55994671,54.44804701],[18.5604349,54.44818922],[18.56090686,54.44831623],[18.56100711,54.44834262],[18.56107542,54.44836602],[18.5611106,54.44837853],[18.56102519,54.4486154],[18.56092097,54.44880716],[18.56075933,54.44913677],[18.56094697,54.44923474],[18.56101646,54.4490714],[18.56107173,54.44894123],[18.56102767,54.44889857],[18.56114457,54.44863083],[18.56137564,54.44866282],[18.56144407,54.44851354],[18.56121,54.44847734],[18.56122958,54.44843233],[18.56127705,54.44842008],[18.56143671,54.44846386],[18.56141372,54.44844111],[18.56128921,54.44840806],[18.56123469,54.44842269],[18.56124605,54.44839659],[18.56120396,54.44838555],[18.56121375,54.44837303],[18.56113676,54.44835294],[18.56115121,54.44833881],[18.56113672,54.44825945],[18.56110242,54.44823158],[18.56101242,54.44819712],[18.56113934,54.44807848],[18.56136961,54.44810136],[18.56135541,54.44811909],[18.56161141,54.44819283],[18.56164238,54.44815638],[18.56168394,54.44810687],[18.561761,54.44801469],[18.56177205,54.44801772],[18.56180516,54.4479846],[18.56180637,54.44798403],[18.56188808,54.44801889],[18.56186747,54.44804394],[18.56207451,54.44810083],[18.56201389,54.44817613],[18.56226214,54.44824631],[18.56229445,54.44820798],[18.56233764,54.44822018],[18.56238267,54.4482329],[18.56240356,54.44823883],[18.56242938,54.44824356],[18.56269837,54.44832003],[18.56266439,54.44836052],[18.56272951,54.44837576],[18.56276586,54.44838431],[18.56274063,54.44842225],[18.56275617,54.44845407],[18.56275132,54.44846029],[18.56279246,54.44847026],[18.56279974,54.44847193],[18.56276175,54.44852358],[18.56275741,54.44852225],[18.56269288,54.44861707],[18.56277934,54.44863644],[18.56276286,54.44866113],[18.56280546,54.44867068],[18.56280206,54.4486884],[18.56298747,54.44873727],[18.56301485,54.4487445],[18.56302026,54.44874601],[18.56306235,54.44875713],[18.56322904,54.44880424],[18.56325721,54.44881183],[18.56352344,54.44888514],[18.56359542,54.44887298],[18.56359583,54.44887071],[18.56362768,54.44887937],[18.5636339,54.44887189],[18.56367598,54.44888248],[18.56370113,54.44884975],[18.5637067,54.44885125],[18.56373108,54.44881968],[18.56370493,54.44881181],[18.56372977,54.44877953],[18.56361815,54.4487484],[18.56364585,54.4485965],[18.56379844,54.44855132],[18.5638574,54.4485653],[18.56384646,54.44857729],[18.56406234,54.44863585],[18.56407745,54.44861744],[18.56413796,54.44863177],[18.56414614,54.44863721],[18.56413394,54.44865222],[18.56419624,54.44867056],[18.56433428,54.44876243],[18.56437396,54.4487733],[18.56415822,54.44906064],[18.56434374,54.44910936],[18.5648565,54.44844697],[18.5646582,54.44871267],[18.5646547,54.44872769],[18.56453854,54.44906964],[18.56533873,54.44916168],[18.56544827,54.44880951],[18.56548176,54.4488231],[18.56566364,54.44884174],[18.5656793,54.44882104],[18.56611311,54.44887584],[18.56633103,54.44912846],[18.56627693,54.44945666],[18.56565569,54.44997153],[18.56490884,54.44983828],[18.56476813,54.45002461],[18.56460411,54.44999213],[18.56481279,54.44982114],[18.56424653,54.44972012],[18.56416098,54.44961779],[18.56398856,54.4495833],[18.5638356,54.44981693],[18.56381635,54.44985278],[18.56364732,54.44982607],[18.56270317,54.4496143],[18.56277991,54.44949913],[18.56275504,54.44950518],[18.56268211,54.4496161],[18.56268008,54.44962976],[18.56267618,54.44962512],[18.562599,54.44974227],[18.56265983,54.44972511],[18.5626745,54.44972773],[18.56246356,54.45011882],[18.56279183,54.4501774],[18.56287746,54.45019263],[18.56287169,54.45020144],[18.56271676,54.45033081],[18.56269405,54.45037722],[18.56274431,54.45038893],[18.56274819,54.45038991],[18.56266756,54.45051399],[18.56260493,54.45050036],[18.56258024,54.45050233],[18.56255956,54.45054143],[18.56259333,54.4506058],[18.56262976,54.4506139],[18.56262901,54.45061489],[18.56266596,54.45062307],[18.56263712,54.45066723],[18.56263186,54.450666],[18.56262801,54.45067191],[18.56264132,54.45069729],[18.56282713,54.45075332],[18.56271645,54.45090989],[18.56253005,54.45119018],[18.56239235,54.45139171],[18.56235805,54.4513863],[18.5619075,54.4513135],[18.56171831,54.45137569],[18.56159906,54.45135677],[18.56155673,54.45137204],[18.56155015,54.45134847],[18.56154306,54.45137698],[18.56141217,54.45154884],[18.56144613,54.45154648],[18.56148269,54.4515295],[18.56150254,54.45153848],[18.56146821,54.45167534],[18.56145841,54.45171455],[18.56151069,54.45172653],[18.56171887,54.45177417],[18.56204461,54.45184875],[18.56207137,54.45185492],[18.56208304,54.45183811],[18.56210107,54.45189556],[18.56197956,54.45221281],[18.56232855,54.4522042],[18.56229975,54.45226292],[18.56221053,54.45248103],[18.56220251,54.45248062],[18.56213823,54.45262853],[18.56205986,54.45282664],[18.56209386,54.45283259],[18.56201026,54.45303415],[18.56194834,54.45318402],[18.56191881,54.45317895],[18.5618147,54.45342354],[18.56176608,54.45354497],[18.56196212,54.45360525],[18.56211155,54.45364112],[18.56216048,54.45364367],[18.56225553,54.45364871],[18.56242834,54.45362419],[18.56240144,54.45367534],[18.56232853,54.45372159],[18.5622182,54.45373783],[18.56141961,54.45381531],[18.56109677,54.4538283],[18.56083502,54.45379969],[18.56070096,54.45373877],[18.56063087,54.45365939],[18.5606229,54.45371989],[18.56067328,54.45377348],[18.56048904,54.45400453],[18.56051315,54.45399696],[18.56054866,54.45398907],[18.56058543,54.45398287],[18.56062268,54.4539783],[18.56066104,54.45397632],[18.56069958,54.45397516],[18.56077652,54.45397525],[18.56081539,54.45397633],[18.5608535,54.45397867],[18.56089227,54.45398316],[18.5609058,54.45402078],[18.56108031,54.45420636],[18.5610545,54.45438873],[18.56067785,54.45472048],[18.56064693,54.45473595],[18.56062273,54.4547949],[18.56058625,54.45478905],[18.56052011,54.45494712],[18.56053694,54.45494875],[18.56072249,54.45497493],[18.56082738,54.45498927],[18.56082269,54.45500655],[18.56074472,54.45521328],[18.56063822,54.45538699],[18.56059821,54.45546139],[18.56058437,54.4555646],[18.56056066,54.45566901],[18.56052199,54.45573873],[18.56037006,54.45593925],[18.56036672,54.45597674],[18.56040524,54.45606469],[18.56039247,54.45610061],[18.56068222,54.45612378],[18.56101704,54.45615053],[18.56104745,54.456153],[18.56105271,54.45614264],[18.56121497,54.4558627],[18.56168406,54.45615676],[18.56152677,54.45625038],[18.559993,54.45607275],[18.55998423,54.4560954],[18.55918074,54.45596309],[18.55917357,54.45597784],[18.55890211,54.4559464],[18.55884103,54.4559925],[18.55883953,54.45601801],[18.55876492,54.45609775],[18.55801662,54.45660968],[18.55716119,54.45653246],[18.55711654,54.45654745],[18.5570004,54.45647755],[18.55634649,54.45608381],[18.5563479,54.45607314],[18.55553429,54.45563685],[18.55555342,54.45543339],[18.55555513,54.45510437],[18.55555334,54.45509078],[18.55567543,54.45487704],[18.55576009,54.45478019],[18.55608407,54.45480015],[18.55602393,54.45458602],[18.5562574,54.45444917],[18.55651023,54.454572],[18.55689375,54.45486197],[18.55695783,54.45491042],[18.55696129,54.45505064],[18.55722257,54.45511058],[18.55745341,54.4552851],[18.55819093,54.45532054],[18.55880558,54.45495165],[18.55935352,54.45492836],[18.55945492,54.45476554],[18.55952431,54.45466352],[18.55946345,54.4546682],[18.55927817,54.45468249],[18.55932738,54.45462253],[18.55929714,54.4545464],[18.55781048,54.45357187],[18.55723052,54.45334654],[18.55766473,54.45264003],[18.55779202,54.45254492],[18.55812444,54.4523278],[18.55865642,54.45231376],[18.55865767,54.45215673],[18.55871025,54.45215675],[18.5587333,54.45186815],[18.5589305,54.45178854],[18.55917013,54.45173352],[18.55976956,54.45159588],[18.55981368,54.45154079],[18.55991139,54.45153773],[18.5601851,54.45148418],[18.56027534,54.4514998],[18.56027534,54.45149981],[18.5608035,54.45159127],[18.56082822,54.45158954],[18.56100102,54.45161785],[18.56104985,54.45157409],[18.56119798,54.45156377],[18.56108266,54.4515447],[18.56130396,54.45134619],[18.56128737,54.45131653],[18.56133203,54.45132368],[18.56136964,54.45135739],[18.56143373,54.45121828],[18.56158528,54.45098119]],[[18.56325287,54.44893082],[18.5631929,54.44891187],[18.56313544,54.44892659],[18.56311766,54.44895365],[18.56325287,54.44893082]],[[18.56296634,54.44888372],[18.56294147,54.44884664],[18.56277993,54.44880376],[18.56277474,54.44883076],[18.56288539,54.44886109],[18.56296634,54.44888372]],[[18.55821384,54.45360009],[18.55821971,54.45361368],[18.55827132,54.45363446],[18.55832214,54.45364328],[18.55836797,54.45364237],[18.55862016,54.45356265],[18.55864283,54.45350663],[18.5585892,54.45345744],[18.55848666,54.45343819],[18.55837394,54.45346088],[18.55822325,54.45357109],[18.55821521,54.45358715],[18.55821384,54.45360009]],[[18.56013805,54.45177593],[18.56010961,54.45180945],[18.56010227,54.45181787],[18.56009031,54.45185424],[18.56009781,54.45203254],[18.56012754,54.45218044],[18.56016034,54.45224376],[18.5602094,54.45228718],[18.56028635,54.45231965],[18.56035048,54.45232411],[18.56037719,54.45232204],[18.56039805,54.45231888],[18.56043438,54.45229798],[18.56052946,54.45220735],[18.56057533,54.45214503],[18.56042264,54.45211238],[18.560388,54.45210489],[18.56059347,54.45182038],[18.56057943,54.45179129],[18.56055876,54.45174752],[18.56052488,54.45171369],[18.56048685,54.45170564],[18.5604372,54.45170339],[18.56038917,54.45170843],[18.56034106,54.45172039],[18.56029936,54.45173876],[18.56025631,54.45175353],[18.56013805,54.45177593]]]}},{"type":"Feature","properties":{"postcode":"81-716","address_count":5,"both_agree_count":3,"source_conflict_count":0,"unresolved_count":2,"area_m2":38025,"support100_pct":80,"streets":"Jana Winieckiego","label":[18.558658,54.450946],"label_r_km":0.079,"sea_km":0.54,"parts":3,"samples":[[18.55759,54.45083],[18.55759,54.45182],[18.55929,54.45083],[18.56099,54.44885]]},"geometry":{"type":"MultiPolygon","coordinates":[[[[18.56113676,54.44835294],[18.56121375,54.44837303],[18.56120396,54.44838555],[18.56124605,54.44839659],[18.56123469,54.44842269],[18.56128921,54.44840806],[18.56141372,54.44844111],[18.56143671,54.44846386],[18.56127705,54.44842008],[18.56122958,54.44843233],[18.56121,54.44847734],[18.56144407,54.44851354],[18.56137564,54.44866282],[18.56114457,54.44863083],[18.56102767,54.44889857],[18.56107173,54.44894123],[18.56101646,54.4490714],[18.56094697,54.44923474],[18.56075933,54.44913677],[18.56092097,54.44880716],[18.56102519,54.4486154],[18.5611106,54.44837853],[18.56113676,54.44835294]]],[[[18.55730041,54.45133013],[18.55734556,54.4512637],[18.55729882,54.45121133],[18.55716316,54.45099614],[18.55738198,54.45030504],[18.55760192,54.45017292],[18.55844997,54.45010933],[18.55856513,54.45005204],[18.55856752,54.45005243],[18.55878207,54.45010499],[18.55902898,54.45021265],[18.55913308,54.45023751],[18.55925029,54.45023671],[18.55957748,54.45048321],[18.55960953,54.45046557],[18.5598043,54.45052604],[18.56003947,54.45061982],[18.56012671,54.45062867],[18.56014893,54.4506309],[18.56012313,54.45074115],[18.56020364,54.45100263],[18.56019938,54.45101665],[18.56015496,54.45116249],[18.56020773,54.45114302],[18.56031605,54.45116048],[18.56021731,54.45140415],[18.5601851,54.45148418],[18.55991139,54.45153773],[18.55981368,54.45154079],[18.55976956,54.45159588],[18.55917013,54.45173352],[18.5589305,54.45178854],[18.5587333,54.45186815],[18.55871025,54.45215675],[18.55865767,54.45215673],[18.55865642,54.45231376],[18.55812444,54.4523278],[18.55807498,54.45215714],[18.55787812,54.45215727],[18.55695826,54.45215783],[18.55674437,54.45215514],[18.55686134,54.45196943],[18.55699401,54.45178085],[18.55730041,54.45133013]]],[[[18.5601851,54.45148418],[18.56027593,54.45149905],[18.56027534,54.4514998],[18.5601851,54.45148418]]]]}},{"type":"Feature","properties":{"postcode":"81-717","address_count":54,"both_agree_count":53,"source_conflict_count":0,"unresolved_count":1,"area_m2":36372,"support100_pct":100,"streets":"Dr Aleksandra Majkowskiego; Jana Jerzego Haffnera","label":[18.564529,54.446373],"label_r_km":0.038,"sea_km":0.46,"parts":1,"samples":[[18.56354,54.44557],[18.56524,54.44458],[18.56524,54.44557],[18.56524,54.44656]]},"geometry":{"type":"Polygon","coordinates":[[[18.56269545,54.44521796],[18.56268845,54.44521621],[18.56268744,54.44521442],[18.56271766,54.44520119],[18.56281517,54.44522451],[18.56302835,54.44526708],[18.56305863,54.44527152],[18.56316008,54.44515288],[18.56332626,54.44515813],[18.56336457,54.44511009],[18.56366763,54.44518801],[18.5637577,54.44507807],[18.56382233,54.44509259],[18.56378712,54.44514432],[18.56377005,54.44516861],[18.56387546,54.44519971],[18.56413746,54.44511667],[18.56415325,54.4451189],[18.56414408,54.44513826],[18.56412909,54.44515854],[18.56411738,54.44516991],[18.56412155,54.44517106],[18.56430009,54.44521803],[18.56440408,54.44524557],[18.56446699,54.44516891],[18.5645243,54.44509901],[18.56455235,54.44506492],[18.56458829,54.44502127],[18.56494437,54.44512041],[18.56502422,54.44507557],[18.56505052,54.445082],[18.56515819,54.4449416],[18.56517381,54.4449223],[18.56522631,54.44493726],[18.565292,54.44487119],[18.56524691,54.4448579],[18.56538122,54.44464686],[18.56525787,54.4446115],[18.56524209,54.44463116],[18.56503411,54.44457328],[18.56499822,54.4445633],[18.56496464,54.44455393],[18.56491648,54.44454108],[18.56482639,54.44444484],[18.56493557,54.44428306],[18.56493592,54.44427934],[18.56507261,54.44415781],[18.56509579,54.44415584],[18.56509437,54.44415765],[18.56509639,54.44415818],[18.56507684,54.44418297],[18.56520432,54.44421626],[18.56520538,54.4442149],[18.56522703,54.44418641],[18.56525006,54.44415612],[18.5652599,54.44414322],[18.56525596,54.44414222],[18.56529275,54.44413909],[18.56529933,54.44413055],[18.56532154,54.44413664],[18.56551674,54.44412003],[18.56555355,54.44413097],[18.56556113,54.44412263],[18.565563,54.44412255],[18.56559317,54.4441315],[18.56560286,54.44412077],[18.56560422,54.44412071],[18.56561991,54.44412527],[18.56564918,54.44413466],[18.56566371,54.44411805],[18.56567317,54.44411762],[18.56570021,54.44412177],[18.56564315,54.44420145],[18.56579208,54.44423614],[18.56593392,54.44427034],[18.56600758,54.44415634],[18.56601129,54.44415722],[18.56603104,54.44412551],[18.56602841,54.44412489],[18.56603245,54.44411758],[18.5661541,54.44408451],[18.5662691,54.4441497],[18.56645189,54.44425331],[18.56647544,54.44426665],[18.56647904,54.44427976],[18.56645249,54.44431611],[18.56643956,54.44432642],[18.56644404,54.44432769],[18.5664671,54.44433451],[18.56639932,54.4444165],[18.56652471,54.44445453],[18.56651078,54.4444723],[18.56665469,54.44451251],[18.56652591,54.44468606],[18.56652359,54.44468545],[18.56643864,54.44478611],[18.56636233,54.44487424],[18.56641177,54.44489396],[18.56644937,54.44486254],[18.56641025,54.44502635],[18.56632037,54.44515264],[18.56613851,54.44517556],[18.56608385,54.44516018],[18.56611328,54.44513696],[18.56607214,54.44511603],[18.56603542,54.44510192],[18.56595831,54.44507838],[18.56592783,54.44512596],[18.56593514,54.44516456],[18.56591129,54.44520106],[18.56585499,54.44528721],[18.56584396,54.44530452],[18.56583343,54.44532289],[18.56580176,54.44531422],[18.56580833,54.44534639],[18.56579076,54.44538007],[18.56591146,54.44541435],[18.56578871,54.4455797],[18.5658582,54.44559923],[18.56594565,54.44562379],[18.56606049,54.44565713],[18.56604049,54.44568256],[18.5660214,54.44570673],[18.56600231,54.4457309],[18.56599488,54.44574063],[18.5659801,54.44573649],[18.56598578,54.44575204],[18.56598322,54.44575525],[18.56598227,54.44575646],[18.56575881,54.44574371],[18.56574799,54.44575607],[18.56569972,54.44574035],[18.56569837,54.44574027],[18.5656942,54.44573856],[18.56557217,54.4456988],[18.56555321,54.44570203],[18.56554866,54.44570077],[18.5653399,54.4456429],[18.56530446,54.44563282],[18.56523025,54.44574089],[18.56522043,54.44575576],[18.56521938,54.44575774],[18.56521862,54.44575899],[18.56517875,54.44576578],[18.56517737,54.44578565],[18.56519889,54.44579162],[18.56517294,54.4458328],[18.56519043,54.44583766],[18.56519924,54.44584004],[18.5653104,54.4458707],[18.56534281,54.44588791],[18.56560096,54.44596071],[18.56560024,54.44596458],[18.56551258,54.44609194],[18.56549539,54.44612023],[18.56578145,54.44619302],[18.56576556,54.44621461],[18.56586369,54.44624744],[18.56589043,54.4463567],[18.56596199,54.44637402],[18.56593825,54.44640754],[18.56590048,54.44639778],[18.56590857,54.44643083],[18.56591857,54.44643343],[18.56589903,54.44645903],[18.56580047,54.44658833],[18.56573173,54.44667994],[18.56569992,54.44671998],[18.56563085,54.44681051],[18.56555478,54.44679352],[18.56538005,54.44675589],[18.56529636,54.44673552],[18.56519339,54.44671381],[18.5651399,54.44670202],[18.56499297,54.44666911],[18.56485042,54.44687327],[18.56453909,54.44680151],[18.56450679,54.44686311],[18.56449985,54.44687383],[18.56446448,54.44692503],[18.5645973,54.44689827],[18.56462608,54.44690478],[18.56470984,54.44692414],[18.56471016,54.44696687],[18.56472255,54.44697036],[18.56472105,54.44697244],[18.56475865,54.4469825],[18.56471498,54.44704632],[18.56473956,54.44705249],[18.56471282,54.44709152],[18.56471106,54.44709111],[18.5647114,54.44713639],[18.5646488,54.44712292],[18.56464745,54.44712507],[18.56446808,54.44707541],[18.56438421,54.44705208],[18.56435248,54.44704334],[18.56434422,54.44705732],[18.56429138,54.44704594],[18.56433024,54.44691525],[18.564443,54.44683232],[18.56430969,54.4467819],[18.56433271,54.44674901],[18.56435012,54.44672521],[18.56434218,54.44673055],[18.56433096,54.44673383],[18.56431801,54.44673345],[18.56430824,54.44672936],[18.56426261,54.44671897],[18.56426201,54.44672006],[18.5641833,54.44670182],[18.56418406,54.44670065],[18.56409744,54.44668012],[18.56408853,54.4466931],[18.56401521,54.44667637],[18.56402734,54.44665651],[18.56402735,54.44665651],[18.56406941,54.44658765],[18.56399283,54.44655743],[18.56399579,54.4465531],[18.56391026,54.44653266],[18.56392811,54.44650751],[18.56394595,54.44648191],[18.5637455,54.4464346],[18.56364636,54.44641135],[18.56345673,54.44636631],[18.56352195,54.44627742],[18.56349985,54.4462991],[18.56329178,54.4461978],[18.56333573,54.44613693],[18.56332513,54.44613433],[18.56333057,54.44612585],[18.56345044,54.4459421],[18.56350794,54.44595199],[18.56354832,54.44589573],[18.56356504,54.4458899],[18.56356731,54.44588657],[18.56356424,54.44588802],[18.56350394,54.44587429],[18.56332826,54.44583431],[18.56345609,54.44567838],[18.56348163,54.44565256],[18.56337756,54.44562978],[18.56338798,54.44561364],[18.56337426,54.44558047],[18.56310565,54.44551991],[18.56311242,54.44550693],[18.56300406,54.44546911],[18.56303539,54.44540982],[18.56309728,54.44529183],[18.56309615,54.44528717],[18.56269545,54.44521796]],[[18.56441896,54.44594674],[18.56442955,54.4459316],[18.5644634,54.44588257],[18.56459527,54.44569651],[18.5646107,54.44567469],[18.56428576,54.44559067],[18.56426771,54.44561235],[18.56425662,54.44560951],[18.56417427,54.44572058],[18.56422994,54.44581125],[18.56434087,54.44583974],[18.56428825,54.44591519],[18.56433373,54.44592621],[18.56437488,54.44593607],[18.56441896,54.44594674]]]}},{"type":"Feature","properties":{"postcode":"81-718","address_count":49,"both_agree_count":44,"source_conflict_count":0,"unresolved_count":5,"area_m2":198252,"support100_pct":83,"streets":"Floriana Ceynowy; Franciszka Mamuszki; Helska; Mariana Mokwy; Powstańców Warszawy","label":[18.567885,54.448227],"label_r_km":0.131,"sea_km":0.16,"parts":3,"samples":[[18.5643,54.44863],[18.5643,54.45259],[18.5643,54.45358],[18.566,54.44665],[18.566,54.44764],[18.566,54.44863],[18.566,54.45061],[18.566,54.45259],[18.5677,54.44665],[18.5677,54.44764],[18.5677,54.44863],[18.5677,54.44962],[18.5677,54.45061],[18.5694,54.44566],[18.5694,54.44665],[18.5694,54.44764],[18.5694,54.44863]]},"geometry":{"type":"MultiPolygon","coordinates":[[[[18.56401521,54.44667637],[18.56396047,54.44666432],[18.56393902,54.44665954],[18.56402734,54.44665651],[18.56401521,54.44667637]]],[[[18.56450953,54.44758306],[18.56457126,54.44748143],[18.56457129,54.44748141],[18.56480604,54.44754669],[18.56491842,54.44737896],[18.56493353,54.44735634],[18.56496117,54.44731488],[18.56499047,54.44727081],[18.56473294,54.44719825],[18.56476042,54.44715689],[18.56471763,54.44714483],[18.5647114,54.44713639],[18.56471106,54.44709111],[18.56471282,54.44709152],[18.56473956,54.44705249],[18.56471498,54.44704632],[18.56475865,54.4469825],[18.56472105,54.44697244],[18.56472255,54.44697036],[18.56471016,54.44696687],[18.56470984,54.44692414],[18.56462608,54.44690478],[18.5645973,54.44689827],[18.56446448,54.44692503],[18.56449985,54.44687383],[18.56450679,54.44686311],[18.56453909,54.44680151],[18.56485042,54.44687327],[18.56499297,54.44666911],[18.5651399,54.44670202],[18.56519339,54.44671381],[18.56529636,54.44673552],[18.56538005,54.44675589],[18.56555478,54.44679352],[18.56563085,54.44681051],[18.56569992,54.44671998],[18.56573173,54.44667994],[18.56580047,54.44658833],[18.56589903,54.44645903],[18.56591857,54.44643343],[18.56593825,54.44640754],[18.56596199,54.44637402],[18.56605185,54.44639453],[18.56629049,54.44644974],[18.56638251,54.44647105],[18.56654415,54.44651001],[18.56663775,54.44653365],[18.56676352,54.4465654],[18.56685278,54.44658798],[18.56701758,54.4463528],[18.56711027,54.44637905],[18.56712946,54.44638453],[18.5672115,54.44640769],[18.56750122,54.44648935],[18.56751511,54.4465121],[18.56750272,54.44652698],[18.56771166,54.44654036],[18.56760015,54.4464097],[18.56771477,54.44626957],[18.56738438,54.44618954],[18.56743886,54.44611652],[18.5675141,54.4461349],[18.56744482,54.44609083],[18.56761204,54.44587528],[18.56766117,54.44588874],[18.56779604,54.44586406],[18.56781712,54.44582778],[18.56790412,54.445678],[18.56784653,54.44566411],[18.56791598,54.44554645],[18.56777194,54.44555395],[18.56782251,54.44549883],[18.56820299,54.44548814],[18.56822398,54.44551203],[18.56829712,54.44543936],[18.56807129,54.44536289],[18.56805297,54.44534213],[18.5680926,54.44520986],[18.56833468,54.44516785],[18.568341,54.44517367],[18.5688385,54.44540792],[18.56893023,54.44530377],[18.56880446,54.44546141],[18.56901994,54.44552598],[18.56931284,54.44561427],[18.56934443,54.44557953],[18.56939614,54.44559591],[18.56942287,54.44556685],[18.56946233,54.44557762],[18.56946747,54.44557077],[18.56949127,54.44556285],[18.56949719,54.44555716],[18.5695732,54.4455798],[18.56948179,54.44568085],[18.56951756,54.44569129],[18.56941282,54.44580939],[18.56937645,54.4457986],[18.5692932,54.44588803],[18.56912089,54.44609117],[18.56910007,54.44611247],[18.56909278,54.44611026],[18.56904574,54.44616322],[18.56887066,54.4461122],[18.56876503,54.44623228],[18.5687415,54.44622521],[18.56872254,54.44624669],[18.56884298,54.44628313],[18.56884577,54.44628402],[18.56884882,54.44628149],[18.56908322,54.44635316],[18.56908863,54.44635475],[18.56909075,54.44635231],[18.56911816,54.44636036],[18.56914509,54.44636814],[18.56914281,54.44637048],[18.56915194,54.44637358],[18.56915376,54.4463716],[18.56916044,54.44636438],[18.56916369,54.44636517],[18.5692074,54.44631456],[18.56935348,54.4463628],[18.56949968,54.44637526],[18.56973787,54.44644746],[18.56970856,54.44648004],[18.56964982,54.44653548],[18.56978081,54.44658661],[18.56987551,54.44662327],[18.56988587,54.44662573],[18.56995458,54.44664455],[18.57003234,54.44666053],[18.57004836,54.44666277],[18.57021349,54.44751583],[18.5704469,54.44774619],[18.57075319,54.44789237],[18.57003384,54.44842158],[18.56871993,54.4497298],[18.56808075,54.45037843],[18.56741144,54.45124696],[18.56620503,54.4528603],[18.56539161,54.45400774],[18.56499571,54.45468421],[18.5634518,54.45346122],[18.56347828,54.45328734],[18.56356181,54.45321003],[18.56353556,54.45304366],[18.56357564,54.45298194],[18.56352399,54.45297021],[18.56349619,54.45279405],[18.5636886,54.45256115],[18.56456679,54.45211183],[18.56500773,54.45199383],[18.5652641,54.45170095],[18.56600309,54.45085651],[18.56565569,54.44997153],[18.56627693,54.44945666],[18.56633103,54.44912846],[18.56611311,54.44887584],[18.5656793,54.44882104],[18.56566364,54.44884174],[18.56548176,54.4488231],[18.56544827,54.44880951],[18.56533873,54.44916168],[18.56453854,54.44906964],[18.5646547,54.44872769],[18.5646582,54.44871267],[18.5648565,54.44844697],[18.56434374,54.44910936],[18.56415822,54.44906064],[18.56437396,54.4487733],[18.56433428,54.44876243],[18.56419624,54.44867056],[18.56413394,54.44865222],[18.56414614,54.44863721],[18.56413796,54.44863177],[18.56407745,54.44861744],[18.56406234,54.44863585],[18.56384646,54.44857729],[18.5638574,54.4485653],[18.56379844,54.44855132],[18.56384257,54.44839307],[18.56385804,54.44837634],[18.56384799,54.44837361],[18.56387585,54.44827369],[18.56394055,54.44825232],[18.56399136,54.44820436],[18.56403159,54.44821525],[18.56405998,54.44817253],[18.564077,54.44817631],[18.56410523,54.44813368],[18.56408854,54.4481299],[18.56411058,54.44809665],[18.56412218,54.4480992],[18.56416054,54.44804061],[18.56410378,54.44802768],[18.56409388,54.44801451],[18.56410628,54.44798565],[18.56409468,54.44798297],[18.5641015,54.44797422],[18.56411545,54.44795664],[18.56421984,54.44782418],[18.56422924,54.44781236],[18.56430985,54.44783759],[18.56435192,54.4478197],[18.56457296,54.44791156],[18.5645907,54.4478768],[18.56453562,54.44786016],[18.5645585,54.44783103],[18.56465758,54.44770434],[18.56467603,54.4477095],[18.56467829,54.44770506],[18.56451812,54.44759766],[18.56450953,54.44758306]],[[18.56637619,54.45180694],[18.5661871,54.45132528],[18.56575202,54.45182323],[18.56634759,54.45180542],[18.56637619,54.45180694]],[[18.56874048,54.44617301],[18.56861318,54.44613511],[18.56866576,54.44623038],[18.5686843,54.4462359],[18.56874048,54.44617301]]],[[[18.56368187,54.44668439],[18.5636831,54.44668466],[18.56391462,54.44673865],[18.56397927,54.44675336],[18.56390781,54.44685899],[18.56384347,54.44684401],[18.56382197,54.44683909],[18.56379658,54.44687657],[18.5637521,54.44693833],[18.56366886,54.44691571],[18.56351684,54.44688157],[18.56368187,54.44668439]]]]}},{"type":"Feature","properties":{"postcode":"81-719","address_count":11,"both_agree_count":11,"source_conflict_count":0,"unresolved_count":0,"area_m2":8119,"support100_pct":100,"streets":"Dr Aleksandra Majkowskiego","label":[18.56599,54.446008],"label_r_km":0.025,"sea_km":0.39,"parts":3,"samples":[[18.56672,54.44609]]},"geometry":{"type":"MultiPolygon","coordinates":[[[[18.56422994,54.44581125],[18.56417427,54.44572058],[18.56425662,54.44560951],[18.56426771,54.44561235],[18.56428576,54.44559067],[18.5646107,54.44567469],[18.56459527,54.44569651],[18.5644634,54.44588257],[18.56442955,54.4459316],[18.56441896,54.44594674],[18.56437488,54.44593607],[18.56433373,54.44592621],[18.56428825,54.44591519],[18.56434087,54.44583974],[18.56422994,54.44581125]]],[[[18.56519043,54.44583766],[18.56517294,54.4458328],[18.56519889,54.44579162],[18.56517737,54.44578565],[18.56517875,54.44576578],[18.56521862,54.44575899],[18.56521938,54.44575774],[18.56522043,54.44575576],[18.56523025,54.44574089],[18.56530446,54.44563282],[18.5653399,54.4456429],[18.56554866,54.44570077],[18.56555321,54.44570203],[18.56557217,54.4456988],[18.5656942,54.44573856],[18.56569837,54.44574027],[18.56569972,54.44574035],[18.56574799,54.44575607],[18.56575881,54.44574371],[18.56598227,54.44575646],[18.56598322,54.44575525],[18.56606679,54.44577875],[18.56607297,54.4457709],[18.56618045,54.44577157],[18.56619871,54.44577612],[18.56634643,54.44584992],[18.56635984,54.44585231],[18.566356,54.44585745],[18.56651261,54.44593407],[18.56650214,54.44598012],[18.56642457,54.44609018],[18.56653325,54.44612229],[18.5666712,54.44594258],[18.56685673,54.44598052],[18.56680555,54.44604814],[18.56692033,54.44607627],[18.56700602,54.44609716],[18.56705893,54.44611021],[18.56704355,54.44611334],[18.56703699,54.44612238],[18.56707121,54.44614842],[18.56707706,54.44615074],[18.56718813,54.44614178],[18.56723356,54.44615287],[18.56730626,54.44617059],[18.56737973,54.44607618],[18.56744317,54.44609295],[18.56744482,54.44609083],[18.5675141,54.4461349],[18.56743886,54.44611652],[18.56738438,54.44618954],[18.56771477,54.44626957],[18.56760015,54.4464097],[18.56771166,54.44654036],[18.56750272,54.44652698],[18.56751511,54.4465121],[18.56750122,54.44648935],[18.5672115,54.44640769],[18.56712946,54.44638453],[18.56711027,54.44637905],[18.56701758,54.4463528],[18.56685278,54.44658798],[18.56676352,54.4465654],[18.56663775,54.44653365],[18.56654415,54.44651001],[18.56638251,54.44647105],[18.56629049,54.44644974],[18.56605185,54.44639453],[18.56596199,54.44637402],[18.56589043,54.4463567],[18.56586369,54.44624744],[18.56576556,54.44621461],[18.56578145,54.44619302],[18.56549539,54.44612023],[18.56551258,54.44609194],[18.56560024,54.44596458],[18.56560096,54.44596071],[18.56534281,54.44588791],[18.5653104,54.4458707],[18.56519924,54.44584004],[18.56519043,54.44583766]]],[[[18.56593825,54.44640754],[18.56591857,54.44643343],[18.56590857,54.44643083],[18.56590048,54.44639778],[18.56593825,54.44640754]]]]}},{"type":"Feature","properties":{"postcode":"81-720","address_count":5,"both_agree_count":5,"source_conflict_count":0,"unresolved_count":0,"area_m2":55889,"support100_pct":78,"streets":"Plac Zdrojowy","label":[18.57153,54.446237],"label_r_km":0.085,"sea_km":0.14,"parts":2,"samples":[[18.56918,54.44532],[18.56918,54.44631],[18.57088,54.44532],[18.57088,54.44631],[18.57088,54.4473],[18.57258,54.44631]]},"geometry":{"type":"MultiPolygon","coordinates":[[[[18.5686843,54.4462359],[18.56866576,54.44623038],[18.56861318,54.44613511],[18.56874048,54.44617301],[18.5686843,54.4462359]]],[[[18.57003234,54.44666053],[18.56995458,54.44664455],[18.56988587,54.44662573],[18.56987551,54.44662327],[18.56978081,54.44658661],[18.56964982,54.44653548],[18.56970856,54.44648004],[18.56973787,54.44644746],[18.56949968,54.44637526],[18.56935348,54.4463628],[18.5692074,54.44631456],[18.56916369,54.44636517],[18.56916044,54.44636438],[18.56915376,54.4463716],[18.56915194,54.44637358],[18.56914281,54.44637048],[18.56914509,54.44636814],[18.56911816,54.44636036],[18.56909075,54.44635231],[18.56908863,54.44635475],[18.56908322,54.44635316],[18.56884882,54.44628149],[18.56884577,54.44628402],[18.56884298,54.44628313],[18.56872254,54.44624669],[18.5687415,54.44622521],[18.56876503,54.44623228],[18.56887066,54.4461122],[18.56904574,54.44616322],[18.56909278,54.44611026],[18.56910007,54.44611247],[18.56912089,54.44609117],[18.5692932,54.44588803],[18.56937645,54.4457986],[18.56941282,54.44580939],[18.56951756,54.44569129],[18.56948179,54.44568085],[18.5695732,54.4455798],[18.56949719,54.44555716],[18.56949127,54.44556285],[18.56946747,54.44557077],[18.56946233,54.44557762],[18.56942287,54.44556685],[18.56939614,54.44559591],[18.56934443,54.44557953],[18.56931284,54.44561427],[18.56901994,54.44552598],[18.56880446,54.44546141],[18.56893023,54.44530377],[18.5688385,54.44540792],[18.568341,54.44517367],[18.56833468,54.44516785],[18.56848839,54.44499371],[18.56871756,54.44493127],[18.56886306,54.44495079],[18.56878612,54.44500508],[18.56881786,54.44501589],[18.56897786,54.44507067],[18.56912523,54.44511489],[18.56921948,54.44499859],[18.56952789,54.44503996],[18.56954798,54.44503881],[18.56955153,54.44503993],[18.56955287,54.44503852],[18.56977096,54.44502597],[18.57013844,54.4448859],[18.57032492,54.4449486],[18.57033707,54.44493722],[18.57032406,54.44493234],[18.57040701,54.44485522],[18.57049503,54.4448885],[18.57055886,54.44482333],[18.57101748,54.44495638],[18.5710808,54.44497476],[18.57106604,54.4449893],[18.57101507,54.44497067],[18.57095342,54.44502739],[18.57095963,54.44502978],[18.57085562,54.44512699],[18.57188963,54.44547458],[18.57359733,54.44538307],[18.57311607,54.44634991],[18.57295346,54.44649515],[18.57293093,54.4465152],[18.57218033,54.44692666],[18.57173129,54.4471728],[18.57075319,54.44789237],[18.57003384,54.44842158],[18.57075318,54.44789237],[18.5704469,54.44774619],[18.57021349,54.44751583],[18.57004836,54.44666277],[18.57003234,54.44666053]],[[18.56989601,54.44602292],[18.57009609,54.44580086],[18.56981392,54.44571606],[18.56961384,54.44593812],[18.56989601,54.44602292]]]]}},{"type":"Feature","properties":{"postcode":"81-721","address_count":11,"both_agree_count":11,"source_conflict_count":0,"unresolved_count":0,"area_m2":8197,"support100_pct":100,"streets":"Alfonsa Chmielewskiego","label":[18.564431,54.444197],"label_r_km":0.031,"sea_km":0.6,"parts":2,"samples":[[18.56454,54.44419]]},"geometry":{"type":"MultiPolygon","coordinates":[[[[18.56408885,54.44381187],[18.56435138,54.44383516],[18.56436882,54.44383679],[18.5643757,54.44380963],[18.56439865,54.44371824],[18.56440065,54.44371832],[18.56440519,54.44370032],[18.56443121,54.44370058],[18.56446982,54.44371608],[18.56453026,54.44386824],[18.5645302,54.44386856],[18.5645207,54.44390616],[18.56478992,54.44392234],[18.56477872,54.44398523],[18.56501867,54.44407751],[18.56507261,54.44415781],[18.56493592,54.44427934],[18.56493557,54.44428306],[18.56482639,54.44444484],[18.56474186,54.44446803],[18.56464787,54.44452343],[18.56454606,54.44466235],[18.56445622,54.44463638],[18.56439785,54.44467078],[18.56459805,54.44481962],[18.56460388,54.44482129],[18.56460251,54.44482294],[18.56463252,54.44484524],[18.56465471,54.4448516],[18.5646496,54.44485794],[18.56465214,54.44485983],[18.56461171,54.444959],[18.56456664,54.44501544],[18.56458829,54.44502127],[18.56455235,54.44506492],[18.5645243,54.44509901],[18.56446699,54.44516891],[18.56440408,54.44524557],[18.56430009,54.44521803],[18.56412155,54.44517106],[18.56411738,54.44516991],[18.56412909,54.44515854],[18.56414408,54.44513826],[18.56415325,54.4451189],[18.56413746,54.44511667],[18.56387546,54.44519971],[18.56377005,54.44516861],[18.56378712,54.44514432],[18.56382233,54.44509259],[18.5637577,54.44507807],[18.56369097,54.44505763],[18.56370721,54.44503904],[18.56374213,54.44499898],[18.5637821,54.444958],[18.56374619,54.4449473],[18.56378368,54.44490473],[18.56378182,54.4449041],[18.56378956,54.44489544],[18.56383982,54.44490995],[18.56385841,54.44488502],[18.56384334,54.44486594],[18.56381711,54.44485902],[18.56381256,54.44486389],[18.56379771,54.44485938],[18.56381682,54.44483701],[18.56383867,54.44481174],[18.56383999,54.4448068],[18.56397248,54.44465524],[18.56400724,54.44461555],[18.56396398,54.4446029],[18.5638063,54.44447154],[18.56375486,54.44445644],[18.563738,54.44445149],[18.56383449,54.44435032],[18.56392581,54.44425412],[18.56397879,54.44409234],[18.56399328,54.44402506],[18.56400358,54.44400147],[18.56402194,54.44395763],[18.56402523,54.4439498],[18.56404118,54.44391092],[18.56405998,54.44387642],[18.56406264,54.44386823],[18.56408885,54.44381187]]],[[[18.56384276,54.44421234],[18.56393362,54.4441386],[18.5639446,54.44413966],[18.56393663,54.44416612],[18.56392882,54.44419274],[18.56392087,54.44421964],[18.56386917,54.44421521],[18.56385084,54.44427316],[18.56378674,54.44426295],[18.56376278,54.44426044],[18.56376708,54.44424006],[18.56379718,54.44422958],[18.56380387,54.44420824],[18.56383119,54.44421108],[18.56384276,54.44421234]]]]}},{"type":"Feature","properties":{"postcode":"81-722","address_count":15,"both_agree_count":15,"source_conflict_count":0,"unresolved_count":0,"area_m2":56450,"support100_pct":98,"streets":"Jana Kilińskiego; ks. Augustyna Kordeckiego","label":[18.576995,54.439082],"label_r_km":0.079,"sea_km":0.16,"parts":3,"samples":[[18.57689,54.43843],[18.57689,54.43942],[18.57859,54.43843],[18.57859,54.43942]]},"geometry":{"type":"MultiPolygon","coordinates":[[[[18.57580721,54.43959569],[18.57581878,54.43958503],[18.57595739,54.43945635],[18.57593092,54.43944812],[18.57494769,54.43914094],[18.57483699,54.43910571],[18.57497044,54.43901967],[18.57491079,54.43894758],[18.57492673,54.43892353],[18.57515418,54.43877465],[18.57514984,54.4387506],[18.57509839,54.43873357],[18.57520828,54.4386833],[18.57529558,54.43871252],[18.57534591,54.43868506],[18.57546094,54.43862288],[18.57547838,54.43861328],[18.57551509,54.43859315],[18.57556786,54.43856416],[18.57590296,54.43837811],[18.57591015,54.43837393],[18.57605677,54.43828941],[18.57616898,54.43822392],[18.57625647,54.43817516],[18.57658578,54.43832319],[18.57663979,54.43828421],[18.57666525,54.43829729],[18.57677354,54.43822669],[18.57676391,54.43822161],[18.57682448,54.43816688],[18.57713597,54.43828686],[18.57717664,54.43825136],[18.57720096,54.43826068],[18.57723155,54.4382325],[18.57749337,54.43796594],[18.57752882,54.43793244],[18.57769969,54.43796145],[18.57868649,54.43812887],[18.57868905,54.43814674],[18.57860793,54.43827471],[18.57856528,54.43832163],[18.57853423,54.43835194],[18.57859029,54.43837673],[18.57868912,54.43829355],[18.57866487,54.43833355],[18.5783062,54.43866159],[18.57862426,54.43839177],[18.57948601,54.438773],[18.57869092,54.4394595],[18.57854458,54.43958586],[18.57808456,54.44000897],[18.5776199,54.4404088],[18.57668242,54.43996174],[18.57677047,54.43988444],[18.57580721,54.43959569]]],[[[18.57310952,54.44317438],[18.5730993,54.44317226],[18.5730695,54.44321275],[18.57305559,54.44323177],[18.57301832,54.44322292],[18.57223974,54.44363736],[18.57217903,54.44341668],[18.57206968,54.44329782],[18.57201168,54.44307327],[18.57205174,54.44301954],[18.5717637,54.44296008],[18.571774,54.4429462],[18.57181757,54.44288724],[18.57216525,54.44295882],[18.57232663,54.44273703],[18.57227839,54.44272584],[18.57231894,54.44271022],[18.5723569,54.44256086],[18.57236212,54.4425555],[18.57244311,54.44257683],[18.57248711,54.44251643],[18.57255457,54.44242383],[18.57265639,54.44245147],[18.57291678,54.44252032],[18.57295608,54.44253064],[18.57303438,54.4425512],[18.57304057,54.442543],[18.57316368,54.44237323],[18.57330871,54.44240907],[18.5733227,54.44240808],[18.57333918,54.44241142],[18.5733617,54.4423803],[18.57380844,54.44248068],[18.57382887,54.44248598],[18.57378876,54.4425235],[18.57500983,54.44289694],[18.57328527,54.44308083],[18.57310952,54.44317438]]],[[[18.57147072,54.44264288],[18.57135093,54.44280742],[18.57143698,54.44282106],[18.57133766,54.44287],[18.57130873,54.4428653],[18.57129761,54.44286463],[18.5712672,54.44286092],[18.57125257,54.44285881],[18.5709454,54.4427315],[18.57096372,54.44270952],[18.57102641,54.44272782],[18.57106096,54.44268525],[18.57111202,54.44267647],[18.57111293,54.44267584],[18.57119631,54.44266323],[18.57121552,54.44263654],[18.57124701,54.44259542],[18.57127245,54.44255173],[18.57150415,54.44259708],[18.57147072,54.44264288]]]]}},{"type":"Feature","properties":{"postcode":"81-723","address_count":7,"both_agree_count":7,"source_conflict_count":0,"unresolved_count":0,"area_m2":16039,"support100_pct":93,"streets":"Bolesława Chrobrego","label":[18.574058,54.441931],"label_r_km":0.043,"sea_km":0.15,"parts":1,"samples":[[18.57327,54.44179],[18.57497,54.44278]]},"geometry":{"type":"Polygon","coordinates":[[[18.57507148,54.44290818],[18.57500983,54.44289694],[18.57378876,54.4425235],[18.57382887,54.44248598],[18.57380844,54.44248068],[18.57348085,54.44240707],[18.57347289,54.44212224],[18.57338399,54.44207551],[18.57339274,54.44206353],[18.57338717,54.44206212],[18.57324749,54.44202766],[18.57318623,54.44201249],[18.57314741,54.44200297],[18.57301686,54.44197089],[18.57294165,54.44194995],[18.57294755,54.44194157],[18.57314412,54.44166832],[18.57282367,54.44158116],[18.57278311,54.44158998],[18.5727095,54.44168516],[18.5726299,54.44162252],[18.57260089,54.44161632],[18.57258721,54.44160538],[18.57262254,54.44156073],[18.57260724,54.44153636],[18.57244649,54.44149269],[18.57242128,54.44147249],[18.57245498,54.44143228],[18.57242254,54.4414234],[18.57244075,54.44140203],[18.57252669,54.4412983],[18.57279051,54.44136946],[18.57276762,54.44139899],[18.5728016,54.44141156],[18.57285872,54.44139999],[18.57290587,54.44141351],[18.57293305,54.44137831],[18.5730898,54.44142069],[18.57324965,54.44146432],[18.57330782,54.44148012],[18.57334929,54.44149197],[18.57346673,54.44152322],[18.57347677,54.44152595],[18.57368543,54.44150475],[18.57370824,54.44147598],[18.57373898,54.44143711],[18.57385422,54.44146938],[18.57385548,54.44146772],[18.57404329,54.44134871],[18.57422998,54.44138101],[18.57420466,54.44140453],[18.5741826,54.44142521],[18.57480748,54.44159923],[18.57464977,54.44173476],[18.57488259,54.44208483],[18.57547713,54.44249534],[18.57507148,54.44290818]]]}},{"type":"Feature","properties":{"postcode":"81-724","address_count":14,"both_agree_count":14,"source_conflict_count":0,"unresolved_count":0,"area_m2":25791,"support100_pct":99,"streets":"Księcia Józefa Poniatowskiego; Romualda Traugutta","label":[18.575836,54.440298],"label_r_km":0.053,"sea_km":0.14,"parts":3,"samples":[[18.57463,54.44006],[18.57633,54.44006],[18.57633,54.44105]]},"geometry":{"type":"MultiPolygon","coordinates":[[[[18.57425372,54.4401957],[18.574321,54.44021155],[18.57436641,54.44015064],[18.57444754,54.44014549],[18.57446526,54.44014189],[18.5745472,54.44003597],[18.57454842,54.44003069],[18.57449759,54.43997466],[18.57453372,54.43992619],[18.57418299,54.43983387],[18.57416767,54.43982972],[18.57424427,54.43975101],[18.57457349,54.43983777],[18.57461823,54.43978562],[18.57469209,54.43969983],[18.57464012,54.43968467],[18.57473148,54.43965401],[18.57474731,54.4396356],[18.57480554,54.43956794],[18.57490488,54.43959495],[18.57488478,54.43962174],[18.57492143,54.43964668],[18.57495114,54.43960776],[18.57502339,54.43962655],[18.57497794,54.43968517],[18.57498241,54.43968822],[18.5750584,54.43969604],[18.57506373,54.43968926],[18.57510798,54.43970114],[18.57528095,54.43971894],[18.57529797,54.4396973],[18.57558678,54.43977122],[18.57560226,54.43977501],[18.57561138,54.43977739],[18.57580721,54.43959569],[18.57677047,54.43988444],[18.57668242,54.43996174],[18.5776199,54.4404088],[18.5770625,54.44088841],[18.5770126,54.44093897],[18.57694414,54.44100834],[18.5765309,54.44142706],[18.57555933,54.44094488],[18.57573628,54.44079115],[18.57531033,54.44068904],[18.57500488,54.44061592],[18.57485102,54.44079051],[18.57481217,54.44083459],[18.57448082,54.44071272],[18.5740999,54.44064791],[18.57411772,54.44062194],[18.57410478,54.44061856],[18.57410411,54.44061618],[18.57411115,54.44059107],[18.5740881,54.44055252],[18.57406781,54.44054707],[18.57403502,54.44053896],[18.57406019,54.44050582],[18.57403193,54.44045855],[18.57408125,54.4403949],[18.57410411,54.44036541],[18.57377765,54.44028835],[18.5737973,54.4402604],[18.57381383,54.44024128],[18.57388904,54.44026203],[18.57388448,54.44026717],[18.57395364,54.44028634],[18.57395654,54.44028364],[18.57402227,54.44029976],[18.57402334,54.44029859],[18.5741631,54.44032892],[18.57419195,54.44028647],[18.57425372,54.4401957]]],[[[18.57401859,54.44043625],[18.57399338,54.44039407],[18.57404165,54.44040668],[18.57401859,54.44043625]]],[[[18.57547627,54.43972682],[18.57548516,54.43971608],[18.57558817,54.43971358],[18.57564771,54.43973032],[18.57561786,54.43976658],[18.57547627,54.43972682]]]]}},{"type":"Feature","properties":{"postcode":"81-725","address_count":2,"both_agree_count":2,"source_conflict_count":0,"unresolved_count":0,"area_m2":552,"support100_pct":100,"streets":"Bolesława Chrobrego","label":[18.572294,54.441357],"label_r_km":0.01,"sea_km":0.27,"parts":1,"samples":[[18.572294,54.441357]]},"geometry":{"type":"Polygon","coordinates":[[[18.57239385,54.44122996],[18.5725116,54.44126228],[18.57251429,54.4412662],[18.5725461,54.44127485],[18.57252669,54.4412983],[18.57244075,54.44140203],[18.57242254,54.4414234],[18.57245498,54.44143228],[18.57242128,54.44147249],[18.5723499,54.44146644],[18.57222862,54.44143349],[18.57206272,54.44138771],[18.57200391,54.44133858],[18.57205446,54.44132213],[18.5720729,54.44129892],[18.57210172,54.44130675],[18.57235738,54.44122355],[18.57236924,54.44122672],[18.5723866,54.44123145],[18.57239385,54.44122996]]]}},{"type":"Feature","properties":{"postcode":"81-726","address_count":21,"both_agree_count":6,"source_conflict_count":3,"unresolved_count":12,"area_m2":46194,"support100_pct":36,"streets":"Parkowa","label":[18.572054,54.444779],"label_r_km":0.067,"sea_km":0.13,"parts":2,"samples":[[18.57095,54.4446],[18.57265,54.4446]]},"geometry":{"type":"MultiPolygon","coordinates":[[[[18.57100825,54.44311819],[18.57106084,54.44302011],[18.57115419,54.44304815],[18.57119892,54.44306159],[18.57130873,54.4428653],[18.57133766,54.44287],[18.57143698,54.44282106],[18.57135093,54.44280742],[18.57147072,54.44264288],[18.57150415,54.44259708],[18.57153532,54.44255444],[18.5716353,54.44241731],[18.57163877,54.44241245],[18.57175801,54.44244412],[18.57172562,54.4423997],[18.57170496,54.44239416],[18.57171338,54.44238291],[18.57164405,54.44228786],[18.57167171,54.44225373],[18.5717378,54.44220328],[18.57175542,54.44215725],[18.57184133,54.44212021],[18.57184263,54.44211859],[18.57188717,54.44206312],[18.57184356,54.44205308],[18.5718969,54.44198662],[18.57189963,54.44198328],[18.57196751,54.44190965],[18.57196917,54.44190748],[18.57207865,54.44175539],[18.572385,54.44183786],[18.57241518,54.44184607],[18.57242772,54.44184951],[18.57242214,54.44185656],[18.57255956,54.44187894],[18.57257612,54.44185762],[18.5727095,54.44168516],[18.57278311,54.44158998],[18.57282367,54.44158116],[18.57314412,54.44166832],[18.57294755,54.44194157],[18.57294165,54.44194995],[18.57301686,54.44197089],[18.57314741,54.44200297],[18.57318623,54.44201249],[18.57324749,54.44202766],[18.57338717,54.44206212],[18.57339274,54.44206353],[18.57338399,54.44207551],[18.57347289,54.44212224],[18.57348085,54.44240707],[18.5733617,54.4423803],[18.57333918,54.44241142],[18.5733227,54.44240808],[18.57330871,54.44240907],[18.57316368,54.44237323],[18.57304057,54.442543],[18.57303438,54.4425512],[18.57295608,54.44253064],[18.57291678,54.44252032],[18.57265639,54.44245147],[18.57255457,54.44242383],[18.57248711,54.44251643],[18.57244311,54.44257683],[18.57236212,54.4425555],[18.5723569,54.44256086],[18.57231894,54.44271022],[18.57227839,54.44272584],[18.57232663,54.44273703],[18.57216525,54.44295882],[18.57181757,54.44288724],[18.571774,54.4429462],[18.5717637,54.44296008],[18.57205174,54.44301954],[18.57201168,54.44307327],[18.57206968,54.44329782],[18.57217903,54.44341668],[18.57223974,54.44363736],[18.57223757,54.44367295],[18.57226099,54.4438437],[18.57329297,54.44478969],[18.57374983,54.44507668],[18.57374616,54.44508405],[18.57359733,54.44538307],[18.57188963,54.44547458],[18.57085562,54.44512699],[18.57095963,54.44502978],[18.57095342,54.44502739],[18.57101507,54.44497067],[18.57106604,54.4449893],[18.5710808,54.44497476],[18.57101748,54.44495638],[18.57055886,54.44482333],[18.57049503,54.4448885],[18.57040701,54.44485522],[18.57032406,54.44493234],[18.57033707,54.44493722],[18.57032492,54.4449486],[18.57013844,54.4448859],[18.57009724,54.44473552],[18.57038462,54.4443515],[18.57053698,54.4443184],[18.57068023,54.44402573],[18.57078279,54.44389879],[18.5709148,54.44387419],[18.57094531,54.44383473],[18.57101539,54.44385545],[18.57142964,54.44377826],[18.57089892,54.44348925],[18.57093164,54.44345274],[18.57086876,54.44344032],[18.57088972,54.44340581],[18.57091837,54.44336075],[18.57094431,54.4433193],[18.57102566,54.44333895],[18.57103429,54.44332768],[18.57103243,54.44332706],[18.57106027,54.44329952],[18.57097429,54.44326875],[18.57092051,54.4432487],[18.57089683,54.44323102],[18.57086085,54.44321484],[18.57100825,54.44311819]]],[[[18.57287773,54.44125764],[18.57288071,54.44125382],[18.57293048,54.44126741],[18.57302478,54.44122555],[18.57304756,54.4412304],[18.57303951,54.44124079],[18.57327302,54.44130633],[18.57324015,54.4413452],[18.5732412,54.4413455],[18.57332246,54.44136873],[18.57324965,54.44146432],[18.5730898,54.44142069],[18.57293305,54.44137831],[18.57290587,54.44141351],[18.57285872,54.44139999],[18.5728016,54.44141156],[18.57276762,54.44139899],[18.57279051,54.44136946],[18.57252669,54.4412983],[18.5725461,54.44127485],[18.57251429,54.4412662],[18.5725116,54.44126228],[18.57237152,54.44122383],[18.57244215,54.44113851],[18.57252265,54.4411607],[18.5725259,54.44115695],[18.57264996,54.44119082],[18.57264657,54.44119476],[18.5727999,54.44123698],[18.57287773,54.44125764]]]]}},{"type":"Feature","properties":{"postcode":"81-727","address_count":19,"both_agree_count":18,"source_conflict_count":0,"unresolved_count":1,"area_m2":12582,"support100_pct":100,"streets":"Parkowa","label":[18.57332,54.440953],"label_r_km":0.033,"sea_km":0.22,"parts":1,"samples":[[18.57338,54.44024],[18.57338,54.44123]]},"geometry":{"type":"Polygon","coordinates":[[[18.57277076,54.44063902],[18.57277303,54.44063623],[18.57279956,54.44060448],[18.57280567,54.44060603],[18.57310482,54.44044789],[18.57310819,54.44044428],[18.57312065,54.44044148],[18.57312332,54.4404373],[18.57310714,54.44043259],[18.57330702,54.44019732],[18.57333912,54.44016752],[18.57334871,54.44015885],[18.57333718,54.4401552],[18.57336942,54.44011674],[18.57337899,54.44011954],[18.57344579,54.44003539],[18.57346794,54.44000977],[18.57351064,54.44002097],[18.57354128,54.43998606],[18.57355138,54.43998911],[18.57362052,54.43988891],[18.57360712,54.43984999],[18.57360364,54.43984893],[18.57369512,54.43974356],[18.57401181,54.43983792],[18.57400249,54.43984893],[18.57406928,54.43988254],[18.57413537,54.43986731],[18.57416024,54.43983838],[18.57418299,54.43983387],[18.57453372,54.43992619],[18.57449759,54.43997466],[18.57454842,54.44003069],[18.5745472,54.44003597],[18.57446526,54.44014189],[18.57444754,54.44014549],[18.57436641,54.44015064],[18.574321,54.44021155],[18.57425372,54.4401957],[18.57419195,54.44028647],[18.5741631,54.44032892],[18.57402334,54.44029859],[18.57402227,54.44029976],[18.57395654,54.44028364],[18.57395364,54.44028634],[18.57388448,54.44026717],[18.57388904,54.44026203],[18.57381383,54.44024128],[18.5737973,54.4402604],[18.57377765,54.44028835],[18.57410411,54.44036541],[18.57408125,54.4403949],[18.57403193,54.44045855],[18.57406019,54.44050582],[18.57403502,54.44053896],[18.57406781,54.44054707],[18.5740881,54.44055252],[18.57411115,54.44059107],[18.57410411,54.44061618],[18.57410478,54.44061856],[18.57411772,54.44062194],[18.5740999,54.44064791],[18.57408737,54.44066638],[18.57407314,54.44066303],[18.57406948,54.44066718],[18.57408464,54.44067043],[18.5740659,54.44069721],[18.57405262,54.44069429],[18.57398129,54.44074579],[18.573948,54.44076186],[18.57391734,54.44075478],[18.57389907,54.44078137],[18.57390479,54.4407827],[18.57381471,54.44082615],[18.57380552,54.44085575],[18.57397373,54.44090681],[18.5738098,54.4411215],[18.57396945,54.44116324],[18.57398214,54.4411665],[18.57400319,54.44117252],[18.57401975,54.44117727],[18.57405528,54.44122127],[18.57404146,54.44134302],[18.57404329,54.44134871],[18.57385548,54.44146772],[18.57385422,54.44146938],[18.57373898,54.44143711],[18.57370824,54.44147598],[18.57368543,54.44150475],[18.57347677,54.44152595],[18.57346673,54.44152322],[18.57334929,54.44149197],[18.57330782,54.44148012],[18.57324965,54.44146432],[18.57332246,54.44136873],[18.5732412,54.4413455],[18.57324015,54.4413452],[18.57327302,54.44130633],[18.57303951,54.44124079],[18.57304756,54.4412304],[18.57302478,54.44122555],[18.57293048,54.44126741],[18.57288071,54.44125382],[18.57287773,54.44125764],[18.5727999,54.44123698],[18.57264657,54.44119476],[18.57264996,54.44119082],[18.5725259,54.44115695],[18.57253713,54.44110967],[18.57259898,54.44103629],[18.57259905,54.44103588],[18.57267817,54.44093844],[18.57267336,54.44092084],[18.57267481,54.44091459],[18.57264874,54.44090806],[18.57275867,54.44076667],[18.57277914,54.44077519],[18.57283241,54.44070441],[18.57286236,54.44066429],[18.57277076,54.44063902]],[[18.57401859,54.44043625],[18.57404165,54.44040668],[18.57399338,54.44039407],[18.57401859,54.44043625]]]}},{"type":"Feature","properties":{"postcode":"81-728","address_count":3,"both_agree_count":2,"source_conflict_count":1,"unresolved_count":0,"area_m2":2804,"support100_pct":100,"streets":"3 Maja","label":[18.571734,54.437658],"label_r_km":0.017,"sea_km":0.5,"parts":2,"samples":[[18.571734,54.437658]]},"geometry":{"type":"MultiPolygon","coordinates":[[[[18.57211615,54.43765442],[18.57219145,54.43769378],[18.57224549,54.4377229],[18.57215288,54.43777949],[18.57199668,54.43787484],[18.57202795,54.43789217],[18.57199889,54.43796513],[18.57167589,54.43785292],[18.57166744,54.43781414],[18.57129037,54.43765493],[18.5713086,54.43759256],[18.57150361,54.43751497],[18.5715318,54.4375305],[18.57155308,54.43754209],[18.57155603,54.43754378],[18.57171716,54.43745964],[18.57179988,54.43751242],[18.57195786,54.4375204],[18.57202637,54.43756446],[18.57203157,54.43757043],[18.57199535,54.4375912],[18.57211615,54.43765442]]],[[[18.57283097,54.43798328],[18.57279474,54.43800457],[18.57277318,54.43801725],[18.5725538,54.43814695],[18.57249428,54.43811231],[18.57235797,54.43818816],[18.5720627,54.43802072],[18.57206277,54.43802031],[18.57225322,54.43795418],[18.57251796,54.43779843],[18.57252793,54.43780593],[18.57283097,54.43798328]]]]}},{"type":"Feature","properties":{"postcode":"81-729","address_count":12,"both_agree_count":12,"source_conflict_count":0,"unresolved_count":0,"area_m2":8009,"support100_pct":100,"streets":"3 Maja","label":[18.573118,54.438654],"label_r_km":0.025,"sea_km":0.37,"parts":1,"samples":[[18.57291,54.43851]]},"geometry":{"type":"Polygon","coordinates":[[[18.57263424,54.43881978],[18.57254669,54.4387856],[18.5724877,54.43875569],[18.57237204,54.43869694],[18.5726635,54.43850868],[18.57269985,54.43852854],[18.57273078,54.4385455],[18.5727864,54.4385344],[18.57280865,54.43840893],[18.57248821,54.43830643],[18.57247853,54.43828387],[18.57235949,54.43819285],[18.57235797,54.43818816],[18.57249428,54.43811231],[18.5725538,54.43814695],[18.57277318,54.43801725],[18.57281339,54.43803799],[18.57287284,54.43806823],[18.57288196,54.43811206],[18.57298804,54.4382463],[18.57297085,54.43831742],[18.5730807,54.43835679],[18.57301106,54.43839707],[18.5730426,54.43841488],[18.57306432,54.43840247],[18.57305623,54.43839775],[18.57307672,54.43838606],[18.5730848,54.43839087],[18.57310438,54.43837982],[18.57308899,54.43837046],[18.5731075,54.43835995],[18.57312304,54.43836922],[18.57319553,54.43832916],[18.57323452,54.43835099],[18.57321329,54.43836403],[18.57321547,54.43836519],[18.57318306,54.43838493],[18.5732654,54.43843215],[18.57331157,54.43845871],[18.57332623,54.43846035],[18.57338033,54.43842792],[18.57335935,54.438415],[18.57340781,54.43838602],[18.57342536,54.43839626],[18.57349002,54.43843432],[18.57350929,54.43842327],[18.57354642,54.43844492],[18.5735611,54.43843704],[18.57358785,54.43842047],[18.57373811,54.43833028],[18.57379708,54.43829621],[18.57379876,54.43829661],[18.5738167,54.43828587],[18.57386531,54.43831143],[18.57386454,54.43831191],[18.57403215,54.43835088],[18.57398694,54.43837931],[18.57381002,54.4384912],[18.57373805,54.43853611],[18.57383778,54.43859215],[18.57386587,54.43860802],[18.57380083,54.4386188],[18.57373457,54.43872505],[18.57366867,54.4386889],[18.57366588,54.4386873],[18.57356945,54.43874723],[18.57368215,54.43880911],[18.5736201,54.4389086],[18.57354198,54.4389108],[18.57339203,54.43887525],[18.5733721,54.43889794],[18.57327288,54.43901135],[18.57321705,54.43907522],[18.57321178,54.43907318],[18.57316719,54.43910986],[18.57323092,54.4391829],[18.57320374,54.43921761],[18.57306277,54.43923698],[18.57303151,54.43922147],[18.57300821,54.43920901],[18.57299868,54.43922162],[18.57292492,54.43918222],[18.57288508,54.43920264],[18.57278327,54.43932016],[18.57277156,54.43932664],[18.57256989,54.43926777],[18.57239941,54.43938853],[18.57235891,54.43936932],[18.57238597,54.4393378],[18.57222258,54.43925266],[18.57217954,54.43928364],[18.57210974,54.43925199],[18.57206425,54.43922867],[18.57209859,54.43920434],[18.5723831,54.43900335],[18.57248201,54.43893343],[18.57249613,54.43894028],[18.57263424,54.43881978]]]}},{"type":"Feature","properties":{"postcode":"81-730","address_count":17,"both_agree_count":17,"source_conflict_count":0,"unresolved_count":0,"area_m2":25111,"support100_pct":100,"streets":"Bitwy pod Płowcami","label":[18.577495,54.436335],"label_r_km":0.04,"sea_km":0.29,"parts":1,"samples":[[18.57661,54.43615],[18.57831,54.43516]]},"geometry":{"type":"Polygon","coordinates":[[[18.57577014,54.43632641],[18.57575834,54.43632035],[18.57577638,54.43631002],[18.57576582,54.43630396],[18.57588134,54.43622129],[18.57599852,54.43614787],[18.57596167,54.43613277],[18.57612533,54.43601454],[18.57618721,54.43604078],[18.57642998,54.43614151],[18.57661202,54.43602231],[18.57667478,54.43598059],[18.57674575,54.43593128],[18.57686565,54.43585282],[18.57678384,54.43581116],[18.57669225,54.43576443],[18.57667099,54.43575366],[18.57661043,54.43572277],[18.57658669,54.43571067],[18.57657831,54.4357064],[18.57670431,54.43562475],[18.57647354,54.4355007],[18.57643534,54.43548013],[18.57652055,54.43542383],[18.5765685,54.43539216],[18.57665616,54.43533434],[18.57673479,54.4352823],[18.57692138,54.43537709],[18.57706904,54.43527908],[18.57721531,54.43518072],[18.57736436,54.43508315],[18.57751186,54.43498533],[18.57765937,54.43488741],[18.57780687,54.43478949],[18.57815351,54.43496654],[18.57820589,54.43493161],[18.57811307,54.43488577],[18.578315,54.43487671],[18.57855494,54.43468807],[18.57978714,54.4346689],[18.58017826,54.43489824],[18.58016219,54.43494663],[18.57934723,54.43516413],[18.57913828,54.43519261],[18.57887914,54.43520576],[18.57877917,54.43522154],[18.57870374,54.43522326],[18.57869844,54.43522673],[18.5786482,54.43525958],[18.57859479,54.43523171],[18.57842667,54.43534339],[18.57819368,54.43522546],[18.5781893,54.43518757],[18.57815876,54.43520775],[18.57809814,54.4352482],[18.57806775,54.43526847],[18.57813307,54.43526591],[18.57838718,54.4353947],[18.57825694,54.43548166],[18.57812348,54.43557062],[18.57804698,54.43562076],[18.57788159,54.43573036],[18.57786145,54.43574392],[18.57769349,54.43585641],[18.57789141,54.43595627],[18.57795644,54.43598911],[18.57792607,54.43600956],[18.57798319,54.4360384],[18.57813609,54.43611583],[18.5782862,54.43619184],[18.57845681,54.43627907],[18.57845393,54.4362816],[18.57803612,54.43655763],[18.57808955,54.43658685],[18.57809654,54.43659076],[18.57767844,54.43686715],[18.57764423,54.43688977],[18.57763693,54.43688612],[18.57708137,54.43660595],[18.57651061,54.43631793],[18.57649864,54.43631188],[18.57613346,54.43655536],[18.57610835,54.43656174],[18.57602643,54.43654833],[18.57597718,54.43652442],[18.57605625,54.43647257],[18.57600206,54.43644488],[18.57598453,54.43643581],[18.57577014,54.43632641]]]}},{"type":"Feature","properties":{"postcode":"81-731","address_count":28,"both_agree_count":23,"source_conflict_count":0,"unresolved_count":5,"area_m2":625996,"support100_pct":48,"streets":"Bitwy pod Płowcami; Hestii; Plac Dwóch Miast","label":[18.583549,54.431968],"label_r_km":0.26,"sea_km":0.3,"parts":1,"samples":[[18.57532,54.4268],[18.57702,54.4268],[18.57702,54.42779],[18.57872,54.42581],[18.57872,54.4268],[18.57872,54.42779],[18.57872,54.43174],[18.57872,54.43273],[18.57872,54.43372],[18.58041,54.4268],[18.58041,54.42779],[18.58041,54.42877],[18.58041,54.42976],[18.58041,54.43075],[18.58041,54.43174],[18.58041,54.43273],[18.58041,54.43372],[18.58041,54.43471],[18.58211,54.42779],[18.58211,54.42877],[18.58211,54.42976],[18.58211,54.43075],[18.58211,54.43174],[18.58211,54.43273],[18.58211,54.43372],[18.58211,54.43471],[18.58381,54.4268],[18.58381,54.42779],[18.58381,54.42877],[18.58381,54.42976],[18.58381,54.43075],[18.58381,54.43174],[18.58381,54.43273],[18.58381,54.43372],[18.58381,54.43471],[18.58551,54.42779],[18.58551,54.42877],[18.58551,54.42976],[18.58551,54.43075],[18.58551,54.43174],[18.58551,54.43273],[18.58551,54.43372],[18.58721,54.42877],[18.58721,54.42976],[18.58721,54.43075],[18.58721,54.43174],[18.58721,54.43273],[18.58891,54.42976],[18.58891,54.43075],[18.58891,54.43174],[18.59061,54.43075]]},"geometry":{"type":"Polygon","coordinates":[[[18.57978714,54.4346689],[18.57855494,54.43468807],[18.57794905,54.43438584],[18.57794859,54.43438094],[18.57774715,54.43428108],[18.57792911,54.43416975],[18.57788946,54.43374008],[18.57743961,54.433143],[18.57747798,54.43298704],[18.57803217,54.43267074],[18.57834581,54.43222369],[18.57848559,54.43210516],[18.57851298,54.43208904],[18.57847326,54.43149212],[18.57829382,54.43139273],[18.57854688,54.43123316],[18.57864145,54.43098207],[18.58026997,54.42865679],[18.57869953,54.4284057],[18.57821887,54.42830035],[18.57743242,54.42809546],[18.57737095,54.42807677],[18.57631513,54.42758223],[18.57446669,54.42658287],[18.5795024,54.42531226],[18.57974682,54.42533972],[18.5798675,54.42535007],[18.57986746,54.42535029],[18.5797922,54.42574971],[18.5797783,54.42582348],[18.5797325,54.42582055],[18.57959462,54.42581178],[18.57932599,54.42578922],[18.57922731,54.42578093],[18.57899677,54.42575643],[18.57899676,54.42575643],[18.5792448,54.42598605],[18.57943792,54.42616482],[18.5795396,54.42625894],[18.58206209,54.42697024],[18.58221798,54.42681782],[18.582308,54.4267298],[18.58297553,54.42607655],[18.5832745,54.42578396],[18.58339236,54.42566862],[18.58387318,54.42592325],[18.58392183,54.42594978],[18.58393021,54.42595435],[18.58393033,54.42595442],[18.5842135,54.42609222],[18.58421442,54.42609274],[18.58506711,54.42657647],[18.58512148,54.42660731],[18.58528588,54.42670355],[18.58530933,54.42671718],[18.58562163,54.42689983],[18.58572228,54.4269587],[18.58580129,54.42700491],[18.58623715,54.42725966],[18.58625993,54.42727302],[18.58626512,54.42727606],[18.58635601,54.42732836],[18.58644098,54.42737814],[18.58716826,54.42780418],[18.58735302,54.42791227],[18.58783176,54.42820113],[18.5878613,54.42821886],[18.58831379,54.42849149],[18.58852859,54.42862091],[18.58884662,54.42881324],[18.58895556,54.4288765],[18.58899004,54.42889799],[18.58899541,54.42890135],[18.58900718,54.42890868],[18.58908166,54.42895531],[18.58962635,54.42928287],[18.5896756,54.42931248],[18.5904783,54.42979519],[18.59061262,54.42987621],[18.59063011,54.42988718],[18.59063971,54.42989321],[18.59066036,54.42990616],[18.59067496,54.42991427],[18.5908603,54.43001821],[18.5911589,54.43018575],[18.59138898,54.43031101],[18.59142123,54.43032857],[18.59031842,54.43103188],[18.58876675,54.4320884],[18.5875419,54.43296208],[18.5870424,54.43325112],[18.58628633,54.4337505],[18.5851211,54.43452008],[18.58433938,54.43508917],[18.58406593,54.43501319],[18.58298476,54.43495558],[18.58273833,54.43512097],[18.58163897,54.43456509],[18.58140953,54.43444904],[18.58122947,54.43455431],[18.58107142,54.43464671],[18.58095821,54.4347129],[18.58084977,54.43469618],[18.58017826,54.43489824],[18.57978714,54.4346689]],[[18.58356683,54.42934925],[18.58355634,54.42935056],[18.58354844,54.42935341],[18.58354254,54.42935824],[18.58354079,54.42936345],[18.58353931,54.42937181],[18.58353244,54.42938023],[18.58352679,54.42939001],[18.58351668,54.42939906],[18.58350319,54.42940611],[18.58348941,54.42941218],[18.58346992,54.42941778],[18.58345861,54.4294234],[18.58345192,54.42942904],[18.5834501,54.42944171],[18.58345552,54.42945405],[18.58347251,54.42946642],[18.5834893,54.42946837],[18.58350934,54.4294688],[18.58353096,54.42946572],[18.58355526,54.42945718],[18.583572,54.42944798],[18.58358319,54.42943938],[18.58359224,54.42942908],[18.5835996,54.42941804],[18.58360556,54.42940836],[18.58360798,54.4293974],[18.58361028,54.4293832],[18.58360638,54.42937249],[18.58359739,54.42936158],[18.58358744,54.42935516],[18.58357685,54.42935],[18.58356683,54.42934925]],[[18.58401664,54.42962149],[18.58402788,54.42960786],[18.58402815,54.42959644],[18.58402473,54.42958421],[18.58401328,54.42957266],[18.58399292,54.42955803],[18.58396163,54.42954183],[18.5839283,54.42952903],[18.58388095,54.42951431],[18.58384002,54.4295059],[18.58379891,54.42949973],[18.58377303,54.42949748],[18.58373127,54.42949491],[18.58371523,54.4294954],[18.58369761,54.42949938],[18.58368227,54.42950679],[18.58367294,54.42951458],[18.58366636,54.42952508],[18.58366717,54.42953641],[18.58367171,54.42954433],[18.58368119,54.42955273],[18.58369389,54.42956212],[18.58370355,54.429568],[18.58372046,54.42957309],[18.58373769,54.42957692],[18.58375649,54.42957771],[18.58377329,54.42957822],[18.58379394,54.42957991],[18.58381058,54.42958122],[18.58382227,54.42958432],[18.58383256,54.42958831],[18.58384251,54.42959527],[18.58385536,54.42960538],[18.5838619,54.42961448],[18.58387703,54.42962802],[18.58390835,54.42964125],[18.58394132,54.42964388],[18.58396817,54.42964164],[18.58398858,54.42963631],[18.58400654,54.42962855],[18.58401664,54.42962149]]]}},{"type":"Feature","properties":{"postcode":"81-732","address_count":28,"both_agree_count":28,"source_conflict_count":0,"unresolved_count":0,"area_m2":23598,"support100_pct":100,"streets":"Karlikowska","label":[18.573913,54.436948],"label_r_km":0.032,"sea_km":0.43,"parts":1,"samples":[[18.57285,54.43776],[18.57454,54.43677]]},"geometry":{"type":"Polygon","coordinates":[[[18.57224549,54.4377229],[18.57219145,54.43769378],[18.57211615,54.43765442],[18.57199535,54.4375912],[18.57203157,54.43757043],[18.57202637,54.43756446],[18.57203372,54.43756919],[18.57218061,54.43749176],[18.57225161,54.43745433],[18.57233606,54.43740972],[18.57254813,54.43729793],[18.57256083,54.43729132],[18.57259674,54.43731316],[18.5726714,54.43727309],[18.57263443,54.43725243],[18.57280211,54.43716395],[18.57286285,54.43713185],[18.57305718,54.4370294],[18.57309145,54.43701128],[18.57332048,54.43689042],[18.57345912,54.43681833],[18.57347855,54.43680827],[18.5734845,54.43680393],[18.57316055,54.43670664],[18.5731296,54.43669744],[18.57311738,54.43669372],[18.5731747,54.43666075],[18.57336149,54.43650444],[18.57348601,54.43639379],[18.573566,54.43633716],[18.57376135,54.43617757],[18.574011,54.43629704],[18.57412873,54.4363503],[18.57440674,54.4364912],[18.57448452,54.43643198],[18.57444492,54.43642148],[18.57373772,54.43609253],[18.57377076,54.43604951],[18.57421776,54.43630313],[18.57436303,54.43631526],[18.57447484,54.43636887],[18.57458405,54.43636295],[18.57528711,54.43587544],[18.57527378,54.43581504],[18.57486515,54.43564601],[18.57478628,54.43561416],[18.57476039,54.43549268],[18.5747848,54.43545105],[18.57506424,54.43529017],[18.57563002,54.4355217],[18.57539928,54.435675],[18.57533519,54.43574224],[18.57544774,54.43578941],[18.57561856,54.43566057],[18.57567219,54.43568322],[18.57573808,54.43571085],[18.57557276,54.43583589],[18.57588154,54.43594952],[18.57600905,54.43596525],[18.57612533,54.43601454],[18.57596167,54.43613277],[18.57599852,54.43614787],[18.57588134,54.43622129],[18.57576582,54.43630396],[18.57577638,54.43631002],[18.57575834,54.43632035],[18.57564442,54.43639511],[18.57541045,54.43654878],[18.57540486,54.43654602],[18.57538376,54.43653579],[18.57527965,54.43660816],[18.57519554,54.43667693],[18.57509326,54.43675765],[18.57510802,54.43676728],[18.57508175,54.43677235],[18.57506017,54.4367941],[18.57507661,54.43680158],[18.57499774,54.43686071],[18.57494119,54.43689377],[18.57493778,54.43689253],[18.57485658,54.43693856],[18.57485308,54.43694172],[18.57476695,54.43698732],[18.57470129,54.43703139],[18.57466114,54.43707021],[18.57461916,54.4370989],[18.5745899,54.43709004],[18.57455926,54.43708085],[18.57450314,54.43704742],[18.57448465,54.4370582],[18.57443327,54.43708819],[18.57442123,54.43708555],[18.57425143,54.43718815],[18.57425328,54.43718913],[18.57429276,54.43721212],[18.57421708,54.4372556],[18.57422328,54.43725917],[18.57423385,54.43726523],[18.5742136,54.43728332],[18.57420275,54.43728544],[18.57402446,54.43739599],[18.57402196,54.4373959],[18.57395975,54.43736006],[18.57392487,54.43737981],[18.57389194,54.43736083],[18.57388338,54.4373659],[18.57384134,54.43739072],[18.57369504,54.43747659],[18.57370851,54.43748363],[18.57370039,54.43752218],[18.57365636,54.43749906],[18.57361661,54.43747885],[18.57348919,54.43755915],[18.57341961,54.43752129],[18.57325649,54.4376164],[18.57311462,54.43770045],[18.57299448,54.43777173],[18.57297292,54.4377845],[18.57307711,54.43783881],[18.57283097,54.43798328],[18.57252793,54.43780593],[18.57251796,54.43779843],[18.57225322,54.43795418],[18.57206277,54.43802031],[18.57199889,54.43796513],[18.57202795,54.43789217],[18.57199668,54.43787484],[18.57215288,54.43777949],[18.57224549,54.4377229]]]}},{"type":"Feature","properties":{"postcode":"81-733","address_count":3,"both_agree_count":3,"source_conflict_count":0,"unresolved_count":0,"area_m2":9995,"support100_pct":100,"streets":"Stefana Okrzei","label":[18.574392,54.435908],"label_r_km":0.039,"sea_km":0.48,"parts":3,"samples":[[18.57389,54.43587]]},"geometry":{"type":"MultiPolygon","coordinates":[[[[18.5736546,54.43552905],[18.57381232,54.43550955],[18.57400281,54.4354139],[18.5740726,54.43537889],[18.57419463,54.43537526],[18.57435957,54.43544186],[18.5744995,54.43542456],[18.5747848,54.43545105],[18.57476039,54.43549268],[18.57478628,54.43561416],[18.57486515,54.43564601],[18.57527378,54.43581504],[18.57528711,54.43587544],[18.57458405,54.43636295],[18.57447484,54.43636887],[18.57436303,54.43631526],[18.57421776,54.43630313],[18.57377076,54.43604951],[18.57373772,54.43609253],[18.57354017,54.43600064],[18.57339733,54.43593738],[18.5734678,54.4359336],[18.57346884,54.43589457],[18.57351627,54.43592231],[18.57335881,54.43578272],[18.57347381,54.43570653],[18.57347599,54.43562435],[18.5736546,54.43552905]]],[[[18.57358919,54.43554856],[18.57347602,54.43562351],[18.57347794,54.4355509],[18.57356732,54.43553985],[18.57358919,54.43554856]]],[[[18.57304705,54.43631715],[18.57304117,54.43631414],[18.57305038,54.436308],[18.57307108,54.43625121],[18.57308593,54.43624132],[18.57307647,54.43623647],[18.57314639,54.43604468],[18.57328486,54.43596528],[18.57341781,54.43602449],[18.57376135,54.43617757],[18.573566,54.43633716],[18.57348601,54.43639379],[18.57336149,54.43650444],[18.57334832,54.43649982],[18.57306181,54.43640047],[18.57309355,54.43637365],[18.5730516,54.43635685],[18.57303702,54.43634467],[18.57304705,54.43631715]]]]}},{"type":"Feature","properties":{"postcode":"81-734","address_count":19,"both_agree_count":19,"source_conflict_count":0,"unresolved_count":0,"area_m2":9603,"support100_pct":100,"streets":"Plac Rybaków","label":[18.578674,54.435661],"label_r_km":0.033,"sea_km":0.27,"parts":1,"samples":[[18.57854,54.43544]]},"geometry":{"type":"Polygon","coordinates":[[[18.5788144,54.43603963],[18.57879454,54.43605185],[18.57870539,54.43611302],[18.57864553,54.43615238],[18.57870374,54.43618194],[18.57869397,54.43618881],[18.57864408,54.43622367],[18.57845745,54.43627939],[18.57845681,54.43627907],[18.5782862,54.43619184],[18.57813609,54.43611583],[18.57798319,54.4360384],[18.57792607,54.43600956],[18.57795644,54.43598911],[18.57789141,54.43595627],[18.57769349,54.43585641],[18.57786145,54.43574392],[18.57788159,54.43573036],[18.57804698,54.43562076],[18.57812348,54.43557062],[18.57825694,54.43548166],[18.57838718,54.4353947],[18.57813307,54.43526591],[18.57806775,54.43526847],[18.57809814,54.4352482],[18.57815876,54.43520775],[18.5781893,54.43518757],[18.57819368,54.43522546],[18.57842667,54.43534339],[18.57859479,54.43523171],[18.5786482,54.43525958],[18.57869844,54.43522673],[18.57870374,54.43522326],[18.57877917,54.43522154],[18.57887914,54.43520576],[18.57913828,54.43519261],[18.57934723,54.43516413],[18.58016219,54.43494663],[18.58018961,54.435037],[18.579436,54.43561337],[18.57944639,54.43561882],[18.57941004,54.43564298],[18.57930256,54.43571438],[18.57930102,54.43571539],[18.57921783,54.43577283],[18.57918407,54.43579312],[18.57913261,54.43582841],[18.57907306,54.43586795],[18.57907199,54.43586859],[18.57905032,54.43588298],[18.57904833,54.43588434],[18.57903077,54.43589592],[18.57896404,54.43594027],[18.57892083,54.43596895],[18.57888689,54.4359887],[18.57887758,54.43599494],[18.5788144,54.43603963]]]}},{"type":"Feature","properties":{"postcode":"81-735","address_count":56,"both_agree_count":51,"source_conflict_count":0,"unresolved_count":5,"area_m2":76088,"support100_pct":85,"streets":"Skarpowa; Władysława Łokietka","label":[18.571575,54.434287],"label_r_km":0.074,"sea_km":0.73,"parts":3,"samples":[[18.57007,54.42922],[18.57007,54.43021],[18.57177,54.43219],[18.57177,54.43318],[18.57177,54.43417],[18.57177,54.43516]]},"geometry":{"type":"MultiPolygon","coordinates":[[[[18.57052753,54.43082368],[18.57048236,54.43080488],[18.57020934,54.43063229],[18.56989247,54.43035717],[18.56922046,54.42961351],[18.56942174,54.42936052],[18.57012316,54.42872729],[18.57098122,54.42961877],[18.57145505,54.43067995],[18.57133962,54.43069834],[18.57133968,54.43070175],[18.57135536,54.43089862],[18.57154003,54.43087028],[18.57155254,54.43089827],[18.57098772,54.43100162],[18.57093585,54.4309937],[18.57076096,54.43092088],[18.57062649,54.43092542],[18.57061288,54.43081048],[18.57052753,54.43082368]]],[[[18.57081569,54.43351548],[18.57084181,54.43348796],[18.57086254,54.43346565],[18.57102501,54.43349824],[18.57104975,54.43348757],[18.57115133,54.43334711],[18.57113673,54.43329706],[18.57105033,54.43326047],[18.57110414,54.43320137],[18.57079083,54.4331131],[18.5708727,54.43301567],[18.57090582,54.4330263],[18.57100737,54.43290435],[18.57125635,54.43297621],[18.57127626,54.4330117],[18.57129797,54.43298788],[18.57136642,54.43291262],[18.57138829,54.4328888],[18.57132482,54.43290105],[18.57094685,54.43279601],[18.57111707,54.43259081],[18.57082346,54.43251206],[18.57095838,54.43234988],[18.57099333,54.43235915],[18.57104154,54.43229427],[18.57109627,54.43228445],[18.5714001,54.43229198],[18.57141604,54.43228658],[18.57142142,54.4322794],[18.5714373,54.43225804],[18.57157483,54.43207482],[18.57161737,54.43208558],[18.57166066,54.43209571],[18.57189989,54.432157],[18.57197444,54.43216684],[18.57200066,54.43217521],[18.57198947,54.43217996],[18.57203169,54.43219071],[18.57214282,54.4322206],[18.57218474,54.43223399],[18.57218999,54.43223329],[18.57227099,54.43225508],[18.57231122,54.43226594],[18.57235147,54.43227922],[18.57252797,54.43233724],[18.57249259,54.43237523],[18.57242973,54.43244318],[18.57242664,54.43244212],[18.57240734,54.43246242],[18.57245925,54.43248194],[18.57237378,54.43257534],[18.5723665,54.43258346],[18.57231542,54.43256654],[18.57210083,54.43249595],[18.57205012,54.43255153],[18.57251939,54.43270628],[18.57239568,54.4328409],[18.57227226,54.43297581],[18.57219066,54.4329489],[18.57218753,54.4329555],[18.57223407,54.4330199],[18.57245451,54.43309256],[18.57249396,54.43304879],[18.57256983,54.43307386],[18.57282931,54.43315933],[18.57310445,54.43325002],[18.57308063,54.43327647],[18.57294115,54.4334313],[18.5728076,54.43357973],[18.57279955,54.43357725],[18.57275824,54.4336212],[18.57271995,54.43366001],[18.57264884,54.43373394],[18.57266403,54.43373899],[18.5731036,54.43388497],[18.57341186,54.4339862],[18.57292421,54.43436011],[18.57276008,54.43439341],[18.57271988,54.43442846],[18.57273752,54.43443442],[18.57265658,54.43452978],[18.57273916,54.43484557],[18.57272498,54.4348499],[18.57245191,54.4350953],[18.57242764,54.43511715],[18.57242506,54.43511778],[18.57221406,54.43528825],[18.57187941,54.43533525],[18.57190035,54.4353184],[18.57182387,54.43529432],[18.57145882,54.43517781],[18.57128575,54.43512256],[18.57110803,54.43506582],[18.57076296,54.4349555],[18.57055831,54.43489034],[18.57055527,54.43489439],[18.57047699,54.43499459],[18.5704402,54.43499736],[18.57037676,54.43500328],[18.57028264,54.43478352],[18.570218,54.43474438],[18.57018936,54.43463584],[18.57017343,54.43459899],[18.57016073,54.43457273],[18.57013438,54.43459487],[18.57010703,54.43461768],[18.57015178,54.43438961],[18.57019495,54.43437423],[18.57046432,54.43411718],[18.57032236,54.43405318],[18.57039075,54.43397858],[18.56998289,54.43385193],[18.57001159,54.43382053],[18.57008916,54.43373517],[18.57011801,54.43370413],[18.5701423,54.43367751],[18.57021802,54.43359305],[18.57025505,54.43360752],[18.57032535,54.43356406],[18.57035622,54.43354505],[18.57040775,54.43356036],[18.57053903,54.43340314],[18.57080019,54.4334762],[18.57081569,54.43351548]]],[[[18.57265503,54.43112732],[18.57265761,54.43112417],[18.57246511,54.43106812],[18.57242365,54.43105618],[18.57240656,54.43107632],[18.5723311,54.43107941],[18.57226385,54.43105594],[18.57205418,54.4310157],[18.57205355,54.43101544],[18.57196076,54.43088156],[18.57195406,54.43088376],[18.57200239,54.43082795],[18.57239755,54.4307387],[18.5724652,54.43077842],[18.57266666,54.43085866],[18.57267255,54.4308648],[18.57293663,54.43093895],[18.57295792,54.43093676],[18.57329435,54.43102637],[18.57354505,54.43089817],[18.57364044,54.43077351],[18.57376012,54.43078501],[18.57391219,54.43084003],[18.57419796,54.4310205],[18.57418074,54.43102966],[18.57421479,54.4310422],[18.57404186,54.43120591],[18.5738963,54.43134344],[18.57335445,54.43113263],[18.57333293,54.43115869],[18.57382981,54.43134996],[18.57372436,54.43144569],[18.57367945,54.43148508],[18.57366043,54.43150232],[18.57359633,54.43155887],[18.57349979,54.43164208],[18.57348716,54.43165328],[18.57348381,54.43165626],[18.57347528,54.43166385],[18.57337588,54.43175192],[18.57330829,54.43181144],[18.57329003,54.43182798],[18.57323873,54.43187332],[18.57312592,54.4319725],[18.573235,54.43201449],[18.57308427,54.43214692],[18.57280365,54.4320593],[18.57257116,54.43198637],[18.57253258,54.43202778],[18.57242196,54.43200975],[18.57241954,54.4320037],[18.57232674,54.43195752],[18.57237707,54.43190409],[18.57212755,54.43182594],[18.57193269,54.43176495],[18.57196689,54.43172077],[18.57207147,54.43160519],[18.57221612,54.43144655],[18.57238887,54.43150162],[18.5725291,54.43135738],[18.57276861,54.43142561],[18.57278624,54.43146335],[18.57280902,54.43143854],[18.5728617,54.43138231],[18.57288449,54.43135893],[18.57282009,54.43137047],[18.57251946,54.43128519],[18.57252143,54.43128293],[18.57265503,54.43112732]]]]}},{"type":"Feature","properties":{"postcode":"81-736","address_count":94,"both_agree_count":74,"source_conflict_count":18,"unresolved_count":2,"area_m2":371138,"support100_pct":47,"streets":"Architektów; Pogodna; Polna; Władysława Łokietka","label":[18.573989,54.428924],"label_r_km":0.207,"sea_km":0.63,"parts":1,"samples":[[18.5694,54.43142],[18.57109,54.42845],[18.57109,54.42944],[18.57279,54.42746],[18.57279,54.42845],[18.57279,54.42944],[18.57279,54.43043],[18.57279,54.43241],[18.57449,54.42449],[18.57449,54.42548],[18.57449,54.42647],[18.57449,54.42746],[18.57449,54.42845],[18.57449,54.42944],[18.57449,54.43043],[18.57449,54.43142],[18.57449,54.43241],[18.57619,54.42548],[18.57619,54.42845],[18.57619,54.42944],[18.57619,54.43043],[18.57619,54.43142],[18.57619,54.43241],[18.57789,54.42548],[18.57789,54.42845],[18.57789,54.42944],[18.57789,54.43043],[18.57789,54.43142],[18.57789,54.43241],[18.57959,54.42449],[18.57959,54.42944]]},"geometry":{"type":"Polygon","coordinates":[[[18.57183496,54.43092294],[18.57174815,54.43095203],[18.57155254,54.43089827],[18.57154003,54.43087028],[18.57135536,54.43089862],[18.57133968,54.43070175],[18.57133962,54.43069834],[18.57145505,54.43067995],[18.57098122,54.42961877],[18.57012316,54.42872729],[18.57015379,54.42868247],[18.5709153,54.42809291],[18.57126325,54.42766526],[18.57128676,54.42765285],[18.57203686,54.42718323],[18.57363763,54.4263808],[18.5732681,54.42490193],[18.57321144,54.42405795],[18.57299469,54.42399984],[18.57424942,54.42433619],[18.57437218,54.4243691],[18.57473243,54.42446566],[18.57485302,54.42449799],[18.5753413,54.42462885],[18.5764275,54.42491995],[18.57659361,54.42496453],[18.57674256,54.42500488],[18.57679514,54.42501894],[18.57680739,54.42502221],[18.57681386,54.42502394],[18.57683293,54.42502746],[18.57691149,54.42504198],[18.57694826,54.42504927],[18.57747443,54.42500318],[18.57747444,54.42500318],[18.57758818,54.42491746],[18.57768571,54.42484336],[18.5776929,54.42483789],[18.57773671,54.42480451],[18.57845895,54.4242541],[18.57870307,54.42423965],[18.5790318,54.42422018],[18.57974926,54.42418071],[18.57977293,54.42418449],[18.57980017,54.42418884],[18.57980018,54.42418884],[18.58006229,54.42423069],[18.5800454,54.42432774],[18.58002924,54.42442064],[18.5798675,54.42535007],[18.57974682,54.42533972],[18.5795024,54.42531226],[18.57446669,54.42658287],[18.57631513,54.42758223],[18.57737095,54.42807677],[18.57743242,54.42809546],[18.57821887,54.42830035],[18.57869953,54.4284057],[18.58026997,54.42865679],[18.57864145,54.43098207],[18.57854688,54.43123316],[18.57829382,54.43139273],[18.57847326,54.43149212],[18.57851298,54.43208904],[18.57848559,54.43210516],[18.57834581,54.43222369],[18.57803217,54.43267074],[18.57747798,54.43298704],[18.57651466,54.43290175],[18.57605807,54.43282036],[18.5751029,54.43306701],[18.5749322,54.43308851],[18.57478641,54.4331919],[18.57467568,54.43312084],[18.57455501,54.43313605],[18.57453378,54.43311614],[18.57459451,54.43306874],[18.57460926,54.43305447],[18.57459362,54.43301717],[18.57413735,54.43286696],[18.57409695,54.43285367],[18.57400451,54.43282312],[18.5739641,54.43280993],[18.57371963,54.43272915],[18.57340704,54.43262614],[18.57309539,54.43252403],[18.57307815,54.4325418],[18.57307446,54.43254156],[18.5729234,54.43249416],[18.57290728,54.43246212],[18.57284782,54.43244255],[18.57280757,54.43242935],[18.57252797,54.43233724],[18.57235147,54.43227922],[18.57231122,54.43226594],[18.57227099,54.43225508],[18.57218999,54.43223329],[18.57218474,54.43223399],[18.57214282,54.4322206],[18.57203169,54.43219071],[18.57198947,54.43217996],[18.57200066,54.43217521],[18.57197444,54.43216684],[18.57189989,54.432157],[18.57166066,54.43209571],[18.57164037,54.43209096],[18.57140573,54.43193937],[18.57125559,54.43196813],[18.57103754,54.43187815],[18.57098299,54.43188977],[18.57070016,54.43180898],[18.57069315,54.4317981],[18.57039229,54.43174724],[18.57034426,54.4316842],[18.57007956,54.4316797],[18.57005836,54.43166145],[18.56980737,54.43155664],[18.56978458,54.43151371],[18.56956081,54.43145674],[18.56947177,54.43148538],[18.56922412,54.43145738],[18.56893335,54.43137594],[18.56887783,54.43128937],[18.56889995,54.431273],[18.56886438,54.43126838],[18.56854538,54.43077087],[18.56887968,54.42980462],[18.56910655,54.42968578],[18.56939678,54.43099859],[18.56923552,54.43102353],[18.56935169,54.43102209],[18.56954414,54.43101974],[18.56954428,54.43103026],[18.56954899,54.43129159],[18.56955024,54.43132627],[18.56955328,54.43134557],[18.5694986,54.43137035],[18.56944375,54.43142551],[18.56954877,54.43145367],[18.56961278,54.43140225],[18.56971482,54.43138119],[18.57027751,54.43137306],[18.57057409,54.43136825],[18.57057669,54.43142196],[18.57091568,54.43150814],[18.57125469,54.43159441],[18.57159231,54.43168077],[18.57193269,54.43176495],[18.57212755,54.43182594],[18.57237707,54.43190409],[18.57232674,54.43195752],[18.57241954,54.4320037],[18.57242196,54.43200975],[18.57253258,54.43202778],[18.57257116,54.43198637],[18.57280365,54.4320593],[18.57308427,54.43214692],[18.573235,54.43201449],[18.57312592,54.4319725],[18.57323873,54.43187332],[18.57329003,54.43182798],[18.57330829,54.43181144],[18.57337588,54.43175192],[18.57347528,54.43166385],[18.57348381,54.43165626],[18.57348716,54.43165328],[18.57349979,54.43164208],[18.57359633,54.43155887],[18.57366043,54.43150232],[18.57367945,54.43148508],[18.57372436,54.43144569],[18.57382981,54.43134996],[18.57333293,54.43115869],[18.57335445,54.43113263],[18.5738963,54.43134344],[18.57404186,54.43120591],[18.57421479,54.4310422],[18.57418074,54.43102966],[18.57419796,54.4310205],[18.57391219,54.43084003],[18.57376012,54.43078501],[18.57364044,54.43077351],[18.57354505,54.43089817],[18.57329435,54.43102637],[18.57295792,54.43093676],[18.57293663,54.43093895],[18.57267255,54.4308648],[18.57266666,54.43085866],[18.5724652,54.43077842],[18.57239755,54.4307387],[18.57200239,54.43082795],[18.57195406,54.43088376],[18.57183496,54.43092294]]]}},{"type":"Feature","properties":{"postcode":"81-737","address_count":48,"both_agree_count":48,"source_conflict_count":0,"unresolved_count":0,"area_m2":30873,"support100_pct":100,"streets":"Racławicka; gen. Ludwika Mierosławskiego; gen. Mariana Langiewicza","label":[18.569126,54.432573],"label_r_km":0.068,"sea_km":0.97,"parts":2,"samples":[[18.56851,54.43286],[18.57021,54.43286]]},"geometry":{"type":"MultiPolygon","coordinates":[[[[18.57079083,54.4331131],[18.57110414,54.43320137],[18.57105033,54.43326047],[18.57113673,54.43329706],[18.57115133,54.43334711],[18.57104975,54.43348757],[18.57102501,54.43349824],[18.57086254,54.43346565],[18.57084181,54.43348796],[18.57081569,54.43351548],[18.57080019,54.4334762],[18.57053903,54.43340314],[18.57040775,54.43356036],[18.57035622,54.43354505],[18.57032535,54.43356406],[18.57025505,54.43360752],[18.57021802,54.43359305],[18.57005314,54.43352825],[18.57022139,54.43331398],[18.57014181,54.43328803],[18.57005518,54.43326418],[18.56992352,54.43322734],[18.56991336,54.43323888],[18.56966083,54.4335212],[18.56961623,54.43355043],[18.56957866,54.43357504],[18.56957649,54.43357398],[18.56946734,54.43351583],[18.56929733,54.43342517],[18.56918112,54.43338052],[18.56914007,54.43336562],[18.56911234,54.43335479],[18.56897505,54.43330135],[18.56886163,54.43325714],[18.56865276,54.43317582],[18.56863989,54.43317077],[18.56858813,54.43315071],[18.56842142,54.43308581],[18.56841135,54.4330819],[18.56839476,54.43307533],[18.56807077,54.4329491],[18.5678575,54.43309574],[18.56786249,54.43313417],[18.56782774,54.43311636],[18.56772403,54.43306187],[18.56768942,54.43304397],[18.56775395,54.43304134],[18.56796296,54.43289831],[18.56799938,54.43286893],[18.56766184,54.4327211],[18.5677269,54.43267848],[18.56780049,54.43257365],[18.56788967,54.43244726],[18.56800337,54.43233307],[18.56809927,54.43223587],[18.56822861,54.43210498],[18.56837271,54.43214986],[18.56844983,54.43206558],[18.56849263,54.43201892],[18.56853044,54.43197732],[18.56861242,54.431888],[18.56862562,54.43187338],[18.56872081,54.43176934],[18.5687319,54.43175743],[18.56885167,54.43162641],[18.56870757,54.43158108],[18.56889588,54.43138021],[18.5693464,54.43150647],[18.56938815,54.43151822],[18.56944784,54.43153241],[18.5695153,54.43155176],[18.5694936,54.4315755],[18.56934513,54.43173773],[18.56935085,54.43173906],[18.56963583,54.4318086],[18.56962618,54.4318233],[18.56969214,54.43183995],[18.56981666,54.43202841],[18.56981804,54.4320407],[18.56981358,54.43204666],[18.57007267,54.43211525],[18.57010701,54.43212443],[18.57036273,54.43219483],[18.57039738,54.43220401],[18.57065771,54.43227313],[18.57069804,54.43228094],[18.57095838,54.43234988],[18.57082346,54.43251206],[18.57111707,54.43259081],[18.57094685,54.43279601],[18.57132482,54.43290105],[18.57138829,54.4328888],[18.57136642,54.43291262],[18.57129797,54.43298788],[18.57127626,54.4330117],[18.57125635,54.43297621],[18.57100737,54.43290435],[18.57090582,54.4330263],[18.5708727,54.43301567],[18.57079083,54.4331131]]],[[[18.56947177,54.43148538],[18.56945304,54.43152149],[18.56922412,54.43145738],[18.56947177,54.43148538]]]]}},{"type":"Feature","properties":{"postcode":"81-738","address_count":19,"both_agree_count":19,"source_conflict_count":0,"unresolved_count":0,"area_m2":13920,"support100_pct":100,"streets":"Berka Joselewicza","label":[18.573787,54.433199],"label_r_km":0.038,"sea_km":0.69,"parts":1,"samples":[[18.5729,54.43299]]},"geometry":{"type":"Polygon","coordinates":[[[18.5723665,54.43258346],[18.57258758,54.43265626],[18.57270275,54.43253721],[18.57276488,54.43252812],[18.57276123,54.4325319],[18.5729234,54.43249416],[18.57307446,54.43254156],[18.57307815,54.4325418],[18.57309539,54.43252403],[18.57340704,54.43262614],[18.57371963,54.43272915],[18.5739641,54.43280993],[18.57400451,54.43282312],[18.57409695,54.43285367],[18.57413735,54.43286696],[18.57459362,54.43301717],[18.57460926,54.43305447],[18.57459451,54.43306874],[18.57453378,54.43311614],[18.57455501,54.43313605],[18.57437174,54.43328384],[18.57436674,54.43328633],[18.57424506,54.4334163],[18.574188,54.43351012],[18.57404938,54.43355903],[18.57389483,54.43369945],[18.57386144,54.43374252],[18.57370777,54.43384007],[18.5736413,54.43395514],[18.57348812,54.4340118],[18.57341186,54.4339862],[18.5731036,54.43388497],[18.57266403,54.43373899],[18.57264884,54.43373394],[18.57271995,54.43366001],[18.57275824,54.4336212],[18.57279955,54.43357725],[18.5728076,54.43357973],[18.57294115,54.4334313],[18.57308063,54.43327647],[18.57310445,54.43325002],[18.57282931,54.43315933],[18.57256983,54.43307386],[18.57249396,54.43304879],[18.57245451,54.43309256],[18.57223407,54.4330199],[18.57218753,54.4329555],[18.57219066,54.4329489],[18.57227226,54.43297581],[18.57239568,54.4328409],[18.57251939,54.43270628],[18.57205012,54.43255153],[18.57210083,54.43249595],[18.57231542,54.43256654],[18.5723665,54.43258346]]]}},{"type":"Feature","properties":{"postcode":"81-739","address_count":15,"both_agree_count":15,"source_conflict_count":0,"unresolved_count":0,"area_m2":18179,"support100_pct":88,"streets":"Sportowa","label":[18.570051,54.431073],"label_r_km":0.033,"sea_km":0.83,"parts":1,"samples":[[18.56996,54.4311],[18.57166,54.4311]]},"geometry":{"type":"Polygon","coordinates":[[[18.57155254,54.43089827],[18.57174815,54.43095203],[18.57183496,54.43092294],[18.57195406,54.43088376],[18.57196076,54.43088156],[18.57205355,54.43101544],[18.57205418,54.4310157],[18.57226385,54.43105594],[18.5723311,54.43107941],[18.57240656,54.43107632],[18.57242365,54.43105618],[18.57246511,54.43106812],[18.57265761,54.43112417],[18.57265503,54.43112732],[18.57252143,54.43128293],[18.57251946,54.43128519],[18.57282009,54.43137047],[18.57288449,54.43135893],[18.5728617,54.43138231],[18.57280902,54.43143854],[18.57278624,54.43146335],[18.57276861,54.43142561],[18.5725291,54.43135738],[18.57238887,54.43150162],[18.57221612,54.43144655],[18.57207147,54.43160519],[18.57196689,54.43172077],[18.57193269,54.43176495],[18.57159231,54.43168077],[18.57125469,54.43159441],[18.57091568,54.43150814],[18.57057669,54.43142196],[18.57057409,54.43136825],[18.57027751,54.43137306],[18.56971482,54.43138119],[18.56961278,54.43140225],[18.56954877,54.43145367],[18.56944375,54.43142551],[18.5694986,54.43137035],[18.56955328,54.43134557],[18.56955024,54.43132627],[18.56954899,54.43129159],[18.56954428,54.43103026],[18.56954414,54.43101974],[18.56935169,54.43102209],[18.56923552,54.43102353],[18.56939678,54.43099859],[18.56910655,54.42968578],[18.56922046,54.42961351],[18.56989247,54.43035717],[18.57020934,54.43063229],[18.57048236,54.43080488],[18.57052753,54.43082368],[18.57061288,54.43081048],[18.57062649,54.43092542],[18.57076096,54.43092088],[18.57093585,54.4309937],[18.57098772,54.43100162],[18.57155254,54.43089827]]]}},{"type":"Feature","properties":{"postcode":"81-740","address_count":26,"both_agree_count":25,"source_conflict_count":0,"unresolved_count":1,"area_m2":80533,"support100_pct":92,"streets":"Polna","label":[18.575816,54.434125],"label_r_km":0.123,"sea_km":0.52,"parts":3,"samples":[[18.57019,54.43195],[18.57529,54.43393],[18.57529,54.43492],[18.57699,54.43393],[18.57699,54.43492]]},"geometry":{"type":"MultiPolygon","coordinates":[[[[18.57164037,54.43209096],[18.57161737,54.43208558],[18.57157483,54.43207482],[18.5714373,54.43225804],[18.57142142,54.4322794],[18.57141604,54.43228658],[18.5714001,54.43229198],[18.57109627,54.43228445],[18.57104154,54.43229427],[18.57099333,54.43235915],[18.57095838,54.43234988],[18.57069804,54.43228094],[18.57065771,54.43227313],[18.57039738,54.43220401],[18.57036273,54.43219483],[18.57010701,54.43212443],[18.57007267,54.43211525],[18.56981358,54.43204666],[18.56981804,54.4320407],[18.56981666,54.43202841],[18.56969214,54.43183995],[18.56962618,54.4318233],[18.56963583,54.4318086],[18.56935085,54.43173906],[18.56934513,54.43173773],[18.5694936,54.4315755],[18.5695153,54.43155176],[18.5695241,54.43154139],[18.56946097,54.43152372],[18.56945304,54.43152149],[18.56947177,54.43148538],[18.56956081,54.43145674],[18.56978458,54.43151371],[18.56980737,54.43155664],[18.57005836,54.43166145],[18.57007956,54.4316797],[18.57034426,54.4316842],[18.57039229,54.43174724],[18.57069315,54.4317981],[18.57070016,54.43180898],[18.57098299,54.43188977],[18.57103754,54.43187815],[18.57125559,54.43196813],[18.57140573,54.43193937],[18.57164037,54.43209096]]],[[[18.57240734,54.43246242],[18.57242664,54.43244212],[18.57242973,54.43244318],[18.57249259,54.43237523],[18.57252797,54.43233724],[18.57280757,54.43242935],[18.57284782,54.43244255],[18.57290728,54.43246212],[18.5729234,54.43249416],[18.57276123,54.4325319],[18.57276488,54.43252812],[18.57270275,54.43253721],[18.57258758,54.43265626],[18.5723665,54.43258346],[18.57237378,54.43257534],[18.57245925,54.43248194],[18.57240734,54.43246242]]],[[[18.57276008,54.43439341],[18.57292421,54.43436011],[18.57341186,54.4339862],[18.57348812,54.4340118],[18.5736413,54.43395514],[18.57370777,54.43384007],[18.57386144,54.43374252],[18.57389483,54.43369945],[18.57404938,54.43355903],[18.574188,54.43351012],[18.57424506,54.4334163],[18.57436674,54.43328633],[18.57437174,54.43328384],[18.57455501,54.43313605],[18.57467568,54.43312084],[18.57478641,54.4331919],[18.5749322,54.43308851],[18.5751029,54.43306701],[18.57605807,54.43282036],[18.57651466,54.43290175],[18.57747798,54.43298704],[18.57743961,54.433143],[18.57788946,54.43374008],[18.57792911,54.43416975],[18.57774715,54.43428108],[18.57794859,54.43438094],[18.57794905,54.43438584],[18.57855494,54.43468807],[18.578315,54.43487671],[18.57811307,54.43488577],[18.57820589,54.43493161],[18.57815351,54.43496654],[18.57780687,54.43478949],[18.57765937,54.43488741],[18.57751186,54.43498533],[18.57736436,54.43508315],[18.57721531,54.43518072],[18.57706904,54.43527908],[18.57692138,54.43537709],[18.57673479,54.4352823],[18.57665616,54.43533434],[18.5765685,54.43539216],[18.57652055,54.43542383],[18.57643534,54.43548013],[18.57647354,54.4355007],[18.57670431,54.43562475],[18.57657831,54.4357064],[18.57658669,54.43571067],[18.57661043,54.43572277],[18.57667099,54.43575366],[18.57669225,54.43576443],[18.57678384,54.43581116],[18.57686565,54.43585282],[18.57674575,54.43593128],[18.57667478,54.43598059],[18.57661202,54.43602231],[18.57642998,54.43614151],[18.57618721,54.43604078],[18.57612533,54.43601454],[18.57600905,54.43596525],[18.57588154,54.43594952],[18.57557276,54.43583589],[18.57573808,54.43571085],[18.57567219,54.43568322],[18.57561856,54.43566057],[18.57544774,54.43578941],[18.57533519,54.43574224],[18.57539928,54.435675],[18.57563002,54.4355217],[18.57506424,54.43529017],[18.5744848,54.43505304],[18.5745675,54.43498293],[18.57437283,54.43495977],[18.57374541,54.43469592],[18.57374313,54.43469772],[18.57334611,54.43501631],[18.57311553,54.43492418],[18.5730799,54.43492451],[18.57281967,54.43482106],[18.57274831,54.43484278],[18.57273916,54.43484557],[18.57265658,54.43452978],[18.57273752,54.43443442],[18.57271988,54.43442846],[18.57276008,54.43439341]]]]}},{"type":"Feature","properties":{"postcode":"81-741","address_count":12,"both_agree_count":6,"source_conflict_count":6,"unresolved_count":0,"area_m2":33931,"support100_pct":84,"streets":"Jana z Kolna","label":[18.566655,54.433575],"label_r_km":0.05,"sea_km":1.03,"parts":2,"samples":[[18.56519,54.43227],[18.56519,54.43326],[18.56689,54.43326]]},"geometry":{"type":"MultiPolygon","coordinates":[[[[18.5648461,54.43310835],[18.5648011,54.43316218],[18.56464119,54.43334522],[18.56474953,54.43301607],[18.56468304,54.43295255],[18.56433949,54.43274444],[18.56449627,54.43209435],[18.56469307,54.43181138],[18.56475163,54.43177297],[18.56516503,54.43191739],[18.56516717,54.43191197],[18.56523306,54.43193979],[18.56524156,54.43194412],[18.56571868,54.4321108],[18.56567721,54.4322056],[18.56571853,54.43222729],[18.56638073,54.43233387],[18.56624718,54.43253612],[18.56614889,54.43248509],[18.5661468,54.43249004],[18.56624427,54.43254054],[18.56589488,54.4330696],[18.56581068,54.43318559],[18.56572106,54.43329998],[18.56607883,54.43324228],[18.56665997,54.43305835],[18.56690654,54.43305177],[18.56690614,54.43305035],[18.56688489,54.43300696],[18.56700473,54.43293479],[18.56726518,54.4330695],[18.56726916,54.43306679],[18.56723422,54.43304863],[18.56769504,54.43309384],[18.56775169,54.43324024],[18.56802152,54.4333346],[18.56815295,54.4334911],[18.56811647,54.43350583],[18.56811855,54.4335069],[18.56787635,54.43366779],[18.56767951,54.43366529],[18.56766878,54.43366516],[18.56753659,54.43379761],[18.56745392,54.43381918],[18.56731574,54.43402836],[18.56695169,54.43416326],[18.56692016,54.43416389],[18.56686689,54.43413657],[18.56682347,54.43416585],[18.56632404,54.43417591],[18.56584027,54.43377808],[18.56546211,54.43338617],[18.56510436,54.43335509],[18.5648461,54.43310835]]],[[[18.56876984,54.43455542],[18.56875592,54.43454783],[18.56873782,54.43451255],[18.56881315,54.43446362],[18.56869703,54.43440352],[18.56868562,54.43441084],[18.56865834,54.43435769],[18.56872532,54.43430278],[18.56878662,54.43426286],[18.56874395,54.43424122],[18.56845756,54.43409316],[18.56851302,54.43405486],[18.56838579,54.43401576],[18.56827429,54.43392169],[18.56828037,54.43388958],[18.56829597,54.43387195],[18.56826594,54.43385624],[18.56846643,54.43372117],[18.56853128,54.4337187],[18.56849666,54.43370071],[18.56846276,54.43368344],[18.568485,54.4336583],[18.56864704,54.43369222],[18.5688345,54.433751],[18.56890154,54.43382411],[18.56908943,54.43388147],[18.56917141,54.4339739],[18.56936758,54.43401683],[18.56948547,54.4341364],[18.56970872,54.43418282],[18.56977704,54.43425887],[18.56996849,54.434346],[18.56985326,54.43440349],[18.56981149,54.43438256],[18.56971748,54.43443861],[18.56969701,54.43445209],[18.56962906,54.43449689],[18.56964753,54.43450642],[18.56962706,54.4345199],[18.5694822,54.43444269],[18.56933739,54.43453681],[18.56924058,54.43449073],[18.56923647,54.43449353],[18.56903807,54.43462393],[18.56882975,54.43451638],[18.56876984,54.43455542]]]]}},{"type":"Feature","properties":{"postcode":"81-742","address_count":11,"both_agree_count":6,"source_conflict_count":0,"unresolved_count":5,"area_m2":9592,"support100_pct":100,"streets":"Władysława IV; Władysława Syrokomli","label":[18.568453,54.43482],"label_r_km":0.032,"sea_km":0.86,"parts":2,"samples":[[18.5685,54.43484]]},"geometry":{"type":"MultiPolygon","coordinates":[[[[18.56765175,54.43505397],[18.56764815,54.43504442],[18.56766613,54.43500631],[18.56764841,54.4350053],[18.56769987,54.43497146],[18.56796353,54.43480041],[18.56780243,54.43471743],[18.56791486,54.4344791],[18.56796486,54.43448051],[18.56843445,54.43439734],[18.56851567,54.43443933],[18.56863456,54.4343619],[18.56865834,54.43435769],[18.56868562,54.43441084],[18.56869703,54.43440352],[18.56881315,54.43446362],[18.56873782,54.43451255],[18.56875592,54.43454783],[18.56876984,54.43455542],[18.56882975,54.43451638],[18.56903807,54.43462393],[18.56923647,54.43449353],[18.56924058,54.43449073],[18.56933739,54.43453681],[18.5694822,54.43444269],[18.56962706,54.4345199],[18.56964753,54.43450642],[18.56962906,54.43449689],[18.56969701,54.43445209],[18.56971748,54.43443861],[18.56981149,54.43438256],[18.56985326,54.43440349],[18.56996849,54.434346],[18.57015178,54.43438961],[18.57010703,54.43461768],[18.57003497,54.43467774],[18.56995125,54.43468709],[18.56976068,54.43474516],[18.56960601,54.43487909],[18.56960933,54.43503261],[18.56948716,54.43513447],[18.56942311,54.43519473],[18.56896684,54.43501297],[18.56891207,54.43504012],[18.56886767,54.43501708],[18.56873861,54.43510224],[18.56858329,54.43520521],[18.56851505,54.43517587],[18.56839736,54.43520482],[18.56838053,54.43519773],[18.56836071,54.43521384],[18.56829026,54.43523116],[18.5682851,54.43522898],[18.56824773,54.43521317],[18.56821022,54.43519735],[18.56817285,54.43518154],[18.56813534,54.43516582],[18.56809798,54.43514999],[18.56806046,54.43513418],[18.56802326,54.43511845],[18.56798325,54.43510148],[18.56793954,54.43508309],[18.56799668,54.43503556],[18.56798738,54.43503165],[18.56784695,54.43501946],[18.56782774,54.43503411],[18.56779385,54.43505798],[18.56776332,54.43507942],[18.56773296,54.43510095],[18.5677035,54.43512166],[18.56767133,54.43510585],[18.56765529,54.43506333],[18.56765584,54.43506294],[18.56766224,54.43505834],[18.56765175,54.43505397]]],[[[18.56788419,54.43514794],[18.56792186,54.43516394],[18.56795906,54.43517967],[18.56803503,54.43521211],[18.56800684,54.43523506],[18.56798752,54.43525086],[18.56786449,54.43518632],[18.56780409,54.43516463],[18.56784527,54.43513142],[18.56788419,54.43514794]]]]}},{"type":"Feature","properties":{"postcode":"81-743","address_count":61,"both_agree_count":37,"source_conflict_count":21,"unresolved_count":3,"area_m2":81266,"support100_pct":100,"streets":"3 Maja; Józefa Golca; Króla Jana Kazimierza; Władysława IV","label":[18.566613,54.435468],"label_r_km":0.075,"sea_km":0.91,"parts":1,"samples":[[18.5657,54.43497],[18.5657,54.43596],[18.5674,54.43399],[18.5674,54.43497],[18.5674,54.43596],[18.5691,54.43596],[18.5708,54.43497],[18.5708,54.43596]]},"geometry":{"type":"Polygon","coordinates":[[[18.565797,54.4361268],[18.56559328,54.43610646],[18.56565299,54.43584366],[18.56537479,54.43582088],[18.56544561,54.43555749],[18.56535088,54.43554532],[18.56531781,54.43546832],[18.56522048,54.43545535],[18.56485096,54.43525854],[18.56489705,54.43526374],[18.56497933,54.43527243],[18.5649944,54.43523669],[18.56511699,54.43525274],[18.56515975,54.43517148],[18.56517206,54.43493132],[18.56530437,54.43482542],[18.56529936,54.43470112],[18.56534073,54.4346626],[18.56546234,54.43463349],[18.56592325,54.43464715],[18.5659406,54.43460245],[18.56596794,54.43452946],[18.56625171,54.43440944],[18.56630608,54.43441711],[18.56636358,54.434389],[18.56632404,54.43417591],[18.56682347,54.43416585],[18.56686689,54.43413657],[18.56692016,54.43416389],[18.56695169,54.43416326],[18.56731574,54.43402836],[18.56745392,54.43381918],[18.56753659,54.43379761],[18.56766878,54.43366516],[18.56767951,54.43366529],[18.56787635,54.43366779],[18.56811855,54.4335069],[18.56811647,54.43350583],[18.56815295,54.4334911],[18.56820243,54.4334978],[18.56846265,54.43362775],[18.568485,54.4336583],[18.56846276,54.43368344],[18.56849666,54.43370071],[18.56853128,54.4337187],[18.56846643,54.43372117],[18.56826594,54.43385624],[18.56829597,54.43387195],[18.56828037,54.43388958],[18.56827429,54.43392169],[18.56838579,54.43401576],[18.56851302,54.43405486],[18.56845756,54.43409316],[18.56874395,54.43424122],[18.56878662,54.43426286],[18.56872532,54.43430278],[18.56865834,54.43435769],[18.56863456,54.4343619],[18.56851567,54.43443933],[18.56843445,54.43439734],[18.56796486,54.43448051],[18.56791486,54.4344791],[18.56780243,54.43471743],[18.56796353,54.43480041],[18.56769987,54.43497146],[18.56764841,54.4350053],[18.56766613,54.43500631],[18.56764815,54.43504442],[18.56765175,54.43505397],[18.56766224,54.43505834],[18.56765584,54.43506294],[18.56765529,54.43506333],[18.56767133,54.43510585],[18.5677035,54.43512166],[18.56773296,54.43510095],[18.56776332,54.43507942],[18.56779385,54.43505798],[18.56782774,54.43503411],[18.56784695,54.43501946],[18.56798738,54.43503165],[18.56799668,54.43503556],[18.56793954,54.43508309],[18.56798325,54.43510148],[18.56802326,54.43511845],[18.56806046,54.43513418],[18.56809798,54.43514999],[18.56813534,54.43516582],[18.56817285,54.43518154],[18.56821022,54.43519735],[18.56824773,54.43521317],[18.5682851,54.43522898],[18.56829026,54.43523116],[18.56836071,54.43521384],[18.56838053,54.43519773],[18.56839736,54.43520482],[18.56851505,54.43517587],[18.56858329,54.43520521],[18.56873861,54.43510224],[18.56886767,54.43501708],[18.56891207,54.43504012],[18.56896684,54.43501297],[18.56942311,54.43519473],[18.56948716,54.43513447],[18.56960933,54.43503261],[18.56960601,54.43487909],[18.56976068,54.43474516],[18.56995125,54.43468709],[18.57003497,54.43467774],[18.57010703,54.43461768],[18.57013438,54.43459487],[18.57016073,54.43457273],[18.57017343,54.43459899],[18.57018936,54.43463584],[18.570218,54.43474438],[18.57028264,54.43478352],[18.57037676,54.43500328],[18.5704402,54.43499736],[18.57047699,54.43499459],[18.57055527,54.43489439],[18.57055831,54.43489034],[18.57076296,54.4349555],[18.57110803,54.43506582],[18.57128575,54.43512256],[18.57145882,54.43517781],[18.57182387,54.43529432],[18.57190035,54.4353184],[18.57182795,54.43537668],[18.57147694,54.43565974],[18.57124999,54.43584195],[18.57140008,54.43590646],[18.57152731,54.43596732],[18.57153351,54.43596998],[18.57140193,54.43611678],[18.57134469,54.43615712],[18.57165278,54.43628962],[18.57177203,54.4363418],[18.57145656,54.43653223],[18.57144266,54.43654065],[18.57137952,54.4365786],[18.57119233,54.43669412],[18.57109374,54.43675344],[18.57092469,54.43685505],[18.57080243,54.43692965],[18.57070264,54.43699077],[18.57057472,54.43706936],[18.57055944,54.43707896],[18.57063513,54.43712058],[18.57060038,54.43717464],[18.57043946,54.43718178],[18.57006635,54.43704161],[18.57007579,54.4370132],[18.56981024,54.43676804],[18.56960718,54.43675746],[18.56957455,54.43673984],[18.56937788,54.43648335],[18.56927784,54.43649735],[18.56905309,54.43646256],[18.56896662,54.43651814],[18.56890744,54.43649665],[18.56873385,54.43669458],[18.56872303,54.43670389],[18.56859757,54.43665865],[18.56852089,54.43663099],[18.56846791,54.43661192],[18.56834149,54.43656436],[18.56834862,54.43655642],[18.56851025,54.43637498],[18.56843427,54.43635167],[18.56846657,54.43627738],[18.56833786,54.43619965],[18.56810542,54.43632139],[18.56799431,54.43631161],[18.56776971,54.43629187],[18.56776971,54.43629186],[18.5677276,54.43628816],[18.56762103,54.43631481],[18.56742688,54.43627091],[18.56739745,54.43627139],[18.56739856,54.43627581],[18.56738521,54.43628009],[18.56735383,54.43631779],[18.56735627,54.43632739],[18.56734263,54.4363316],[18.56731517,54.43636398],[18.56713816,54.43631386],[18.5671516,54.43629765],[18.5670191,54.43634492],[18.56677076,54.43634811],[18.56669266,54.43631441],[18.56667029,54.43630775],[18.56668458,54.43625984],[18.56680574,54.43627176],[18.56680486,54.43627464],[18.56695781,54.43628973],[18.56695869,54.43628694],[18.56703941,54.43629492],[18.56699799,54.43624193],[18.5668875,54.4362323],[18.56688662,54.43623544],[18.56677811,54.436224],[18.56677871,54.43622283],[18.56676714,54.43622181],[18.56661637,54.43620859],[18.5666098,54.43623476],[18.5665981,54.43629133],[18.56628187,54.43626822],[18.56623957,54.43622714],[18.56597459,54.43614409],[18.56595766,54.43614249],[18.565797,54.4361268]],[[18.56799611,54.43572639],[18.56799165,54.43577309],[18.56812784,54.43585405],[18.56829436,54.43591709],[18.56837294,54.43591229],[18.56825204,54.43605958],[18.56838628,54.43591147],[18.56875573,54.43588893],[18.56875902,54.43588532],[18.56877314,54.43586989],[18.56878862,54.43585266],[18.56894946,54.43567689],[18.56891406,54.43559734],[18.56872986,54.43553014],[18.56874492,54.43551298],[18.56871428,54.43550414],[18.56872444,54.43549188],[18.56821695,54.43535033],[18.56814161,54.43544053],[18.56800421,54.43560244],[18.56791854,54.43570419],[18.56799611,54.43572639]],[[18.5712617,54.43603064],[18.57126912,54.43603197],[18.571282,54.43600513],[18.57129472,54.4359783],[18.57131284,54.43594012],[18.57121844,54.43592322],[18.57120109,54.43596139],[18.571213,54.43596354],[18.5712617,54.43603064]],[[18.56800684,54.43523506],[18.56803503,54.43521211],[18.56795906,54.43517967],[18.56792186,54.43516394],[18.56788419,54.43514794],[18.56784527,54.43513142],[18.56780409,54.43516463],[18.56786449,54.43518632],[18.56798752,54.43525086],[18.56800684,54.43523506]],[[18.56806737,54.43541006],[18.56811131,54.43542297],[18.56815375,54.43537138],[18.5681095,54.43535874],[18.56806803,54.4353469],[18.56803328,54.43533697],[18.56802765,54.435396],[18.56802604,54.43539794],[18.56806737,54.43541006]],[[18.56963153,54.43580633],[18.56942513,54.43579633],[18.56935384,54.43578583],[18.5691251,54.43572982],[18.56908214,54.43572409],[18.56904785,54.43572891],[18.56902914,54.43573361],[18.56896961,54.43576306],[18.56893403,54.43578811],[18.56892359,54.43581324],[18.56894011,54.43584081],[18.56900195,54.43585551],[18.5691747,54.43591175],[18.5692912,54.43594968],[18.56941424,54.43599632],[18.56944528,54.43600785],[18.56947363,54.43602449],[18.56948792,54.43604477],[18.56952294,54.43605784],[18.569559,54.43606031],[18.56962386,54.43605209],[18.5696677,54.4360339],[18.56971784,54.43601718],[18.56972635,54.43596983],[18.56972923,54.43590152],[18.56973312,54.43585407],[18.56972331,54.43583327],[18.5696931,54.43581734],[18.56963153,54.43580633]]]}},{"type":"Feature","properties":{"postcode":"81-744","address_count":10,"both_agree_count":10,"source_conflict_count":0,"unresolved_count":0,"area_m2":7391,"support100_pct":100,"streets":"Bartosza Głowackiego","label":[18.568245,54.43177],"label_r_km":0.027,"sea_km":0.93,"parts":1,"samples":[[18.56781,54.43179]]},"geometry":{"type":"Polygon","coordinates":[[[18.56772984,54.43176501],[18.56785403,54.43165249],[18.56803652,54.4315094],[18.56822155,54.43137178],[18.56823733,54.43135383],[18.56823335,54.43133427],[18.56821479,54.43131764],[18.56818964,54.43130482],[18.56816067,54.43129409],[18.56832609,54.4313315],[18.56831408,54.43129867],[18.56835539,54.43131069],[18.56847141,54.43137663],[18.56837392,54.43142452],[18.56832279,54.43146071],[18.56856409,54.4315363],[18.56870757,54.43158108],[18.56885167,54.43162641],[18.5687319,54.43175743],[18.56872081,54.43176934],[18.56862562,54.43187338],[18.56861242,54.431888],[18.56853044,54.43197732],[18.56849263,54.43201892],[18.56844983,54.43206558],[18.56837271,54.43214986],[18.56822861,54.43210498],[18.56809927,54.43223587],[18.56800337,54.43233307],[18.56788967,54.43244726],[18.56780049,54.43257365],[18.5677269,54.43267848],[18.56726293,54.43253862],[18.56714986,54.43273178],[18.56716879,54.43277491],[18.56713496,54.43275736],[18.56702287,54.43269823],[18.5669872,54.43268106],[18.56696531,54.43266975],[18.56700984,54.43265876],[18.56707175,54.43255425],[18.56724917,54.43230032],[18.56728421,54.43224868],[18.56738512,54.43212431],[18.56740988,54.43209742],[18.56749672,54.43200313],[18.56753795,54.43195369],[18.56772984,54.43176501]]]}},{"type":"Feature","properties":{"postcode":"81-745","address_count":16,"both_agree_count":15,"source_conflict_count":0,"unresolved_count":1,"area_m2":291971,"support100_pct":47,"streets":"Polna","label":[18.570241,54.425667],"label_r_km":0.204,"sea_km":0.24,"parts":1,"samples":[[18.56584,54.42798],[18.56584,54.42896],[18.56584,54.42995],[18.56584,54.43094],[18.56754,54.42402],[18.56754,54.42501],[18.56754,54.426],[18.56754,54.42699],[18.56754,54.42798],[18.56754,54.42896],[18.56754,54.42995],[18.56754,54.43094],[18.56754,54.43193],[18.56924,54.42402],[18.56924,54.42501],[18.56924,54.426],[18.56924,54.42699],[18.56924,54.42798],[18.56924,54.42896],[18.57094,54.42402],[18.57094,54.42501],[18.57094,54.426],[18.57094,54.42699],[18.57094,54.42798],[18.57264,54.42402],[18.57264,54.42501],[18.57264,54.426]]},"geometry":{"type":"Polygon","coordinates":[[[18.56662071,54.42699414],[18.56673759,54.42658861],[18.56663765,54.4265055],[18.56648282,54.42617789],[18.56687491,54.4254885],[18.56684573,54.42542137],[18.56688914,54.42512218],[18.56697124,54.42497133],[18.56730619,54.42469078],[18.56714896,54.42378629],[18.56750751,54.42376642],[18.5675693,54.423763],[18.56757038,54.42376291],[18.56759501,54.42376098],[18.56759978,54.42376061],[18.56916497,54.42363561],[18.57056189,54.42352402],[18.57061239,54.42353294],[18.57069114,54.42354803],[18.57090438,54.42358888],[18.57279574,54.4239465],[18.57299469,54.42399984],[18.57321144,54.42405795],[18.5732681,54.42490193],[18.57363763,54.4263808],[18.57203686,54.42718323],[18.57128676,54.42765285],[18.57126325,54.42766526],[18.5709153,54.42809291],[18.57015379,54.42868247],[18.57012316,54.42872729],[18.56942174,54.42936052],[18.56922046,54.42961351],[18.56910655,54.42968578],[18.56887968,54.42980462],[18.56854538,54.43077087],[18.56886438,54.43126838],[18.56889995,54.431273],[18.56887783,54.43128937],[18.56893335,54.43137594],[18.56922412,54.43145738],[18.56945304,54.43152149],[18.56946097,54.43152372],[18.5695241,54.43154139],[18.5695153,54.43155176],[18.56944784,54.43153241],[18.56938815,54.43151822],[18.5693464,54.43150647],[18.56889588,54.43138021],[18.56870757,54.43158108],[18.56856409,54.4315363],[18.56832279,54.43146071],[18.56837392,54.43142452],[18.56847141,54.43137663],[18.56835539,54.43131069],[18.56831408,54.43129867],[18.56832609,54.4313315],[18.56816067,54.43129409],[18.56818964,54.43130482],[18.56821479,54.43131764],[18.56823335,54.43133427],[18.56823733,54.43135383],[18.56822155,54.43137178],[18.56803652,54.4315094],[18.56785403,54.43165249],[18.56772984,54.43176501],[18.56753795,54.43195369],[18.56749672,54.43200313],[18.56740988,54.43209742],[18.56659584,54.43186144],[18.56673676,54.43144831],[18.56651904,54.43144569],[18.56647328,54.43157882],[18.56613315,54.4315328],[18.56559289,54.43145797],[18.56563348,54.43139094],[18.56526364,54.43128768],[18.56512918,54.43106135],[18.56512202,54.43091062],[18.56499282,54.43074669],[18.56577673,54.42996176],[18.56578939,54.42991122],[18.56575187,54.42988085],[18.56574349,54.42985606],[18.56569898,54.42985141],[18.56571141,54.4297925],[18.56571646,54.42977607],[18.56563819,54.42954446],[18.56526956,54.42922036],[18.56534009,54.42903091],[18.56580497,54.42885903],[18.56618904,54.42848747],[18.56623746,54.42832323],[18.5655626,54.4279412],[18.56568855,54.42753491],[18.56662071,54.42699414]],[[18.56697684,54.42678754],[18.56676177,54.42660871],[18.56665059,54.42697681],[18.56697684,54.42678754]],[[18.56620215,54.42847479],[18.56631402,54.42836656],[18.56624827,54.42832934],[18.56620215,54.42847479]]]}},{"type":"Feature","properties":{"postcode":"81-746","address_count":17,"both_agree_count":11,"source_conflict_count":6,"unresolved_count":0,"area_m2":29127,"support100_pct":71,"streets":"Jana z Kolna","label":[18.565772,54.431842],"label_r_km":0.027,"sea_km":0.98,"parts":1,"samples":[[18.5656,54.43178],[18.5673,54.43277],[18.569,54.43376]]},"geometry":{"type":"Polygon","coordinates":[[[18.56475163,54.43177297],[18.56526364,54.43128768],[18.56563348,54.43139094],[18.56559289,54.43145797],[18.56613315,54.4315328],[18.56647328,54.43157882],[18.56651904,54.43144569],[18.56673676,54.43144831],[18.56659584,54.43186144],[18.56740988,54.43209742],[18.56738512,54.43212431],[18.56728421,54.43224868],[18.56724917,54.43230032],[18.56707175,54.43255425],[18.56700984,54.43265876],[18.56696531,54.43266975],[18.5669872,54.43268106],[18.56702287,54.43269823],[18.56713496,54.43275736],[18.56716879,54.43277491],[18.56714986,54.43273178],[18.56726293,54.43253862],[18.5677269,54.43267848],[18.56766184,54.4327211],[18.56799938,54.43286893],[18.56796296,54.43289831],[18.56775395,54.43304134],[18.56768942,54.43304397],[18.56772403,54.43306187],[18.56782774,54.43311636],[18.56786249,54.43313417],[18.5678575,54.43309574],[18.56807077,54.4329491],[18.56839476,54.43307533],[18.56841135,54.4330819],[18.56842142,54.43308581],[18.56858813,54.43315071],[18.56863989,54.43317077],[18.56865276,54.43317582],[18.56886163,54.43325714],[18.56897505,54.43330135],[18.56911234,54.43335479],[18.56914007,54.43336562],[18.56918112,54.43338052],[18.56929733,54.43342517],[18.56946734,54.43351583],[18.56957649,54.43357398],[18.56957866,54.43357504],[18.56961623,54.43355043],[18.56966083,54.4335212],[18.56991336,54.43323888],[18.56992352,54.43322734],[18.57005518,54.43326418],[18.57014181,54.43328803],[18.57022139,54.43331398],[18.57005314,54.43352825],[18.57021802,54.43359305],[18.5701423,54.43367751],[18.57011801,54.43370413],[18.57008916,54.43373517],[18.57001159,54.43382053],[18.56998289,54.43385193],[18.57039075,54.43397858],[18.57032236,54.43405318],[18.57046432,54.43411718],[18.57019495,54.43437423],[18.57015178,54.43438961],[18.56996849,54.434346],[18.56977704,54.43425887],[18.56970872,54.43418282],[18.56948547,54.4341364],[18.56936758,54.43401683],[18.56917141,54.4339739],[18.56908943,54.43388147],[18.56890154,54.43382411],[18.5688345,54.433751],[18.56864704,54.43369222],[18.568485,54.4336583],[18.56846265,54.43362775],[18.56820243,54.4334978],[18.56815295,54.4334911],[18.56802152,54.4333346],[18.56775169,54.43324024],[18.56769504,54.43309384],[18.56723422,54.43304863],[18.56726916,54.43306679],[18.56726518,54.4330695],[18.56700473,54.43293479],[18.56688489,54.43300696],[18.56690614,54.43305035],[18.56690654,54.43305177],[18.56665997,54.43305835],[18.56607883,54.43324228],[18.56572106,54.43329998],[18.56581068,54.43318559],[18.56589488,54.4330696],[18.56624427,54.43254054],[18.5661468,54.43249004],[18.56614889,54.43248509],[18.56624718,54.43253612],[18.56638073,54.43233387],[18.56571853,54.43222729],[18.56567721,54.4322056],[18.56571868,54.4321108],[18.56524156,54.43194412],[18.56523306,54.43193979],[18.56516717,54.43191197],[18.56516503,54.43191739],[18.56475163,54.43177297]]]}},{"type":"Feature","properties":{"postcode":"81-747","address_count":50,"both_agree_count":50,"source_conflict_count":0,"unresolved_count":0,"area_m2":50951,"support100_pct":100,"streets":"3 Maja; Stefana Okrzei","label":[18.5725,54.435773],"label_r_km":0.052,"sea_km":0.58,"parts":3,"samples":[[18.57192,54.43618],[18.57192,54.43717],[18.57362,54.43519]]},"geometry":{"type":"MultiPolygon","coordinates":[[[[18.5712617,54.43603064],[18.571213,54.43596354],[18.57120109,54.43596139],[18.57121844,54.43592322],[18.57131284,54.43594012],[18.57129472,54.4359783],[18.571282,54.43600513],[18.57126912,54.43603197],[18.5712617,54.43603064]]],[[[18.57028018,54.43742619],[18.57031951,54.43736583],[18.57027827,54.43734318],[18.57028791,54.43733738],[18.57039844,54.43727271],[18.57041833,54.43726174],[18.57039553,54.4372492],[18.57043946,54.43718178],[18.57060038,54.43717464],[18.57063513,54.43712058],[18.57055944,54.43707896],[18.57057472,54.43706936],[18.57070264,54.43699077],[18.57080243,54.43692965],[18.57092469,54.43685505],[18.57109374,54.43675344],[18.57119233,54.43669412],[18.57137952,54.4365786],[18.57144266,54.43654065],[18.57145656,54.43653223],[18.57177203,54.4363418],[18.57165278,54.43628962],[18.57134469,54.43615712],[18.57140193,54.43611678],[18.57153351,54.43596998],[18.57152731,54.43596732],[18.57140008,54.43590646],[18.57124999,54.43584195],[18.57147694,54.43565974],[18.57182795,54.43537668],[18.57187941,54.43533525],[18.57221406,54.43528825],[18.57242506,54.43511778],[18.57242764,54.43511715],[18.57245191,54.4350953],[18.57272498,54.4348499],[18.57273916,54.43484557],[18.57274831,54.43484278],[18.57281967,54.43482106],[18.5730799,54.43492451],[18.57311553,54.43492418],[18.57334611,54.43501631],[18.57374313,54.43469772],[18.57374541,54.43469592],[18.57437283,54.43495977],[18.5745675,54.43498293],[18.5744848,54.43505304],[18.57506424,54.43529017],[18.5747848,54.43545105],[18.5744995,54.43542456],[18.57435957,54.43544186],[18.57419463,54.43537526],[18.5740726,54.43537889],[18.57400281,54.4354139],[18.57381232,54.43550955],[18.5736546,54.43552905],[18.57347599,54.43562435],[18.57347381,54.43570653],[18.57335881,54.43578272],[18.57351627,54.43592231],[18.57346884,54.43589457],[18.5734678,54.4359336],[18.57339733,54.43593738],[18.57354017,54.43600064],[18.57373772,54.43609253],[18.57444492,54.43642148],[18.57448452,54.43643198],[18.57440674,54.4364912],[18.57412873,54.4363503],[18.574011,54.43629704],[18.57376135,54.43617757],[18.57341781,54.43602449],[18.57328486,54.43596528],[18.57314639,54.43604468],[18.57307647,54.43623647],[18.57308593,54.43624132],[18.57307108,54.43625121],[18.57305038,54.436308],[18.57304117,54.43631414],[18.57304705,54.43631715],[18.57303702,54.43634467],[18.5730516,54.43635685],[18.57309355,54.43637365],[18.57306181,54.43640047],[18.57334832,54.43649982],[18.57336149,54.43650444],[18.5731747,54.43666075],[18.57311738,54.43669372],[18.5731296,54.43669744],[18.57316055,54.43670664],[18.5734845,54.43680393],[18.57347855,54.43680827],[18.57345912,54.43681833],[18.57332048,54.43689042],[18.57309145,54.43701128],[18.57305718,54.4370294],[18.57286285,54.43713185],[18.57280211,54.43716395],[18.57263443,54.43725243],[18.5726714,54.43727309],[18.57259674,54.43731316],[18.57256083,54.43729132],[18.57254813,54.43729793],[18.57233606,54.43740972],[18.57225161,54.43745433],[18.57218061,54.43749176],[18.57203372,54.43756919],[18.57195786,54.4375204],[18.57179988,54.43751242],[18.57171716,54.43745964],[18.57155603,54.43754378],[18.57155308,54.43754209],[18.5715318,54.4375305],[18.57150361,54.43751497],[18.5713086,54.43759256],[18.57129037,54.43765493],[18.57166744,54.43781414],[18.57167589,54.43785292],[18.57199889,54.43796513],[18.57206277,54.43802031],[18.5720627,54.43802072],[18.57235797,54.43818816],[18.57235949,54.43819285],[18.57247853,54.43828387],[18.57248821,54.43830643],[18.57280865,54.43840893],[18.5727864,54.4385344],[18.57273078,54.4385455],[18.57269985,54.43852854],[18.5726635,54.43850868],[18.57237204,54.43869694],[18.5724877,54.43875569],[18.57254669,54.4387856],[18.57263424,54.43881978],[18.57249613,54.43894028],[18.57248201,54.43893343],[18.5723831,54.43900335],[18.57223361,54.43892733],[18.57220912,54.43894427],[18.57183715,54.43874039],[18.57206163,54.43854311],[18.57195241,54.43842141],[18.57195722,54.43841742],[18.57194394,54.43841195],[18.57192265,54.43838823],[18.57188512,54.43836675],[18.57188441,54.43836376],[18.57182637,54.43834051],[18.57187206,54.43831188],[18.57186036,54.43826271],[18.57199285,54.43815275],[18.57187607,54.43809131],[18.57179091,54.43816224],[18.57172106,54.43814998],[18.57166621,54.43819544],[18.57151274,54.43813211],[18.57150159,54.43812758],[18.57144734,54.43810531],[18.57138117,54.43813261],[18.57132562,54.43811017],[18.57127721,54.43815281],[18.57127566,54.43815219],[18.57123166,54.43819102],[18.57123567,54.43819266],[18.5711652,54.43822172],[18.57114581,54.43821372],[18.57112443,54.43823172],[18.57109968,54.43823444],[18.57103355,54.43828837],[18.57063696,54.43813256],[18.57059559,54.43811631],[18.57071487,54.43801298],[18.57064547,54.4378934],[18.57046012,54.43781493],[18.57039261,54.43779589],[18.57036515,54.4376793],[18.57038048,54.43760638],[18.57028018,54.43742619]],[[18.57358919,54.43554856],[18.57356732,54.43553985],[18.57347794,54.4355509],[18.57347602,54.43562351],[18.57358919,54.43554856]]],[[[18.56970706,54.43721031],[18.56961947,54.43715193],[18.56963687,54.43713721],[18.56940431,54.43702753],[18.56938334,54.43701667],[18.5693804,54.43698254],[18.56937743,54.43694635],[18.56939791,54.4369334],[18.56936721,54.4369168],[18.56953995,54.43679091],[18.56958663,54.43681572],[18.56964451,54.43677762],[18.56960718,54.43675746],[18.56981024,54.43676804],[18.57007579,54.4370132],[18.57006635,54.43704161],[18.56970706,54.43721031]]]]}},{"type":"Feature","properties":{"postcode":"81-748","address_count":2,"both_agree_count":1,"source_conflict_count":1,"unresolved_count":0,"area_m2":1684,"support100_pct":100,"streets":"Książąt Pomorskich","label":[18.571132,54.43914],"label_r_km":0.014,"sea_km":0.45,"parts":1,"samples":[[18.571132,54.43914]]},"geometry":{"type":"Polygon","coordinates":[[[18.57042489,54.43910919],[18.57041863,54.43911774],[18.57036089,54.43910625],[18.57038628,54.4390869],[18.57038629,54.4390869],[18.57046969,54.43902335],[18.57064759,54.4388878],[18.57081999,54.43896601],[18.57082942,54.43895949],[18.57097058,54.43904588],[18.57107674,54.43895806],[18.57147784,54.43904584],[18.57149695,54.43910542],[18.57121193,54.43930279],[18.57105505,54.43926319],[18.57091433,54.43919079],[18.5709071,54.43919254],[18.5708397,54.43920883],[18.57080828,54.4392009],[18.5708044,54.43919454],[18.57055235,54.43914436],[18.5705539,54.43914227],[18.57042489,54.43910919]]]}},{"type":"Feature","properties":{"postcode":"81-749","address_count":9,"both_agree_count":8,"source_conflict_count":0,"unresolved_count":1,"area_m2":21674,"support100_pct":97,"streets":"Książąt Pomorskich","label":[18.56943,54.438714],"label_r_km":0.058,"sea_km":0.56,"parts":2,"samples":[[18.56888,54.43829],[18.57058,54.43829]]},"geometry":{"type":"MultiPolygon","coordinates":[[[[18.5700654,54.43790813],[18.57011519,54.43786524],[18.57019305,54.43785407],[18.57025968,54.43782699],[18.57039261,54.43779589],[18.57046012,54.43781493],[18.57064547,54.4378934],[18.57071487,54.43801298],[18.57059559,54.43811631],[18.57063696,54.43813256],[18.57103355,54.43828837],[18.57104968,54.43829467],[18.5709703,54.43836144],[18.57089796,54.43842096],[18.57088116,54.43850362],[18.57087402,54.43850951],[18.57085852,54.4385033],[18.57083128,54.43852768],[18.5708729,54.43854421],[18.5708682,54.43856734],[18.57076946,54.43852672],[18.57048858,54.43875751],[18.57055012,54.43879307],[18.57057137,54.43880544],[18.57064759,54.4388878],[18.57046969,54.43902335],[18.57038629,54.4390869],[18.57038628,54.4390869],[18.57036089,54.43910625],[18.57012114,54.43915322],[18.57010409,54.43917377],[18.57008367,54.43916822],[18.57006718,54.43916379],[18.56998717,54.43917947],[18.56997899,54.43917724],[18.56994562,54.43920498],[18.56990884,54.43923193],[18.56987695,54.43925526],[18.56984263,54.43928058],[18.56980723,54.43930653],[18.56969737,54.43938701],[18.5695289,54.43950981],[18.56952549,54.4395083],[18.56945151,54.43947532],[18.56919352,54.43937753],[18.56906863,54.43933067],[18.56902913,54.43931658],[18.56876625,54.43922276],[18.56869297,54.43919526],[18.56858545,54.43915515],[18.56802693,54.4389488],[18.56857827,54.43845823],[18.56900732,54.43807646],[18.56905904,54.43807172],[18.56926338,54.43819857],[18.56961068,54.43808339],[18.56968941,54.43798959],[18.56993205,54.43789387],[18.5699996,54.43791959],[18.57003906,54.43789784],[18.5700654,54.43790813]],[[18.57095383,54.43835181],[18.57100686,54.43830737],[18.57096624,54.43829084],[18.57096256,54.43829393],[18.57094805,54.43832379],[18.57092927,54.43834188],[18.57095383,54.43835181]],[[18.56931297,54.4392439],[18.56926434,54.43928303],[18.56933674,54.43931369],[18.5693863,54.4392751],[18.56931297,54.4392439]]],[[[18.57197129,54.43923975],[18.57189884,54.43936718],[18.57193325,54.4393848],[18.57178361,54.43949773],[18.57181543,54.43951394],[18.57175211,54.43962532],[18.57121777,54.43935112],[18.57121193,54.43930279],[18.57149695,54.43910542],[18.57197129,54.43923975]]]]}},{"type":"Feature","properties":{"postcode":"81-750","address_count":16,"both_agree_count":16,"source_conflict_count":0,"unresolved_count":0,"area_m2":19373,"support100_pct":100,"streets":"Dębowa; Lipowa","label":[18.568654,54.437389],"label_r_km":0.044,"sea_km":0.69,"parts":1,"samples":[[18.56788,54.43795]]},"geometry":{"type":"Polygon","coordinates":[[[18.56739221,54.43802458],[18.56734774,54.43801841],[18.56744531,54.43779514],[18.5670275,54.43773151],[18.56708862,54.43766724],[18.56704834,54.43764635],[18.56713364,54.43750167],[18.56727195,54.43746683],[18.56728429,54.43745322],[18.56763701,54.43750278],[18.56771962,54.43751362],[18.56781358,54.43734283],[18.56787643,54.43722861],[18.56791695,54.43717101],[18.5679491,54.43708919],[18.56793121,54.43703258],[18.56801451,54.43704783],[18.56809322,54.4370121],[18.56810158,54.43701426],[18.56810824,54.43700578],[18.56823106,54.43703764],[18.56823303,54.43703484],[18.56828964,54.43704985],[18.56829599,54.43704111],[18.5683192,54.43704693],[18.56833948,54.4370197],[18.568324,54.43701591],[18.56832144,54.43701916],[18.56831417,54.43701722],[18.5683458,54.43697475],[18.56828932,54.43695992],[18.56829129,54.43695722],[18.56824217,54.43694447],[18.56827076,54.43693149],[18.56826346,54.43690236],[18.56817338,54.43687907],[18.56846791,54.43661192],[18.56852089,54.43663099],[18.56859757,54.43665865],[18.56872303,54.43670389],[18.56873385,54.43669458],[18.56890744,54.43649665],[18.56896662,54.43651814],[18.56905309,54.43646256],[18.56927784,54.43649735],[18.56937788,54.43648335],[18.56957455,54.43673984],[18.56964451,54.43677762],[18.56958663,54.43681572],[18.56953995,54.43679091],[18.56936721,54.4369168],[18.56939791,54.4369334],[18.56937743,54.43694635],[18.5693804,54.43698254],[18.56938334,54.43701667],[18.56940431,54.43702753],[18.56963687,54.43713721],[18.56961947,54.43715193],[18.56970706,54.43721031],[18.5697047,54.43721782],[18.56954961,54.437368],[18.5693423,54.43747707],[18.56933493,54.43747934],[18.56921261,54.4376151],[18.56902849,54.43773163],[18.56902148,54.43773428],[18.56890729,54.43789713],[18.56896735,54.43790576],[18.56885957,54.4380033],[18.56881442,54.4380436],[18.56879921,54.43826164],[18.56857827,54.43845823],[18.56844059,54.43841895],[18.56844846,54.43841169],[18.56840966,54.43840398],[18.56808453,54.43835501],[18.56788607,54.43832593],[18.56772251,54.43830236],[18.56775099,54.43823286],[18.56774326,54.43823173],[18.56774372,54.43823074],[18.56771205,54.4382254],[18.56771578,54.43821677],[18.56771297,54.43821399],[18.56771061,54.43821077],[18.56771055,54.43821066],[18.56768177,54.43820245],[18.56766358,54.43815786],[18.56770339,54.43806768],[18.56739221,54.43802458]]]}},{"type":"Feature","properties":{"postcode":"81-751","address_count":6,"both_agree_count":6,"source_conflict_count":0,"unresolved_count":0,"area_m2":7156,"support100_pct":100,"streets":"Jana Sobieskiego","label":[18.569795,54.437608],"label_r_km":0.03,"sea_km":0.61,"parts":1,"samples":[[18.56965,54.43754]]},"geometry":{"type":"Polygon","coordinates":[[[18.56902849,54.43773163],[18.56921261,54.4376151],[18.56933493,54.43747934],[18.5693423,54.43747707],[18.56954961,54.437368],[18.5697047,54.43721782],[18.56970706,54.43721031],[18.57006635,54.43704161],[18.57043946,54.43718178],[18.57039553,54.4372492],[18.57041833,54.43726174],[18.57039844,54.43727271],[18.57028791,54.43733738],[18.57027827,54.43734318],[18.57031951,54.43736583],[18.57028018,54.43742619],[18.57038048,54.43760638],[18.57036515,54.4376793],[18.57039261,54.43779589],[18.57025968,54.43782699],[18.57019305,54.43785407],[18.57011519,54.43786524],[18.5700654,54.43790813],[18.57003906,54.43789784],[18.5699996,54.43791959],[18.56993205,54.43789387],[18.56968941,54.43798959],[18.56961068,54.43808339],[18.56926338,54.43819857],[18.56905904,54.43807172],[18.56900732,54.43807646],[18.56879921,54.43826164],[18.56881442,54.4380436],[18.56885957,54.4380033],[18.56896735,54.43790576],[18.56890729,54.43789713],[18.56902148,54.43773428],[18.56902849,54.43773163]]]}},{"type":"Feature","properties":{"postcode":"81-752","address_count":16,"both_agree_count":16,"source_conflict_count":0,"unresolved_count":0,"area_m2":16352,"support100_pct":100,"streets":"Fryderyka Chopina","label":[18.564963,54.441159],"label_r_km":0.051,"sea_km":0.68,"parts":2,"samples":[[18.56478,54.4411]]},"geometry":{"type":"MultiPolygon","coordinates":[[[[18.56412805,54.44121373],[18.56403843,54.44120746],[18.56401698,54.44117023],[18.56392853,54.44116389],[18.56392851,54.44102813],[18.56397878,54.44103181],[18.56408462,54.44095795],[18.56407378,54.44079177],[18.56419502,54.44066033],[18.56442269,54.44072008],[18.56444031,54.44063924],[18.56444815,54.4406029],[18.56455563,54.44060743],[18.5645509,54.44064375],[18.56470378,54.44069775],[18.56481667,54.44070163],[18.56482696,54.44065432],[18.56483449,54.44061924],[18.56509327,54.4406281],[18.56540468,54.44064308],[18.5655134,54.44064689],[18.565758,54.44065688],[18.56585364,54.44066156],[18.56597812,54.44066699],[18.5661543,54.44067839],[18.566148,54.44069127],[18.56611432,54.44076071],[18.56612965,54.44099674],[18.56604277,54.44102939],[18.56619261,54.44105394],[18.56623278,54.4410604],[18.56623548,54.44105463],[18.56636755,54.44107549],[18.56639028,54.44107952],[18.56637653,54.44110708],[18.56639908,54.44111473],[18.56638845,54.44113703],[18.56633122,54.44125733],[18.56650316,54.44129895],[18.5664695,54.44131521],[18.56647367,54.44139382],[18.5665612,54.44141321],[18.56650694,54.44148022],[18.56645935,54.44153884],[18.56642072,54.4415879],[18.56646171,54.44159848],[18.56646544,54.44160026],[18.56646003,54.44160705],[18.56641139,54.44159929],[18.56639041,54.44162496],[18.56630533,54.4416038],[18.56629366,54.4416185],[18.56620257,54.44159628],[18.56610452,54.44157365],[18.56610619,54.44155064],[18.56590322,54.44151827],[18.56590099,54.44151962],[18.56584843,54.44152221],[18.56583631,54.4415511],[18.56582727,54.44156678],[18.56581691,54.441575],[18.56580296,54.44158135],[18.5657737,54.44158302],[18.56573874,54.44158435],[18.56572454,54.44158334],[18.56549401,54.44156663],[18.56548495,54.44160216],[18.56524687,54.4415853],[18.56520365,54.4417714],[18.56499858,54.44175636],[18.56494257,54.44175222],[18.56494214,54.44175492],[18.56493703,54.44178326],[18.56493035,54.44178314],[18.56486986,54.44175807],[18.56455767,54.4418008],[18.56438043,54.44178325],[18.56439059,54.44173145],[18.56436437,54.44173013],[18.56429568,54.44172344],[18.56410953,54.44170481],[18.5639788,54.4416924],[18.563972,54.4416918],[18.5639861,54.44164115],[18.56405202,54.4416474],[18.56406182,54.44165419],[18.56405668,54.44167289],[18.56411642,54.44167891],[18.5641298,54.44163258],[18.56413527,54.44161485],[18.56414308,54.4415883],[18.56414896,54.44156833],[18.56417246,54.44147236],[18.56414374,54.4414459],[18.56414657,54.44143906],[18.56407202,54.4414315],[18.56412805,54.44121373]]],[[[18.56648258,54.4412683],[18.5665342,54.4411606],[18.56654432,54.44116404],[18.56658619,54.44125879],[18.56650857,54.44129632],[18.56648258,54.4412683]]]]}},{"type":"Feature","properties":{"postcode":"81-753","address_count":6,"both_agree_count":6,"source_conflict_count":0,"unresolved_count":0,"area_m2":2601,"support100_pct":100,"streets":"gen. Józefa Bema","label":[18.567233,54.443744],"label_r_km":0.02,"sea_km":0.46,"parts":1,"samples":[[18.567233,54.443744]]},"geometry":{"type":"Polygon","coordinates":[[[18.56693016,54.44385274],[18.5669601,54.44382161],[18.56684339,54.44378712],[18.56692674,54.44373922],[18.56698551,54.4435741],[18.56697943,54.44352305],[18.56700801,54.4434999],[18.56705583,54.4434819],[18.56718387,54.44349309],[18.56718159,54.44349568],[18.5674068,54.44356318],[18.56744981,54.44351635],[18.56755691,54.44352571],[18.56755741,54.44352672],[18.56758795,54.44355189],[18.56755771,54.4435844],[18.56756111,54.44358546],[18.56752177,54.44362805],[18.56764161,54.44366486],[18.56767794,54.44362607],[18.56777446,54.44370562],[18.56783573,54.44372441],[18.56781919,54.44374248],[18.56783141,54.44375255],[18.56780058,54.44376279],[18.56773641,54.44383287],[18.56766323,54.44380866],[18.56755583,54.44389275],[18.56755442,54.44389231],[18.56754994,54.44389714],[18.56749932,54.44391885],[18.5674173,54.44403339],[18.56735715,54.44404001],[18.56734924,54.44404861],[18.56734712,54.44405114],[18.56725598,54.44414977],[18.56707952,54.44409714],[18.56713362,54.44403931],[18.5671322,54.44403769],[18.56701962,54.44398047],[18.56690226,54.44392083],[18.5669325,54.44388813],[18.56693998,54.44387228],[18.56693016,54.44385274]]]}},{"type":"Feature","properties":{"postcode":"81-754","address_count":26,"both_agree_count":23,"source_conflict_count":0,"unresolved_count":3,"area_m2":17174,"support100_pct":100,"streets":"Grunwaldzka; gen. Jarosława Dąbrowskiego","label":[18.571061,54.441754],"label_r_km":0.04,"sea_km":0.3,"parts":1,"samples":[[18.57048,54.44162],[18.57218,54.44162]]},"geometry":{"type":"Polygon","coordinates":[[[18.57028501,54.44113442],[18.57036882,54.4411537],[18.57045279,54.44117307],[18.57055471,54.44119703],[18.57068849,54.44122865],[18.57070647,54.44120345],[18.57079182,54.44122188],[18.57081463,54.44121968],[18.57083825,54.4412302],[18.57081687,54.44126066],[18.57093832,54.44129288],[18.57092969,54.44130478],[18.57115928,54.44136407],[18.57117165,54.44136787],[18.57119326,54.44133578],[18.57126997,54.44122114],[18.57128386,54.44120005],[18.57149176,54.44125753],[18.57160495,54.44124009],[18.57183902,54.44129963],[18.57188123,54.44129415],[18.57201664,54.4411522],[18.57211761,54.44117805],[18.57213019,54.44116226],[18.57233984,54.44121886],[18.57235738,54.44122355],[18.57210172,54.44130675],[18.5720729,54.44129892],[18.57205446,54.44132213],[18.57200391,54.44133858],[18.57206272,54.44138771],[18.57222862,54.44143349],[18.5723499,54.44146644],[18.57242128,54.44147249],[18.57244649,54.44149269],[18.57260724,54.44153636],[18.57262254,54.44156073],[18.57258721,54.44160538],[18.57260089,54.44161632],[18.5726299,54.44162252],[18.5727095,54.44168516],[18.57257612,54.44185762],[18.57255956,54.44187894],[18.57242214,54.44185656],[18.57242772,54.44184951],[18.57241518,54.44184607],[18.572385,54.44183786],[18.57207865,54.44175539],[18.57196917,54.44190748],[18.57196751,54.44190965],[18.57189963,54.44198328],[18.5718969,54.44198662],[18.57184356,54.44205308],[18.57188717,54.44206312],[18.57184263,54.44211859],[18.57184133,54.44212021],[18.57175542,54.44215725],[18.5717378,54.44220328],[18.57167171,54.44225373],[18.57164405,54.44228786],[18.57171338,54.44238291],[18.57170496,54.44239416],[18.57172562,54.4423997],[18.57175801,54.44244412],[18.57163877,54.44241245],[18.5716353,54.44241731],[18.57153532,54.44255444],[18.57150415,54.44259708],[18.57127245,54.44255173],[18.57124701,54.44259542],[18.57121552,54.44263654],[18.57119631,54.44266323],[18.57111293,54.44267584],[18.57111202,54.44267647],[18.57106096,54.44268525],[18.57102641,54.44272782],[18.57096372,54.44270952],[18.5709454,54.4427315],[18.5709454,54.44273151],[18.57094538,54.44273153],[18.57092244,54.44272497],[18.57089255,54.44272757],[18.57067056,54.44269166],[18.57064848,54.44267546],[18.57083251,54.442476],[18.57078502,54.44244472],[18.57082254,54.44240014],[18.57080892,54.44239642],[18.57068744,54.4423616],[18.57071589,54.44233541],[18.57074637,54.44229852],[18.57074895,54.44229546],[18.57075576,54.44228698],[18.57076953,54.44229023],[18.57077903,54.44227563],[18.57088425,54.44230415],[18.57091667,54.44226312],[18.57089409,54.44225802],[18.57080438,54.44223635],[18.57068962,54.44220885],[18.57074197,54.44214845],[18.57065354,54.44204379],[18.57062883,54.44203209],[18.57061289,54.4420341],[18.57057101,54.44209207],[18.57024895,54.44200042],[18.57021791,54.44202957],[18.57017661,54.44203364],[18.57009767,54.44198868],[18.57014275,54.44194558],[18.57016082,54.44192654],[18.56977574,54.44179107],[18.56976028,54.44179654],[18.56972204,54.44177476],[18.56976249,54.44174734],[18.56969543,54.44172371],[18.56972292,54.44168332],[18.56975601,54.44163564],[18.56971729,54.44162289],[18.56963151,54.44159455],[18.56963514,54.44159031],[18.5696548,54.44156307],[18.56967235,54.44153883],[18.56967507,54.44153513],[18.56995726,54.44160927],[18.56997828,54.44157925],[18.56998183,54.44158013],[18.57000196,54.44155245],[18.56999823,54.44155149],[18.57003348,54.4415028],[18.57007898,54.4415133],[18.57013254,54.44147712],[18.56999397,54.44144414],[18.5700542,54.44136353],[18.57012609,54.44126769],[18.57023536,54.44112181],[18.57028501,54.44113442]],[[18.57185958,54.44149803],[18.57184914,54.44151066],[18.57174131,54.44149463],[18.57164146,54.44152819],[18.57164837,54.44164671],[18.57172887,54.44165639],[18.57172556,54.44166039],[18.57201383,54.44173809],[18.57214002,54.44157937],[18.57211896,54.44157344],[18.57208162,54.44156331],[18.57208025,54.44155834],[18.57197364,54.44152918],[18.57193447,54.44152335],[18.57191179,54.4415172],[18.57191496,54.44151313],[18.57185958,54.44149803]]]}},{"type":"Feature","properties":{"postcode":"81-755","address_count":1,"both_agree_count":1,"source_conflict_count":0,"unresolved_count":0,"area_m2":389,"support100_pct":100,"streets":"Władysława Jagiełły","label":[18.565354,54.441665],"label_r_km":0.008,"sea_km":0.64,"parts":2,"samples":[[18.565354,54.441665]]},"geometry":{"type":"MultiPolygon","coordinates":[[[[18.56556647,54.4418651],[18.56556655,54.44186467],[18.56554681,54.44186341],[18.56555942,54.4417939],[18.56557576,54.44179443],[18.56560396,54.44186407],[18.56556647,54.4418651]]],[[[18.56528048,54.44177706],[18.56520365,54.4417714],[18.56524687,54.4415853],[18.56548495,54.44160216],[18.56547676,54.44164658],[18.56544341,54.44178743],[18.56540934,54.44178688],[18.56540647,54.44180288],[18.56541866,54.44180363],[18.56541665,54.44181442],[18.56539188,54.44181778],[18.56541137,54.44183386],[18.5653495,54.44182983],[18.56535035,54.44182506],[18.56527259,54.44181923],[18.56528048,54.44177706]]]]}},{"type":"Feature","properties":{"postcode":"81-756","address_count":18,"both_agree_count":18,"source_conflict_count":0,"unresolved_count":0,"area_m2":10336,"support100_pct":100,"streets":"Bolesława Chrobrego","label":[18.569499,54.441128],"label_r_km":0.04,"sea_km":0.42,"parts":2,"samples":[[18.56948,54.44107]]},"geometry":{"type":"MultiPolygon","coordinates":[[[[18.56876798,54.4410272],[18.56878909,54.44100419],[18.5689171,54.44086532],[18.56917795,54.44057874],[18.56922306,54.44059852],[18.56925492,54.44057231],[18.56952191,54.44065661],[18.56954748,54.44070173],[18.56989572,54.44079499],[18.57002766,54.44077293],[18.57003484,54.44077442],[18.5700805,54.44080401],[18.57046998,54.44091918],[18.57047036,54.44091904],[18.5707136,54.44097167],[18.57086288,54.44097399],[18.57086376,54.44097418],[18.57096932,54.44100012],[18.57097583,54.44101414],[18.57128953,54.44110471],[18.57133911,54.44121533],[18.57128386,54.44120005],[18.57126997,54.44122114],[18.57119326,54.44133578],[18.57117165,54.44136787],[18.57115928,54.44136407],[18.57092969,54.44130478],[18.57093832,54.44129288],[18.57081687,54.44126066],[18.57083825,54.4412302],[18.57081463,54.44121968],[18.57079182,54.44122188],[18.57070647,54.44120345],[18.57068849,54.44122865],[18.57055471,54.44119703],[18.57045279,54.44117307],[18.57036882,54.4411537],[18.57028501,54.44113442],[18.57023536,54.44112181],[18.57012609,54.44126769],[18.5700542,54.44136353],[18.56999397,54.44144414],[18.57013254,54.44147712],[18.57007898,54.4415133],[18.57003348,54.4415028],[18.56999823,54.44155149],[18.57000196,54.44155245],[18.56998183,54.44158013],[18.56997828,54.44157925],[18.56995726,54.44160927],[18.56967507,54.44153513],[18.56967235,54.44153883],[18.5696548,54.44156307],[18.56963514,54.44159031],[18.56963151,54.44159455],[18.56934086,54.44149888],[18.5692783,54.44147842],[18.56913341,54.44142349],[18.56904292,54.44154628],[18.56903829,54.44154505],[18.56873212,54.44146473],[18.56868594,54.44152353],[18.56863155,54.44150456],[18.56862833,54.44150033],[18.56877065,54.44131954],[18.56875321,54.441284],[18.56875825,54.44127676],[18.5686858,54.44120763],[18.56868684,54.44120187],[18.56862782,54.44117915],[18.56876798,54.4410272]]],[[[18.56971729,54.44162289],[18.56975601,54.44163564],[18.56972292,54.44168332],[18.56969543,54.44172371],[18.56976249,54.44174734],[18.56972204,54.44177476],[18.56967605,54.44177897],[18.56965682,54.44177503],[18.56961778,54.44182703],[18.56962944,54.44173426],[18.56954228,54.44170763],[18.56958715,54.44165271],[18.5696253,54.4416023],[18.56963151,54.44159455],[18.56971729,54.44162289]]]]}},{"type":"Feature","properties":{"postcode":"81-757","address_count":18,"both_agree_count":10,"source_conflict_count":8,"unresolved_count":0,"area_m2":15822,"support100_pct":47,"streets":"Bolesława Chrobrego; Władysława Jagiełły","label":[18.56826,54.440599],"label_r_km":0.039,"sea_km":0.52,"parts":2,"samples":[[18.5679,54.4405]]},"geometry":{"type":"MultiPolygon","coordinates":[[[[18.56429568,54.44172344],[18.56436437,54.44173013],[18.56439059,54.44173145],[18.56438043,54.44178325],[18.56455767,54.4418008],[18.56486986,54.44175807],[18.56493035,54.44178314],[18.56493703,54.44178326],[18.56494214,54.44175492],[18.56494257,54.44175222],[18.56499858,54.44175636],[18.56520365,54.4417714],[18.56528048,54.44177706],[18.56527259,54.44181923],[18.56535035,54.44182506],[18.5653495,54.44182983],[18.56541137,54.44183386],[18.56539188,54.44181778],[18.56541665,54.44181442],[18.56541866,54.44180363],[18.56540647,54.44180288],[18.56540934,54.44178688],[18.56544341,54.44178743],[18.56552411,54.4417929],[18.56555942,54.4417939],[18.56554681,54.44186341],[18.56556655,54.44186467],[18.56556647,54.4418651],[18.56560396,54.44186407],[18.56575446,54.44193255],[18.56564593,54.44211765],[18.56560733,54.44212874],[18.56569241,54.44214942],[18.56573618,54.44216018],[18.56571726,54.44218534],[18.56567456,54.44217422],[18.56566652,54.44217227],[18.56555982,54.44214699],[18.56555258,54.44216208],[18.56544078,54.44228787],[18.56543921,54.44229894],[18.56543521,54.44229941],[18.56542559,54.44235148],[18.56535382,54.44234869],[18.56534509,54.44235319],[18.56512163,54.44235062],[18.56511243,54.44239023],[18.56511039,54.44239868],[18.56496209,54.44238715],[18.56482136,54.44237605],[18.56450069,54.44235104],[18.5644889,54.4424182],[18.56446075,54.44240717],[18.56413315,54.44235862],[18.56406774,54.44236292],[18.564,54.44233464],[18.56392672,54.44228257],[18.56389366,54.44224065],[18.56386946,54.44223908],[18.56387421,54.44221599],[18.56386415,54.44220323],[18.56387669,54.442204],[18.56390019,54.44208611],[18.56381519,54.44208076],[18.56381362,54.44209019],[18.56377224,54.44208669],[18.56373243,54.44203621],[18.56365373,54.44203137],[18.56367324,54.44195977],[18.5637969,54.44196718],[18.5638323,54.44195561],[18.56384804,54.44193961],[18.56386428,54.44194045],[18.5638841,54.44194638],[18.56389647,54.4419377],[18.56392392,54.44193928],[18.56392719,54.44191913],[18.56393736,54.44191963],[18.56395125,54.44184194],[18.56397298,54.44171776],[18.5639788,54.4416924],[18.56410953,54.44170481],[18.56429568,54.44172344]]],[[[18.56854194,54.4401412],[18.5686266,54.44017937],[18.56875467,54.44023713],[18.56876864,54.44037286],[18.56896025,54.44047093],[18.56921791,54.44054239],[18.56925492,54.44057231],[18.56922306,54.44059852],[18.56917795,54.44057874],[18.5689171,54.44086532],[18.56878909,54.44100419],[18.56849798,54.44092039],[18.56832772,54.44111426],[18.56810252,54.44102548],[18.56808315,54.44101784],[18.5679725,54.44097452],[18.56780759,54.44090988],[18.56739705,54.44075027],[18.56742663,54.44063693],[18.56767316,54.44035114],[18.56761842,54.44033918],[18.56761564,54.44033856],[18.56762535,54.4403272],[18.56776202,54.44016762],[18.5679005,54.44000471],[18.56820841,54.44014405],[18.56850048,54.44014268],[18.56854194,54.4401412]]]]}},{"type":"Feature","properties":{"postcode":"81-758","address_count":15,"both_agree_count":6,"source_conflict_count":3,"unresolved_count":6,"area_m2":9586,"support100_pct":100,"streets":"Grunwaldzka; Piastów","label":[18.570361,54.443015],"label_r_km":0.039,"sea_km":0.29,"parts":1,"samples":[[18.57028,54.44309]]},"geometry":{"type":"Polygon","coordinates":[[[18.56968838,54.44287151],[18.56962941,54.44285056],[18.56964217,54.4428368],[18.56982213,54.44276966],[18.56995067,54.44262176],[18.57007291,54.44265644],[18.57022355,54.44259617],[18.57040263,54.44262958],[18.57039419,54.44262479],[18.57050101,54.44265672],[18.57050725,54.44264911],[18.57064848,54.44267546],[18.57067056,54.44269166],[18.57089255,54.44272757],[18.57092244,54.44272497],[18.57094538,54.44273153],[18.5709454,54.44273151],[18.57125257,54.44285881],[18.5712672,54.44286092],[18.57129761,54.44286463],[18.57130873,54.4428653],[18.57119892,54.44306159],[18.57115419,54.44304815],[18.57106084,54.44302011],[18.57100825,54.44311819],[18.57086085,54.44321484],[18.57089683,54.44323102],[18.57092051,54.4432487],[18.57097429,54.44326875],[18.57106027,54.44329952],[18.57103243,54.44332706],[18.57103429,54.44332768],[18.57102566,54.44333895],[18.57094431,54.4433193],[18.57091837,54.44336075],[18.57088972,54.44340581],[18.57086876,54.44344032],[18.57093164,54.44345274],[18.57089892,54.44348925],[18.57142964,54.44377826],[18.57101539,54.44385545],[18.57094531,54.44383473],[18.5709148,54.44387419],[18.57078279,54.44389879],[18.57085949,54.44380387],[18.57041833,54.44366274],[18.5703636,54.44367614],[18.57017155,54.44354479],[18.57011662,54.44353719],[18.57013755,54.44349058],[18.57017319,54.44340425],[18.57014831,54.44341128],[18.57006398,54.44338814],[18.57006489,54.44338725],[18.56991695,54.44334697],[18.56991848,54.44334543],[18.56986835,54.44333201],[18.56985575,54.44333495],[18.56984742,54.4433341],[18.56982017,54.44332613],[18.5698138,54.44332275],[18.56981282,54.44331871],[18.56979549,54.44331394],[18.5698338,54.44326327],[18.56982745,54.44326141],[18.56986012,54.44322118],[18.56970207,54.44320128],[18.56967819,54.44322537],[18.56958098,54.44318593],[18.569434,54.44312419],[18.56949241,54.4430567],[18.56949407,54.44304367],[18.56948484,54.44302251],[18.56953851,54.44304688],[18.56959236,54.44299398],[18.5697141,54.44288055],[18.56969365,54.44287338],[18.56968838,54.44287151]]]}},{"type":"Feature","properties":{"postcode":"81-759","address_count":43,"both_agree_count":42,"source_conflict_count":0,"unresolved_count":1,"area_m2":36422,"support100_pct":97,"streets":"Bohaterów Monte Cassino; Grunwaldzka; Ogrodowa","label":[18.56929,54.444475],"label_r_km":0.058,"sea_km":0.31,"parts":4,"samples":[[18.56427,54.44334],[18.56597,54.44334],[18.56767,54.44433],[18.56937,54.44334],[18.56937,54.44433]]},"geometry":{"type":"MultiPolygon","coordinates":[[[[18.56226136,54.4431322],[18.56219922,54.44314683],[18.56202882,54.44312473],[18.56182026,54.44309768],[18.561817,54.44309461],[18.56182523,54.44307453],[18.56171954,54.4430603],[18.56180253,54.44287214],[18.56189469,54.4429053],[18.5619142,54.44285774],[18.56227351,54.4428442],[18.5624627,54.44300937],[18.56226136,54.4431322]]],[[[18.56199799,54.44319418],[18.56193792,54.44320832],[18.56192953,54.44320044],[18.56193537,54.44318526],[18.56199799,54.44319418]]],[[[18.56550745,54.44378346],[18.56548515,54.44376865],[18.56538659,54.44375523],[18.56535016,54.44374437],[18.56525682,54.44365424],[18.56503874,54.44360524],[18.56502738,54.44358376],[18.56483981,54.44352751],[18.56472932,54.4434354],[18.56458075,54.44347733],[18.56458814,54.44344071],[18.56465536,54.44339709],[18.56476061,54.44343884],[18.5647552,54.44342682],[18.56479988,54.44337566],[18.56482302,54.44337432],[18.56488108,54.44331052],[18.56487906,54.44330989],[18.56491703,54.44326811],[18.56491874,54.44326865],[18.56507371,54.44331725],[18.56508129,54.44331955],[18.56504578,54.44336143],[18.56514024,54.44335598],[18.56521172,54.44338527],[18.56530387,54.44339003],[18.56530529,54.44338849],[18.56530773,54.44338578],[18.56534085,54.44335031],[18.56536972,54.44332036],[18.56546866,54.44335152],[18.56542841,54.44339644],[18.56547006,54.44339859],[18.56557317,54.44338514],[18.56573107,54.44341222],[18.56573442,54.44341206],[18.56575346,54.44339125],[18.56587687,54.44326354],[18.56590986,54.44322996],[18.56603387,54.44326864],[18.56621733,54.443326],[18.5662524,54.44328693],[18.56627957,54.4432567],[18.56628625,54.44324922],[18.56647636,54.44330799],[18.56648351,54.44331262],[18.56648345,54.44331864],[18.5664687,54.44333372],[18.56642254,54.44337338],[18.56640762,54.4433863],[18.56649279,54.44341455],[18.56651245,54.44342057],[18.56656619,54.4434382],[18.56668354,54.44347493],[18.56671391,54.44344137],[18.56692745,54.44351179],[18.56692175,54.44351842],[18.56697943,54.44352305],[18.56698551,54.4435741],[18.56692674,54.44373922],[18.56684339,54.44378712],[18.5669601,54.44382161],[18.56693016,54.44385274],[18.56693998,54.44387228],[18.5669325,54.44388813],[18.56690226,54.44392083],[18.56701962,54.44398047],[18.5671322,54.44403769],[18.56713362,54.44403931],[18.56707952,54.44409714],[18.56725598,54.44414977],[18.56734712,54.44405114],[18.56734924,54.44404861],[18.56735715,54.44404001],[18.5674173,54.44403339],[18.56749932,54.44391885],[18.56754994,54.44389714],[18.56755442,54.44389231],[18.56755583,54.44389275],[18.56766323,54.44380866],[18.56773641,54.44383287],[18.56780058,54.44376279],[18.56783141,54.44375255],[18.56783476,54.44375268],[18.56808004,54.44384634],[18.56810458,54.44384401],[18.5681599,54.44384821],[18.56818041,54.44382369],[18.56822264,54.44377929],[18.56831792,54.44382475],[18.56830194,54.44385016],[18.5683366,54.44386165],[18.56845332,54.44387053],[18.56845466,54.4438693],[18.56845784,54.44387087],[18.56848428,54.44387288],[18.56855185,54.44389705],[18.56853771,54.44391051],[18.56896363,54.44395468],[18.56898529,54.4439048],[18.56907074,54.44373011],[18.56893698,54.44370064],[18.56880724,54.44367142],[18.56881819,54.44365978],[18.56882732,54.44366296],[18.56890756,54.44369063],[18.56893236,54.44366642],[18.56895637,54.44364269],[18.56887072,54.44361326],[18.56890413,54.44358732],[18.56895047,54.44355089],[18.56902712,54.44349779],[18.56903001,54.44349463],[18.56903404,54.44349596],[18.56904332,54.44348747],[18.56906021,54.4434714],[18.56908093,54.44345333],[18.56925294,54.44329656],[18.56937359,54.44318161],[18.569434,54.44312419],[18.56958098,54.44318593],[18.56967819,54.44322537],[18.56970207,54.44320128],[18.56986012,54.44322118],[18.56982745,54.44326141],[18.5698338,54.44326327],[18.56979549,54.44331394],[18.56981282,54.44331871],[18.5698138,54.44332275],[18.56982017,54.44332613],[18.56984742,54.4433341],[18.56985575,54.44333495],[18.56986835,54.44333201],[18.56991848,54.44334543],[18.56991695,54.44334697],[18.57006489,54.44338725],[18.57006398,54.44338814],[18.57014831,54.44341128],[18.57017319,54.44340425],[18.57013755,54.44349058],[18.57011662,54.44353719],[18.57017155,54.44354479],[18.5703636,54.44367614],[18.57041833,54.44366274],[18.57085949,54.44380387],[18.57078279,54.44389879],[18.57068023,54.44402573],[18.57053698,54.4443184],[18.57038462,54.4443515],[18.57009724,54.44473552],[18.57013844,54.4448859],[18.56977096,54.44502597],[18.56955287,54.44503852],[18.56955153,54.44503993],[18.56954798,54.44503881],[18.56952789,54.44503996],[18.56921948,54.44499859],[18.56912523,54.44511489],[18.56897786,54.44507067],[18.56881786,54.44501589],[18.56878612,54.44500508],[18.56886306,54.44495079],[18.56871756,54.44493127],[18.56848839,54.44499371],[18.56814024,54.44465088],[18.56781332,54.44455522],[18.56778855,54.44453283],[18.56770274,54.44447904],[18.56767041,54.4444006],[18.5675349,54.44432372],[18.5672858,54.44427493],[18.56728045,54.44427513],[18.56707741,54.44413903],[18.56696815,54.44416593],[18.56676092,54.44409671],[18.56664339,54.44410108],[18.56651156,54.44399954],[18.5662384,54.44401057],[18.56621942,54.44400489],[18.56620112,54.44395411],[18.56593007,54.44382057],[18.56591203,54.44378229],[18.56550745,54.44378346]]],[[[18.56417999,54.44331566],[18.56436972,54.44334201],[18.56445514,54.44324224],[18.56469297,54.44330771],[18.56462501,54.44338655],[18.56462393,54.44338772],[18.56436215,54.44335076],[18.56432152,54.44334493],[18.56419698,54.44333233],[18.56417999,54.44331566]]]]}},{"type":"Feature","properties":{"postcode":"81-760","address_count":22,"both_agree_count":22,"source_conflict_count":0,"unresolved_count":0,"area_m2":14333,"support100_pct":100,"streets":"gen. Kazimierza Pułaskiego","label":[18.566552,54.442814],"label_r_km":0.041,"sea_km":0.54,"parts":1,"samples":[[18.56619,54.44266]]},"geometry":{"type":"Polygon","coordinates":[[[18.56587991,54.44258968],[18.56590432,54.44255965],[18.56595561,54.44250093],[18.56595636,54.44249984],[18.56602708,54.44241847],[18.5660481,54.44239424],[18.5662468,54.44239804],[18.56627255,54.44240782],[18.56635712,54.44241054],[18.56641533,54.44242653],[18.56643689,54.44240217],[18.56646166,54.44240988],[18.56646936,54.44241226],[18.56654256,54.44236288],[18.56651406,54.44235356],[18.56648758,54.4423447],[18.56651384,54.44231502],[18.56662982,54.44218537],[18.56664409,54.44216949],[18.56678528,54.44221339],[18.56682562,54.44216504],[18.56695782,54.44220601],[18.5670671,54.44221963],[18.56706962,54.44222041],[18.56706998,54.44221999],[18.56715499,54.44223059],[18.56721217,54.44226411],[18.56726396,54.442323],[18.56748504,54.44237993],[18.56750152,54.44239863],[18.56747853,54.44242855],[18.56757886,54.44246007],[18.56758769,54.44246443],[18.56753017,54.44252903],[18.56745548,54.44261302],[18.56752134,54.44263306],[18.56752144,54.44264028],[18.56746555,54.4426678],[18.56741936,54.44265353],[18.56741268,54.44266093],[18.56736063,54.44271946],[18.56729383,54.44275234],[18.56725699,54.44275931],[18.56720519,54.44281755],[18.56716921,54.44290839],[18.56718597,54.44291578],[18.56718483,54.44291707],[18.56738344,54.44297714],[18.56742524,54.44299025],[18.56742267,54.44299313],[18.56740539,54.44301237],[18.56747716,54.44304397],[18.56750607,54.44307772],[18.56747119,54.44311646],[18.56726104,54.44325308],[18.56759065,54.44338011],[18.56760069,54.44347959],[18.56755691,54.44352571],[18.56744981,54.44351635],[18.5674068,54.44356318],[18.56718159,54.44349568],[18.56718387,54.44349309],[18.56705583,54.4434819],[18.56700801,54.4434999],[18.56697943,54.44352305],[18.56692175,54.44351842],[18.56692745,54.44351179],[18.56671391,54.44344137],[18.56668354,54.44347493],[18.56656619,54.4434382],[18.56651245,54.44342057],[18.56649279,54.44341455],[18.56640762,54.4433863],[18.56642254,54.44337338],[18.5664687,54.44333372],[18.56648345,54.44331864],[18.56648351,54.44331262],[18.56647636,54.44330799],[18.56628625,54.44324922],[18.56627957,54.4432567],[18.5662524,54.44328693],[18.56621733,54.443326],[18.56603387,54.44326864],[18.56590986,54.44322996],[18.56587687,54.44326354],[18.56575346,54.44339125],[18.56573442,54.44341206],[18.56573107,54.44341222],[18.56557317,54.44338514],[18.56547439,54.44321132],[18.56549007,54.44319419],[18.56550419,54.44317777],[18.56553016,54.44314944],[18.56562916,54.44304071],[18.5654872,54.44299672],[18.56544112,54.44298236],[18.56546861,54.44281999],[18.56547156,54.44280262],[18.56534094,54.44271995],[18.56537263,54.44268028],[18.56543409,54.44269985],[18.56543651,54.44269688],[18.56542101,54.4426788],[18.56543465,54.44266149],[18.56550711,54.44257283],[18.56552575,54.44255019],[18.5658346,54.44264578],[18.56587991,54.44258968]]]}},{"type":"Feature","properties":{"postcode":"81-761","address_count":19,"both_agree_count":19,"source_conflict_count":0,"unresolved_count":0,"area_m2":12043,"support100_pct":100,"streets":"Jana Sobieskiego","label":[18.564964,54.442959],"label_r_km":0.025,"sea_km":0.63,"parts":1,"samples":[[18.56519,54.443]]},"geometry":{"type":"Polygon","coordinates":[[[18.56508129,54.44331955],[18.56507371,54.44331725],[18.56491874,54.44326865],[18.56491703,54.44326811],[18.56487906,54.44330989],[18.56488108,54.44331052],[18.56482302,54.44337432],[18.56479988,54.44337566],[18.5647552,54.44342682],[18.56476061,54.44343884],[18.56465536,54.44339709],[18.56462393,54.44338772],[18.56462501,54.44338655],[18.56469297,54.44330771],[18.56445514,54.44324224],[18.5643428,54.44321141],[18.5643854,54.44315856],[18.56440144,54.44314815],[18.56438996,54.4431315],[18.56437317,54.44313212],[18.5644667,54.44302898],[18.56450528,54.44298667],[18.56459384,54.44289165],[18.56461097,54.44287063],[18.56462843,54.44285151],[18.56474429,54.44272411],[18.56475584,54.44271147],[18.56487468,54.44255476],[18.56488044,54.44254729],[18.56492553,54.44246262],[18.56493843,54.44243713],[18.56496209,54.44238715],[18.56511039,54.44239868],[18.56511243,54.44239023],[18.56512163,54.44235062],[18.56534509,54.44235319],[18.56535382,54.44234869],[18.56542559,54.44235148],[18.56543521,54.44229941],[18.56543921,54.44229894],[18.56544078,54.44228787],[18.56555258,54.44216208],[18.56555982,54.44214699],[18.56566652,54.44217227],[18.56567456,54.44217422],[18.56571726,54.44218534],[18.56573618,54.44216018],[18.56569241,54.44214942],[18.56560733,54.44212874],[18.56564593,54.44211765],[18.56575446,54.44193255],[18.56560396,54.44186407],[18.56557576,54.44179443],[18.56555942,54.4417939],[18.56552411,54.4417929],[18.56544341,54.44178743],[18.56547676,54.44164658],[18.56548495,54.44160216],[18.56549401,54.44156663],[18.56572454,54.44158334],[18.56573874,54.44158435],[18.5657737,54.44158302],[18.56580296,54.44158135],[18.56581691,54.441575],[18.56582727,54.44156678],[18.56583631,54.4415511],[18.56584843,54.44152221],[18.56590099,54.44151962],[18.56590322,54.44151827],[18.56610619,54.44155064],[18.56610452,54.44157365],[18.56620257,54.44159628],[18.56629366,54.4416185],[18.56630533,54.4416038],[18.56639041,54.44162496],[18.56641139,54.44159929],[18.56646003,54.44160705],[18.56643831,54.44163427],[18.56646324,54.44164124],[18.56643003,54.44168192],[18.56645667,54.4416891],[18.56630532,54.4417655],[18.56628398,54.44183904],[18.56633926,54.44193122],[18.56631138,54.44196459],[18.56639495,54.44198872],[18.56637799,54.44201018],[18.56661016,54.44207972],[18.56671853,54.44211242],[18.56675394,54.44214339],[18.56682562,54.44216504],[18.56678528,54.44221339],[18.56664409,54.44216949],[18.56662982,54.44218537],[18.56651384,54.44231502],[18.56648758,54.4423447],[18.56651406,54.44235356],[18.56654256,54.44236288],[18.56646936,54.44241226],[18.56646166,54.44240988],[18.56643689,54.44240217],[18.56641533,54.44242653],[18.56635712,54.44241054],[18.56627255,54.44240782],[18.5662468,54.44239804],[18.5660481,54.44239424],[18.56602708,54.44241847],[18.56595636,54.44249984],[18.56595561,54.44250093],[18.56590432,54.44255965],[18.56587991,54.44258968],[18.5658346,54.44264578],[18.56552575,54.44255019],[18.56550711,54.44257283],[18.56543465,54.44266149],[18.56542101,54.4426788],[18.56543651,54.44269688],[18.56543409,54.44269985],[18.56537263,54.44268028],[18.56534094,54.44271995],[18.56547156,54.44280262],[18.56546861,54.44281999],[18.56544112,54.44298236],[18.5654872,54.44299672],[18.56562916,54.44304071],[18.56553016,54.44314944],[18.56550419,54.44317777],[18.56549007,54.44319419],[18.56547439,54.44321132],[18.56557317,54.44338514],[18.56547006,54.44339859],[18.56542841,54.44339644],[18.56546866,54.44335152],[18.56536972,54.44332036],[18.56534085,54.44335031],[18.56530773,54.44338578],[18.56530529,54.44338849],[18.56530387,54.44339003],[18.56521172,54.44338527],[18.56514024,54.44335598],[18.56504578,54.44336143],[18.56508129,54.44331955]]]}},{"type":"Feature","properties":{"postcode":"81-762","address_count":21,"both_agree_count":21,"source_conflict_count":0,"unresolved_count":0,"area_m2":14348,"support100_pct":100,"streets":"gen. Kazimierza Pułaskiego","label":[18.568299,54.44335],"label_r_km":0.042,"sea_km":0.41,"parts":1,"samples":[[18.56811,54.44291]]},"geometry":{"type":"Polygon","coordinates":[[[18.56755771,54.4435844],[18.56758795,54.44355189],[18.56755741,54.44352672],[18.56755691,54.44352571],[18.56760069,54.44347959],[18.56759065,54.44338011],[18.56726104,54.44325308],[18.56747119,54.44311646],[18.56750607,54.44307772],[18.56750606,54.44307771],[18.56754137,54.44303848],[18.56779292,54.44311421],[18.56785036,54.44307746],[18.56786518,54.44306751],[18.56787778,54.44305353],[18.56788599,54.44305609],[18.56791332,54.44302587],[18.56793747,54.44299969],[18.5679613,54.44297335],[18.56797405,54.44295918],[18.56798437,54.44294728],[18.56799821,54.44293266],[18.56804306,54.44294449],[18.56810632,54.44287061],[18.56814947,54.44288028],[18.56819196,54.44283219],[18.5682108,54.44281243],[18.56832544,54.44268638],[18.56839045,54.44270584],[18.56828542,54.44282466],[18.56829648,54.44284374],[18.56840806,54.44287476],[18.56840608,54.44287665],[18.56847695,54.44289609],[18.5685317,54.44284282],[18.56860021,54.44286679],[18.56867267,54.44278622],[18.56869394,54.44279237],[18.56878423,54.44267803],[18.5688088,54.44264934],[18.56865353,54.44259958],[18.56865091,54.44258983],[18.56862707,54.44258308],[18.5686289,54.442581],[18.56864369,54.44256312],[18.56863661,54.44253688],[18.56864518,54.44252953],[18.56867046,54.44248735],[18.56868284,54.44247333],[18.56889193,54.44253053],[18.56889905,54.44253247],[18.56899208,54.44241505],[18.56935557,54.44251523],[18.56938883,54.44252459],[18.56941099,54.44250344],[18.56949769,54.44249297],[18.56952064,54.44250086],[18.56951316,54.44250811],[18.56967192,54.44256234],[18.56971528,54.44257714],[18.56982558,54.44261642],[18.56981698,54.44262476],[18.56990279,54.44267684],[18.56982213,54.44276966],[18.56964217,54.4428368],[18.56962941,54.44285056],[18.56968838,54.44287151],[18.56969365,54.44287338],[18.5697141,54.44288055],[18.56959236,54.44299398],[18.56953851,54.44304688],[18.56948484,54.44302251],[18.56949407,54.44304367],[18.56949241,54.4430567],[18.569434,54.44312419],[18.56937359,54.44318161],[18.56925294,54.44329656],[18.56908093,54.44345333],[18.56906021,54.4434714],[18.56904332,54.44348747],[18.56903404,54.44349596],[18.56903001,54.44349463],[18.56902712,54.44349779],[18.56895047,54.44355089],[18.56890413,54.44358732],[18.56887072,54.44361326],[18.56895637,54.44364269],[18.56893236,54.44366642],[18.56890756,54.44369063],[18.56882732,54.44366296],[18.56881819,54.44365978],[18.56880724,54.44367142],[18.56893698,54.44370064],[18.56907074,54.44373011],[18.56898529,54.4439048],[18.56896363,54.44395468],[18.56853771,54.44391051],[18.56855185,54.44389705],[18.56848428,54.44387288],[18.56845784,54.44387087],[18.56845466,54.4438693],[18.56845332,54.44387053],[18.5683366,54.44386165],[18.56830194,54.44385016],[18.56831792,54.44382475],[18.56822264,54.44377929],[18.56818041,54.44382369],[18.5681599,54.44384821],[18.56810458,54.44384401],[18.56808004,54.44384634],[18.56783476,54.44375268],[18.56783141,54.44375255],[18.56781919,54.44374248],[18.56783573,54.44372441],[18.56777446,54.44370562],[18.56767794,54.44362607],[18.56764161,54.44366486],[18.56752177,54.44362805],[18.56756111,54.44358546],[18.56755771,54.4435844]]]}},{"type":"Feature","properties":{"postcode":"81-763","address_count":4,"both_agree_count":4,"source_conflict_count":0,"unresolved_count":0,"area_m2":2609,"support100_pct":100,"streets":"Dr Franciszka Kubacza","label":[18.564925,54.444758],"label_r_km":0.02,"sea_km":0.53,"parts":1,"samples":[[18.564925,54.444758]]},"geometry":{"type":"Polygon","coordinates":[[[18.56459805,54.44481962],[18.56439785,54.44467078],[18.56445622,54.44463638],[18.56454606,54.44466235],[18.56464787,54.44452343],[18.56474186,54.44446803],[18.56482639,54.44444484],[18.56491648,54.44454108],[18.56496464,54.44455393],[18.56499822,54.4445633],[18.56503411,54.44457328],[18.56524209,54.44463116],[18.56525787,54.4446115],[18.56538122,54.44464686],[18.56524691,54.4448579],[18.565292,54.44487119],[18.56522631,54.44493726],[18.56517381,54.4449223],[18.56515819,54.4449416],[18.56505052,54.445082],[18.56502422,54.44507557],[18.56494437,54.44512041],[18.56458829,54.44502127],[18.56456664,54.44501544],[18.56461171,54.444959],[18.56465214,54.44485983],[18.5646496,54.44485794],[18.56465471,54.4448516],[18.56463252,54.44484524],[18.56460251,54.44482294],[18.56460388,54.44482129],[18.56459805,54.44481962]]]}},{"type":"Feature","properties":{"postcode":"81-764","address_count":13,"both_agree_count":13,"source_conflict_count":0,"unresolved_count":0,"area_m2":8220,"support100_pct":100,"streets":"Morska","label":[18.56708,54.445742],"label_r_km":0.03,"sea_km":0.35,"parts":1,"samples":[[18.56664,54.44557]]},"geometry":{"type":"Polygon","coordinates":[[[18.56606049,54.44565713],[18.56594565,54.44562379],[18.5658582,54.44559923],[18.56578871,54.4455797],[18.56591146,54.44541435],[18.56579076,54.44538007],[18.56580833,54.44534639],[18.56580176,54.44531422],[18.56583343,54.44532289],[18.56584396,54.44530452],[18.56585499,54.44528721],[18.56591129,54.44520106],[18.56593514,54.44516456],[18.56592783,54.44512596],[18.56595831,54.44507838],[18.56603542,54.44510192],[18.56607214,54.44511603],[18.56611328,54.44513696],[18.56608385,54.44516018],[18.56613851,54.44517556],[18.56632037,54.44515264],[18.56634465,54.44518824],[18.56634431,54.44518861],[18.56642295,54.44521277],[18.5664152,54.44522062],[18.56638341,54.44525231],[18.56659192,54.44531359],[18.5665738,54.44533649],[18.56662019,54.44536549],[18.56652855,54.44545854],[18.56648659,54.44550078],[18.56661395,54.44553567],[18.56663189,54.44551771],[18.56673313,54.44541365],[18.56691617,54.44542872],[18.5669354,54.44540407],[18.56703716,54.44542785],[18.56710591,54.44544873],[18.56713473,54.44547088],[18.56713867,54.4454661],[18.56717519,54.44547679],[18.56723646,54.44548118],[18.56730431,54.44549398],[18.56765518,54.44556017],[18.56777194,54.44555395],[18.56791598,54.44554645],[18.56784653,54.44566411],[18.56790412,54.445678],[18.56781712,54.44582778],[18.56779604,54.44586406],[18.56766117,54.44588874],[18.56761204,54.44587528],[18.56744317,54.44609295],[18.56737973,54.44607618],[18.56730626,54.44617059],[18.56723356,54.44615287],[18.56718813,54.44614178],[18.56707706,54.44615074],[18.56707121,54.44614842],[18.56703699,54.44612238],[18.56704355,54.44611334],[18.56705893,54.44611021],[18.56700602,54.44609716],[18.56692033,54.44607627],[18.56680555,54.44604814],[18.56685673,54.44598052],[18.5666712,54.44594258],[18.56653325,54.44612229],[18.56642457,54.44609018],[18.56650214,54.44598012],[18.56651261,54.44593407],[18.566356,54.44585745],[18.56635984,54.44585231],[18.56634643,54.44584992],[18.56619871,54.44577612],[18.56618045,54.44577157],[18.56607297,54.4457709],[18.56606679,54.44577875],[18.56598322,54.44575525],[18.56598578,54.44575204],[18.5659801,54.44573649],[18.56599488,54.44574063],[18.56600231,54.4457309],[18.5660214,54.44570673],[18.56604049,54.44568256],[18.56606049,54.44565713]]]}},{"type":"Feature","properties":{"postcode":"81-765","address_count":7,"both_agree_count":7,"source_conflict_count":0,"unresolved_count":0,"area_m2":4599,"support100_pct":100,"streets":"Królowej Jadwigi","label":[18.5668,54.445187],"label_r_km":0.019,"sea_km":0.41,"parts":1,"samples":[[18.56717,54.44495]]},"geometry":{"type":"Polygon","coordinates":[[[18.56638341,54.44525231],[18.5664152,54.44522062],[18.56642295,54.44521277],[18.56634431,54.44518861],[18.56634465,54.44518824],[18.56632037,54.44515264],[18.56641025,54.44502635],[18.56644937,54.44486254],[18.56646497,54.4448495],[18.56651601,54.44480677],[18.56655415,54.44482222],[18.56659524,54.44483892],[18.56654358,54.44488256],[18.56649237,54.44492584],[18.56666241,54.44497032],[18.56670223,54.44492952],[18.56674178,54.44489098],[18.56682073,54.4448137],[18.56683729,54.44479682],[18.56685965,54.44477416],[18.56688656,54.44474771],[18.56691635,54.44471685],[18.56698584,54.44464716],[18.56713831,54.44449301],[18.56748768,54.44448436],[18.56752404,54.44448346],[18.56755628,54.44445078],[18.56764603,54.44448044],[18.56770274,54.44447904],[18.56778855,54.44453283],[18.56781332,54.44455522],[18.56766149,54.44463022],[18.56756657,54.44458127],[18.56746561,54.44468309],[18.56740389,54.44474555],[18.56724667,54.44490379],[18.56709235,54.4450594],[18.56733802,54.44514378],[18.56720471,54.44526974],[18.56717991,54.44529305],[18.56703716,54.44542785],[18.5669354,54.44540407],[18.56691617,54.44542872],[18.56673313,54.44541365],[18.56663189,54.44551771],[18.56661395,54.44553567],[18.56648659,54.44550078],[18.56652855,54.44545854],[18.56662019,54.44536549],[18.5665738,54.44533649],[18.56659192,54.44531359],[18.56638341,54.44525231]]]}},{"type":"Feature","properties":{"postcode":"81-767","address_count":23,"both_agree_count":23,"source_conflict_count":0,"unresolved_count":0,"area_m2":23851,"support100_pct":100,"streets":"Bohaterów Monte Cassino","label":[18.563041,54.443538],"label_r_km":0.023,"sea_km":0.71,"parts":2,"samples":[[18.56404,54.44355]]},"geometry":{"type":"MultiPolygon","coordinates":[[[[18.56436882,54.44383679],[18.56435138,54.44383516],[18.56408885,54.44381187],[18.56413,54.44372174],[18.56414028,54.44368467],[18.56414488,54.44367151],[18.5641287,54.44366139],[18.56408577,54.44365172],[18.56408181,54.44368153],[18.56406283,54.44368045],[18.56388575,54.44367211],[18.56389684,54.44359219],[18.56389376,54.44359202],[18.56389824,54.44355966],[18.56390117,54.44355983],[18.5639135,54.44347029],[18.56391496,54.44345302],[18.56374666,54.44345534],[18.56374086,54.44350397],[18.56374395,54.44350413],[18.56373981,54.44353947],[18.56373672,54.44353939],[18.5637323,54.44357637],[18.56363626,54.44360352],[18.5635388,54.44361139],[18.56349968,54.44364298],[18.56346742,54.4436974],[18.5635049,54.44369887],[18.56349908,54.44373456],[18.56348734,54.44374468],[18.56346188,54.44374309],[18.56342954,54.44373345],[18.56341888,54.44374374],[18.56342167,54.44374499],[18.56340391,54.44376457],[18.56343411,54.44377422],[18.56342955,54.44377918],[18.56344665,54.44379007],[18.56343312,54.44380333],[18.56337955,54.44383179],[18.56332759,54.4437979],[18.56315383,54.44387453],[18.5631472,54.44387322],[18.5630863,54.44386191],[18.56304967,54.44385508],[18.56301091,54.44384951],[18.56298375,54.4439009],[18.56292525,54.44388641],[18.56292644,54.44388413],[18.56292089,54.44388424],[18.56287357,54.44388492],[18.56287349,54.44387358],[18.56278856,54.44385252],[18.562774,54.44385388],[18.56272323,54.44386627],[18.56272287,54.44387807],[18.56272277,54.44388175],[18.56262918,54.44388057],[18.56262892,54.44388929],[18.56259078,54.4438986],[18.56253369,54.44381491],[18.56252962,54.44381491],[18.56252985,54.44380928],[18.56246495,54.44371418],[18.56244994,54.44371475],[18.56244641,54.44368699],[18.56240964,54.4436331],[18.56240081,54.44359454],[18.56246442,54.44345975],[18.56252013,54.44345792],[18.56251466,54.44344275],[18.56256849,54.44344565],[18.56256985,54.44343217],[18.56261149,54.44343358],[18.56263096,54.44344769],[18.56260593,54.44346667],[18.56261095,54.44350691],[18.56269245,54.4435032],[18.56266998,54.44332496],[18.56266542,54.44330836],[18.56241816,54.44325174],[18.56241577,54.4432805],[18.562257,54.44325789],[18.56202657,54.44322517],[18.56202134,54.44323804],[18.56200298,54.44323669],[18.56200695,54.4432231],[18.56201723,54.44319692],[18.56193537,54.44318526],[18.56162031,54.44314252],[18.56148659,54.4431258],[18.56150929,54.44306011],[18.56170968,54.44308335],[18.56202882,54.44312473],[18.56219922,54.44314683],[18.56225281,54.44315377],[18.56256146,54.44321289],[18.56275518,54.44324308],[18.56275679,54.44324353],[18.56284613,54.44308677],[18.56296894,54.44307986],[18.56310042,54.44313386],[18.5631494,54.44319385],[18.56332449,54.44327721],[18.56344907,54.44328367],[18.56345816,54.44325759],[18.5638516,54.44329739],[18.56386129,54.44329183],[18.5640323,54.44330917],[18.56414852,54.4433196],[18.56415044,54.44331347],[18.56417945,54.44331558],[18.56417999,54.44331566],[18.56419698,54.44333233],[18.56432152,54.44334493],[18.56436215,54.44335076],[18.56462393,54.44338772],[18.56465536,54.44339709],[18.56458814,54.44344071],[18.56458075,54.44347733],[18.56472932,54.4434354],[18.56483981,54.44352751],[18.56502738,54.44358376],[18.56503874,54.44360524],[18.56525682,54.44365424],[18.56535016,54.44374437],[18.56538659,54.44375523],[18.56548515,54.44376865],[18.56550745,54.44378346],[18.56591203,54.44378229],[18.56593007,54.44382057],[18.56620112,54.44395411],[18.56621942,54.44400489],[18.5662384,54.44401057],[18.56651156,54.44399954],[18.56664339,54.44410108],[18.56676092,54.44409671],[18.56696815,54.44416593],[18.56707741,54.44413903],[18.56728045,54.44427513],[18.5672858,54.44427493],[18.5675349,54.44432372],[18.56767041,54.4444006],[18.56770274,54.44447904],[18.56764603,54.44448044],[18.56755628,54.44445078],[18.56752404,54.44448346],[18.56748768,54.44448436],[18.56713831,54.44449301],[18.56698584,54.44464716],[18.56691635,54.44471685],[18.56688656,54.44474771],[18.56685965,54.44477416],[18.56683729,54.44479682],[18.56682073,54.4448137],[18.56674178,54.44489098],[18.56670223,54.44492952],[18.56666241,54.44497032],[18.56649237,54.44492584],[18.56654358,54.44488256],[18.56659524,54.44483892],[18.56655415,54.44482222],[18.56651601,54.44480677],[18.56646497,54.4448495],[18.56641177,54.44489396],[18.56636233,54.44487424],[18.56643864,54.44478611],[18.56652359,54.44468545],[18.56652591,54.44468606],[18.56665469,54.44451251],[18.56651078,54.4444723],[18.56652471,54.44445453],[18.56639932,54.4444165],[18.5664671,54.44433451],[18.56644404,54.44432769],[18.56643956,54.44432642],[18.56645249,54.44431611],[18.56647904,54.44427976],[18.56647544,54.44426665],[18.56645189,54.44425331],[18.5662691,54.4441497],[18.5661541,54.44408451],[18.56603245,54.44411758],[18.56602841,54.44412489],[18.56603104,54.44412551],[18.56601129,54.44415722],[18.56600758,54.44415634],[18.56593392,54.44427034],[18.56579208,54.44423614],[18.56564315,54.44420145],[18.56570021,54.44412177],[18.56567317,54.44411762],[18.56566371,54.44411805],[18.56564918,54.44413466],[18.56561991,54.44412527],[18.56560422,54.44412071],[18.56560286,54.44412077],[18.56559317,54.4441315],[18.565563,54.44412255],[18.56556113,54.44412263],[18.56555355,54.44413097],[18.56551674,54.44412003],[18.56532154,54.44413664],[18.56529933,54.44413055],[18.56529275,54.44413909],[18.56525596,54.44414222],[18.5652599,54.44414322],[18.56525006,54.44415612],[18.56522703,54.44418641],[18.56520538,54.4442149],[18.56520432,54.44421626],[18.56507684,54.44418297],[18.56509639,54.44415818],[18.56509437,54.44415765],[18.56509579,54.44415584],[18.56507261,54.44415781],[18.56501867,54.44407751],[18.56477872,54.44398523],[18.56478992,54.44392234],[18.5645207,54.44390616],[18.5645302,54.44386856],[18.56453026,54.44386824],[18.56446982,54.44371608],[18.56443121,54.44370058],[18.56440519,54.44370032],[18.56440065,54.44371832],[18.56439865,54.44371824],[18.5643757,54.44380963],[18.56436882,54.44383679]]],[[[18.56756657,54.44458127],[18.56766149,54.44463022],[18.56781332,54.44455522],[18.56814024,54.44465088],[18.56848839,54.44499371],[18.56833468,54.44516785],[18.5680926,54.44520986],[18.56805297,54.44534213],[18.56807129,54.44536289],[18.56829712,54.44543936],[18.56822398,54.44551203],[18.56820299,54.44548814],[18.56782251,54.44549883],[18.56777194,54.44555395],[18.56765518,54.44556017],[18.56730431,54.44549398],[18.56723646,54.44548118],[18.56717519,54.44547679],[18.56713867,54.4454661],[18.56713473,54.44547088],[18.56710591,54.44544873],[18.56703716,54.44542785],[18.56717991,54.44529305],[18.56720471,54.44526974],[18.56733802,54.44514378],[18.56709235,54.4450594],[18.56724667,54.44490379],[18.56740389,54.44474555],[18.56746561,54.44468309],[18.56756657,54.44458127]]]]}},{"type":"Feature","properties":{"postcode":"81-769","address_count":6,"both_agree_count":6,"source_conflict_count":0,"unresolved_count":0,"area_m2":52749,"support100_pct":88,"streets":"Wojska Polskiego","label":[18.580064,54.437565],"label_r_km":0.048,"sea_km":0.1,"parts":4,"samples":[[18.57309,54.44321],[18.57309,54.4442],[18.57988,54.43728],[18.57988,54.43827]]},"geometry":{"type":"MultiPolygon","coordinates":[[[[18.58009292,54.4368837],[18.58015727,54.43684521],[18.58013158,54.4368377],[18.5801426,54.43683044],[18.58050558,54.43678312],[18.58100651,54.43682725],[18.58177159,54.43697359],[18.58162911,54.43707865],[18.58034085,54.43806538],[18.58002823,54.43830482],[18.57948601,54.438773],[18.57862426,54.43839177],[18.5783062,54.43866159],[18.57866487,54.43833355],[18.57868912,54.43829355],[18.57859029,54.43837673],[18.57853423,54.43835194],[18.57856528,54.43832163],[18.57860793,54.43827471],[18.57868905,54.43814674],[18.57868649,54.43812887],[18.57809388,54.43802833],[18.57823043,54.43792456],[18.57825999,54.43793074],[18.578583,54.43789505],[18.57859308,54.43788827],[18.57864225,54.43785533],[18.57872424,54.43780031],[18.57884243,54.43772167],[18.57882572,54.43774944],[18.57891116,54.4377421],[18.5791076,54.43761571],[18.57913199,54.43752891],[18.57924327,54.43745479],[18.58009292,54.4368837]],[[18.57910975,54.43765847],[18.57904857,54.43773029],[18.57913347,54.43772299],[18.57910975,54.43765847]]],[[[18.57646786,54.44149093],[18.5765309,54.44142706],[18.57646787,54.44149094],[18.57646786,54.44149093]]],[[[18.57464977,54.44173476],[18.57480748,54.44159923],[18.5741826,54.44142521],[18.57420466,54.44140453],[18.574348,54.44127141],[18.57436486,54.44127565],[18.57437734,54.44126409],[18.57459229,54.44132353],[18.57499858,54.4414322],[18.57507521,54.4413635],[18.57540744,54.44134274],[18.57646786,54.44149093],[18.5756033,54.44236694],[18.57547713,54.44249534],[18.57488259,54.44208483],[18.57464977,54.44173476]]],[[[18.57507148,54.44290817],[18.57507148,54.44290818],[18.5743885,54.44360324],[18.57380121,54.44497347],[18.57374983,54.44507668],[18.57329297,54.44478969],[18.57226099,54.4438437],[18.57223757,54.44367295],[18.57223974,54.44363736],[18.57301832,54.44322292],[18.57305559,54.44323177],[18.5730695,54.44321275],[18.5730993,54.44317226],[18.57310952,54.44317438],[18.57328527,54.44308083],[18.57500983,54.44289694],[18.57507148,54.44290817]]]]}},{"type":"Feature","properties":{"postcode":"81-770","address_count":10,"both_agree_count":8,"source_conflict_count":0,"unresolved_count":2,"area_m2":7741,"support100_pct":100,"streets":"Parkowa","label":[18.574422,54.439448],"label_r_km":0.025,"sea_km":0.25,"parts":1,"samples":[[18.57454,54.43944]]},"geometry":{"type":"Polygon","coordinates":[[[18.57409822,54.43920581],[18.57426979,54.43902988],[18.57429532,54.43900425],[18.57464316,54.43911077],[18.57481969,54.43899358],[18.57489149,54.43894659],[18.57491079,54.43894758],[18.57497044,54.43901967],[18.57483699,54.43910571],[18.57494769,54.43914094],[18.57593092,54.43944812],[18.57595739,54.43945635],[18.57581878,54.43958503],[18.57580721,54.43959569],[18.57561138,54.43977739],[18.57560226,54.43977501],[18.57558678,54.43977122],[18.57529797,54.4396973],[18.57528095,54.43971894],[18.57510798,54.43970114],[18.57506373,54.43968926],[18.5750584,54.43969604],[18.57498241,54.43968822],[18.57497794,54.43968517],[18.57502339,54.43962655],[18.57495114,54.43960776],[18.57492143,54.43964668],[18.57488478,54.43962174],[18.57490488,54.43959495],[18.57480554,54.43956794],[18.57474731,54.4396356],[18.57473148,54.43965401],[18.57464012,54.43968467],[18.57469209,54.43969983],[18.57461823,54.43978562],[18.57457349,54.43983777],[18.57424427,54.43975101],[18.57416767,54.43982972],[18.57418299,54.43983387],[18.57416024,54.43983838],[18.57413537,54.43986731],[18.57406928,54.43988254],[18.57400249,54.43984893],[18.57401181,54.43983792],[18.57369512,54.43974356],[18.57378052,54.43964513],[18.5737875,54.43963711],[18.57397152,54.43942653],[18.57402919,54.43944317],[18.57399969,54.43940442],[18.57399649,54.4394035],[18.57407552,54.43931266],[18.57415335,54.43922316],[18.57409822,54.43920581]],[[18.57558817,54.43971358],[18.57548516,54.43971608],[18.57547627,54.43972682],[18.57561786,54.43976658],[18.57564771,54.43973032],[18.57558817,54.43971358]]]}},{"type":"Feature","properties":{"postcode":"81-771","address_count":57,"both_agree_count":55,"source_conflict_count":1,"unresolved_count":1,"area_m2":36208,"support100_pct":100,"streets":"Grunwaldzka","label":[18.575675,54.437983],"label_r_km":0.036,"sea_km":0.28,"parts":2,"samples":[[18.57245,54.44072],[18.57415,54.43875],[18.57585,54.43776]]},"geometry":{"type":"MultiPolygon","coordinates":[[[[18.57270959,54.43974533],[18.5727384,54.43968978],[18.57271714,54.43967964],[18.57274491,54.43965948],[18.57272614,54.43965085],[18.57275641,54.43963039],[18.57269729,54.43961742],[18.57274362,54.43955536],[18.5724818,54.43942757],[18.57239941,54.43938853],[18.57256989,54.43926777],[18.57277156,54.43932664],[18.57278327,54.43932016],[18.57288508,54.43920264],[18.57292492,54.43918222],[18.57299868,54.43922162],[18.57300821,54.43920901],[18.57303151,54.43922147],[18.57306277,54.43923698],[18.57320374,54.43921761],[18.57323092,54.4391829],[18.57316719,54.43910986],[18.57321178,54.43907318],[18.57321705,54.43907522],[18.57327288,54.43901135],[18.5733721,54.43889794],[18.57339203,54.43887525],[18.57354198,54.4389108],[18.5736201,54.4389086],[18.57368215,54.43880911],[18.57356945,54.43874723],[18.57366588,54.4386873],[18.57366867,54.4386889],[18.57373457,54.43872505],[18.57380083,54.4386188],[18.57386587,54.43860802],[18.57383778,54.43859215],[18.57373805,54.43853611],[18.57381002,54.4384912],[18.57398694,54.43837931],[18.57405432,54.43833695],[18.57415219,54.43838042],[18.57436995,54.43824569],[18.57422152,54.4381685],[18.57442674,54.43804138],[18.57416353,54.43791307],[18.57438211,54.4377823],[18.57442329,54.43780583],[18.57446255,54.43782477],[18.57449591,54.43784097],[18.57472637,54.43795361],[18.57472791,54.4379528],[18.57476701,54.43792818],[18.57483009,54.43796287],[18.57483442,54.43796467],[18.57486456,54.43795696],[18.57498353,54.43786737],[18.57504683,54.43785207],[18.57495615,54.43780797],[18.57519501,54.43765058],[18.57528408,54.43769459],[18.57534296,54.43764954],[18.57539043,54.43764007],[18.57589985,54.43726163],[18.57599735,54.43726585],[18.5760372,54.43758727],[18.57604309,54.43758869],[18.57609614,54.43760137],[18.57625238,54.43751024],[18.57639226,54.4375386],[18.57625485,54.43764203],[18.57616964,54.43766661],[18.57604706,54.43773925],[18.57632125,54.43788196],[18.57655973,54.43800597],[18.57625647,54.43817516],[18.57616898,54.43822392],[18.57605677,54.43828941],[18.57591015,54.43837393],[18.57590296,54.43837811],[18.57556786,54.43856416],[18.57551509,54.43859315],[18.57547838,54.43861328],[18.57546094,54.43862288],[18.57534591,54.43868506],[18.57529558,54.43871252],[18.57520828,54.4386833],[18.57509839,54.43873357],[18.57514984,54.4387506],[18.57515418,54.43877465],[18.57492673,54.43892353],[18.57491079,54.43894758],[18.57489149,54.43894659],[18.57481969,54.43899358],[18.57464316,54.43911077],[18.57429532,54.43900425],[18.57426979,54.43902988],[18.57409822,54.43920581],[18.57415335,54.43922316],[18.57407552,54.43931266],[18.57399649,54.4394035],[18.57399969,54.43940442],[18.57402919,54.43944317],[18.57397152,54.43942653],[18.5737875,54.43963711],[18.57378052,54.43964513],[18.57369512,54.43974356],[18.57360364,54.43984893],[18.57360712,54.43984999],[18.57362052,54.43988891],[18.57355138,54.43998911],[18.57354128,54.43998606],[18.57351064,54.44002097],[18.57346794,54.44000977],[18.57344579,54.44003539],[18.57337899,54.44011954],[18.57336942,54.44011674],[18.57333718,54.4401552],[18.57334871,54.44015885],[18.57333912,54.44016752],[18.57330702,54.44019732],[18.57310714,54.44043259],[18.57312332,54.4404373],[18.57312065,54.44044148],[18.57310819,54.44044428],[18.57310482,54.44044789],[18.57280567,54.44060603],[18.57279956,54.44060448],[18.57277303,54.44063623],[18.57277076,54.44063902],[18.57286236,54.44066429],[18.57283241,54.44070441],[18.57277914,54.44077519],[18.57275867,54.44076667],[18.57264874,54.44090806],[18.57267481,54.44091459],[18.57267336,54.44092084],[18.57267817,54.44093844],[18.57259905,54.44103588],[18.57259898,54.44103629],[18.57253713,54.44110967],[18.5725259,54.44115695],[18.57252265,54.4411607],[18.57244215,54.44113851],[18.57237152,54.44122383],[18.57239385,54.44122996],[18.5723866,54.44123145],[18.57236924,54.44122672],[18.57235738,54.44122355],[18.57233984,54.44121886],[18.57213019,54.44116226],[18.57211761,54.44117805],[18.57201664,54.4411522],[18.57188123,54.44129415],[18.57183902,54.44129963],[18.57160495,54.44124009],[18.57164083,54.44117349],[18.57163738,54.4411725],[18.57164511,54.44116557],[18.57167214,54.44111537],[18.57169139,54.44109921],[18.57169205,54.44109085],[18.57173829,54.44103582],[18.57169541,54.44102272],[18.57170508,54.44101102],[18.57168176,54.44097837],[18.57177796,54.44088719],[18.57168185,54.44079214],[18.57168796,54.44078647],[18.57173614,54.44073772],[18.57182766,54.44065697],[18.57195974,54.44053379],[18.57192352,54.44051972],[18.57197812,54.44047505],[18.57184325,54.44042564],[18.5718713,54.44040376],[18.57195714,54.44043533],[18.57198606,54.44041005],[18.57190193,54.44037828],[18.57205552,54.44025007],[18.57207803,54.44022947],[18.57200395,54.44020008],[18.57215165,54.44003686],[18.57232528,54.43991941],[18.57240074,54.43995868],[18.57242789,54.43997258],[18.57259206,54.43987933],[18.57257848,54.43987248],[18.57259863,54.43985819],[18.57259398,54.43985588],[18.57262791,54.43981358],[18.57262559,54.43981243],[18.57266511,54.43978366],[18.57259562,54.43975317],[18.57262831,54.4397098],[18.57270959,54.43974533]]],[[[18.57214002,54.44157937],[18.57201383,54.44173809],[18.57172556,54.44166039],[18.57172887,54.44165639],[18.57164837,54.44164671],[18.57164146,54.44152819],[18.57174131,54.44149463],[18.57184914,54.44151066],[18.57185958,54.44149803],[18.57191496,54.44151313],[18.57191179,54.4415172],[18.57193447,54.44152335],[18.57197364,54.44152918],[18.57208025,54.44155834],[18.57208162,54.44156331],[18.57211896,54.44157344],[18.57214002,54.44157937]]]]}},{"type":"Feature","properties":{"postcode":"81-773","address_count":2,"both_agree_count":2,"source_conflict_count":0,"unresolved_count":0,"area_m2":3094,"support100_pct":100,"streets":"Książąt Pomorskich","label":[18.572218,54.439571],"label_r_km":0.023,"sea_km":0.36,"parts":1,"samples":[[18.5726,54.43972]]},"geometry":{"type":"Polygon","coordinates":[[[18.57189884,54.43936718],[18.57197129,54.43923975],[18.57205462,54.43922381],[18.57206425,54.43922867],[18.57210974,54.43925199],[18.57217954,54.43928364],[18.57222258,54.43925266],[18.57238597,54.4393378],[18.57235891,54.43936932],[18.57239941,54.43938853],[18.5724818,54.43942757],[18.57274362,54.43955536],[18.57269729,54.43961742],[18.57275641,54.43963039],[18.57272614,54.43965085],[18.57274491,54.43965948],[18.57271714,54.43967964],[18.5727384,54.43968978],[18.57270959,54.43974533],[18.57262831,54.4397098],[18.57259562,54.43975317],[18.57266511,54.43978366],[18.57262559,54.43981243],[18.57262791,54.43981358],[18.57259398,54.43985588],[18.57259863,54.43985819],[18.57257848,54.43987248],[18.57259206,54.43987933],[18.57242789,54.43997258],[18.57240074,54.43995868],[18.57232528,54.43991941],[18.57175211,54.43962532],[18.57181543,54.43951394],[18.57178361,54.43949773],[18.57193325,54.4393848],[18.57189884,54.43936718]]]}},{"type":"Feature","properties":{"postcode":"81-775","address_count":26,"both_agree_count":26,"source_conflict_count":0,"unresolved_count":0,"area_m2":25159,"support100_pct":100,"streets":"Bitwy pod Płowcami","label":[18.575731,54.436849],"label_r_km":0.039,"sea_km":0.34,"parts":1,"samples":[[18.57362,54.4378],[18.57532,54.43681],[18.57702,54.43681]]},"geometry":{"type":"Polygon","coordinates":[[[18.57306432,54.43840247],[18.5730426,54.43841488],[18.57301106,54.43839707],[18.5730807,54.43835679],[18.57297085,54.43831742],[18.57298804,54.4382463],[18.57288196,54.43811206],[18.57287284,54.43806823],[18.57281339,54.43803799],[18.57277318,54.43801725],[18.57279474,54.43800457],[18.57283097,54.43798328],[18.57307711,54.43783881],[18.57297292,54.4377845],[18.57299448,54.43777173],[18.57311462,54.43770045],[18.57325649,54.4376164],[18.57341961,54.43752129],[18.57348919,54.43755915],[18.57361661,54.43747885],[18.57365636,54.43749906],[18.57370039,54.43752218],[18.57370851,54.43748363],[18.57369504,54.43747659],[18.57384134,54.43739072],[18.57388338,54.4373659],[18.57389194,54.43736083],[18.57392487,54.43737981],[18.57395975,54.43736006],[18.57402196,54.4373959],[18.57402446,54.43739599],[18.57420275,54.43728544],[18.5742136,54.43728332],[18.57423385,54.43726523],[18.57422328,54.43725917],[18.57421708,54.4372556],[18.57429276,54.43721212],[18.57425328,54.43718913],[18.57425143,54.43718815],[18.57442123,54.43708555],[18.57443327,54.43708819],[18.57448465,54.4370582],[18.57450314,54.43704742],[18.57455926,54.43708085],[18.5745899,54.43709004],[18.57461916,54.4370989],[18.57466114,54.43707021],[18.57470129,54.43703139],[18.57476695,54.43698732],[18.57485308,54.43694172],[18.57485658,54.43693856],[18.57493778,54.43689253],[18.57494119,54.43689377],[18.57499774,54.43686071],[18.57507661,54.43680158],[18.57506017,54.4367941],[18.57508175,54.43677235],[18.57510802,54.43676728],[18.57509326,54.43675765],[18.57519554,54.43667693],[18.57527965,54.43660816],[18.57538376,54.43653579],[18.57540486,54.43654602],[18.57541045,54.43654878],[18.57564442,54.43639511],[18.57575834,54.43632035],[18.57577014,54.43632641],[18.57598453,54.43643581],[18.57600206,54.43644488],[18.57605625,54.43647257],[18.57597718,54.43652442],[18.57602643,54.43654833],[18.57610835,54.43656174],[18.57613346,54.43655536],[18.57649864,54.43631188],[18.57651061,54.43631793],[18.57708137,54.43660595],[18.57763693,54.43688612],[18.57764423,54.43688977],[18.57700667,54.43731105],[18.57691901,54.43736906],[18.57653341,54.43717389],[18.57634752,54.43721035],[18.57634141,54.43721313],[18.57599735,54.43726585],[18.57589985,54.43726163],[18.5757745,54.43721166],[18.57517273,54.43712814],[18.57487234,54.43733972],[18.57470148,54.43740856],[18.57471871,54.4374171],[18.57494559,54.4375277],[18.57510854,54.43760697],[18.57513975,54.43758543],[18.57534296,54.43764954],[18.57528408,54.43769459],[18.57519501,54.43765058],[18.57495615,54.43780797],[18.57504683,54.43785207],[18.57498353,54.43786737],[18.57486456,54.43795696],[18.57483442,54.43796467],[18.57483009,54.43796287],[18.57476701,54.43792818],[18.57472791,54.4379528],[18.57472637,54.43795361],[18.57449591,54.43784097],[18.57446255,54.43782477],[18.57442329,54.43780583],[18.57438211,54.4377823],[18.57416353,54.43791307],[18.57442674,54.43804138],[18.57422152,54.4381685],[18.57436995,54.43824569],[18.57415219,54.43838042],[18.57405432,54.43833695],[18.57403215,54.43835088],[18.57386454,54.43831191],[18.57386531,54.43831143],[18.5738167,54.43828587],[18.57379876,54.43829661],[18.57379708,54.43829621],[18.57373811,54.43833028],[18.57358785,54.43842047],[18.5735611,54.43843704],[18.57354642,54.43844492],[18.57350929,54.43842327],[18.57349002,54.43843432],[18.57342536,54.43839626],[18.57340781,54.43838602],[18.57335935,54.438415],[18.57338033,54.43842792],[18.57332623,54.43846035],[18.57331157,54.43845871],[18.5732654,54.43843215],[18.57318306,54.43838493],[18.57321547,54.43836519],[18.57321329,54.43836403],[18.57323452,54.43835099],[18.57319553,54.43832916],[18.57312304,54.43836922],[18.5731075,54.43835995],[18.57308899,54.43837046],[18.57310438,54.43837982],[18.5730848,54.43839087],[18.57307672,54.43838606],[18.57305623,54.43839775],[18.57306432,54.43840247]]]}},{"type":"Feature","properties":{"postcode":"81-776","address_count":6,"both_agree_count":6,"source_conflict_count":0,"unresolved_count":0,"area_m2":9873,"support100_pct":100,"streets":"Na Wydmach","label":[18.576926,54.437954],"label_r_km":0.024,"sea_km":0.21,"parts":2,"samples":[[18.576926,54.437954]]},"geometry":{"type":"MultiPolygon","coordinates":[[[[18.57625238,54.43751024],[18.57609614,54.43760137],[18.57604309,54.43758869],[18.5760372,54.43758727],[18.57599735,54.43726585],[18.57634141,54.43721313],[18.57634752,54.43721035],[18.57653341,54.43717389],[18.57691901,54.43736906],[18.57700667,54.43731105],[18.57704652,54.43732774],[18.57715798,54.43738454],[18.57727362,54.43744355],[18.57698472,54.43763612],[18.57717389,54.43768599],[18.57716418,54.43770271],[18.57731433,54.43784592],[18.57772362,54.43796094],[18.57773025,54.43796664],[18.57769969,54.43796145],[18.57752882,54.43793244],[18.57749337,54.43796594],[18.57723155,54.4382325],[18.57720096,54.43826068],[18.57717664,54.43825136],[18.57713597,54.43828686],[18.57682448,54.43816688],[18.57676391,54.43822161],[18.57677354,54.43822669],[18.57666525,54.43829729],[18.57663979,54.43828421],[18.57658578,54.43832319],[18.57625647,54.43817516],[18.57655973,54.43800597],[18.57632125,54.43788196],[18.57604706,54.43773925],[18.57616964,54.43766661],[18.57625485,54.43764203],[18.57639226,54.4375386],[18.57625238,54.43751024]]],[[[18.57510854,54.43760697],[18.57494559,54.4375277],[18.57471871,54.4374171],[18.57470148,54.43740856],[18.57487234,54.43733972],[18.57517273,54.43712814],[18.5757745,54.43721166],[18.57589985,54.43726163],[18.57539043,54.43764007],[18.57534296,54.43764954],[18.57513975,54.43758543],[18.57510854,54.43760697]]]]}},{"type":"Feature","properties":{"postcode":"81-777","address_count":28,"both_agree_count":28,"source_conflict_count":0,"unresolved_count":0,"area_m2":77375,"support100_pct":95,"streets":"Emilii Plater","label":[18.58145,54.4356],"label_r_km":0.095,"sea_km":0.14,"parts":2,"samples":[[18.57783,54.43692],[18.57783,54.43791],[18.57953,54.43593],[18.57953,54.43692],[18.58123,54.43494],[18.58123,54.43593],[18.58293,54.43593]]},"geometry":{"type":"MultiPolygon","coordinates":[[[[18.57809654,54.43659076],[18.57808955,54.43658685],[18.57803612,54.43655763],[18.57845393,54.4362816],[18.57845681,54.43627907],[18.57845745,54.43627939],[18.57864408,54.43622367],[18.57869397,54.43618881],[18.57870374,54.43618194],[18.57864553,54.43615238],[18.57870539,54.43611302],[18.57879454,54.43605185],[18.5788144,54.43603963],[18.57887758,54.43599494],[18.57888689,54.4359887],[18.57892083,54.43596895],[18.57896404,54.43594027],[18.57903077,54.43589592],[18.57904833,54.43588434],[18.57905032,54.43588298],[18.57907199,54.43586859],[18.57907306,54.43586795],[18.57913261,54.43582841],[18.57918407,54.43579312],[18.57921783,54.43577283],[18.57930102,54.43571539],[18.57930256,54.43571438],[18.57941004,54.43564298],[18.57944639,54.43561882],[18.579436,54.43561337],[18.58018961,54.435037],[18.58016219,54.43494663],[18.58017826,54.43489824],[18.58084977,54.43469618],[18.58095821,54.4347129],[18.58107142,54.43464671],[18.58122947,54.43455431],[18.58140953,54.43444904],[18.58163897,54.43456509],[18.58273833,54.43512097],[18.58298476,54.43495558],[18.58406593,54.43501319],[18.58433938,54.43508917],[18.58337268,54.43579291],[18.58177159,54.43697359],[18.58100651,54.43682725],[18.58050558,54.43678312],[18.5801426,54.43683044],[18.58013158,54.4368377],[18.58015727,54.43684521],[18.58009292,54.4368837],[18.57924327,54.43745479],[18.57913199,54.43752891],[18.5791076,54.43761571],[18.57891116,54.4377421],[18.57882572,54.43774944],[18.57884243,54.43772167],[18.57872424,54.43780031],[18.57864225,54.43785533],[18.57859308,54.43788827],[18.578583,54.43789505],[18.57825999,54.43793074],[18.57823043,54.43792456],[18.57809388,54.43802833],[18.57773025,54.43796664],[18.57772362,54.43796094],[18.57731433,54.43784592],[18.57716418,54.43770271],[18.57717389,54.43768599],[18.57698472,54.43763612],[18.57727362,54.43744355],[18.57715798,54.43738454],[18.57704652,54.43732774],[18.57700667,54.43731105],[18.57764423,54.43688977],[18.57767844,54.43686715],[18.57809654,54.43659076]]],[[[18.57913347,54.43772299],[18.57904857,54.43773029],[18.57910975,54.43765847],[18.57913347,54.43772299]]]]}},{"type":"Feature","properties":{"postcode":"81-778","address_count":1,"both_agree_count":1,"source_conflict_count":0,"unresolved_count":0,"area_m2":1603,"support100_pct":100,"streets":"Mieszka I","label":[18.56975,54.439841],"label_r_km":0.016,"sea_km":0.48,"parts":1,"samples":[[18.56975,54.439841]]},"geometry":{"type":"Polygon","coordinates":[[[18.57010821,54.43984881],[18.56979527,54.44011607],[18.56968025,54.44005385],[18.56971748,54.4400152],[18.56963344,54.43997885],[18.56952539,54.43993426],[18.56950026,54.43995649],[18.56933763,54.43986852],[18.56936518,54.43982568],[18.56939597,54.43983838],[18.56940099,54.43985551],[18.569459,54.43980402],[18.56943327,54.43979409],[18.56935562,54.43976363],[18.5695927,54.43955309],[18.56959483,54.43955138],[18.56955181,54.43953554],[18.5695596,54.43952344],[18.56960785,54.43954484],[18.56965845,54.43956741],[18.57010821,54.43984881]]]}},{"type":"Feature","properties":{"postcode":"81-779","address_count":3,"both_agree_count":3,"source_conflict_count":0,"unresolved_count":0,"area_m2":3800,"support100_pct":100,"streets":"Mieszka I","label":[18.57083,54.440267],"label_r_km":0.019,"sea_km":0.4,"parts":2,"samples":[[18.57114,54.44046]]},"geometry":{"type":"MultiPolygon","coordinates":[[[[18.57065663,54.44001267],[18.5706778,54.43996161],[18.57067859,54.43996163],[18.5707669,54.43999444],[18.57127592,54.44019832],[18.57184325,54.44042564],[18.57197812,54.44047505],[18.57192352,54.44051972],[18.57195974,54.44053379],[18.57182766,54.44065697],[18.57173614,54.44073772],[18.57147861,54.44064074],[18.57130561,54.44057049],[18.57107991,54.44047902],[18.57098349,54.44043986],[18.57085459,54.4405587],[18.57057951,54.44045353],[18.57050761,54.44042566],[18.57050061,54.44042174],[18.57054521,54.44038002],[18.57047982,54.44035607],[18.57043707,54.44034064],[18.57037153,54.44032792],[18.57035561,54.44034414],[18.57033795,54.44032684],[18.57034787,54.44032029],[18.57028591,54.4403003],[18.57029792,54.44028775],[18.57042933,54.4403272],[18.57064159,54.44011722],[18.57066653,54.44009267],[18.57069086,54.44006847],[18.57072203,54.44003768],[18.57065663,54.44001267]]],[[[18.57198606,54.44041005],[18.57195714,54.44043533],[18.5718713,54.44040376],[18.57190193,54.44037828],[18.57198606,54.44041005]]]]}},{"type":"Feature","properties":{"postcode":"81-780","address_count":14,"both_agree_count":14,"source_conflict_count":0,"unresolved_count":0,"area_m2":23442,"support100_pct":100,"streets":"Kazimierza Wielkiego","label":[18.570428,54.439531],"label_r_km":0.039,"sea_km":0.46,"parts":3,"samples":[[18.57038,54.43958]]},"geometry":{"type":"MultiPolygon","coordinates":[[[[18.5723831,54.43900335],[18.57209859,54.43920434],[18.57206425,54.43922867],[18.57205462,54.43922381],[18.57197129,54.43923975],[18.57149695,54.43910542],[18.57147784,54.43904584],[18.57107674,54.43895806],[18.57097058,54.43904588],[18.57082942,54.43895949],[18.57081999,54.43896601],[18.57064759,54.4388878],[18.57057137,54.43880544],[18.57055012,54.43879307],[18.57048858,54.43875751],[18.57076946,54.43852672],[18.5708682,54.43856734],[18.5708729,54.43854421],[18.57083128,54.43852768],[18.57085852,54.4385033],[18.57087402,54.43850951],[18.57088116,54.43850362],[18.57089796,54.43842096],[18.5709703,54.43836144],[18.57104968,54.43829467],[18.57103355,54.43828837],[18.57109968,54.43823444],[18.57112443,54.43823172],[18.57114581,54.43821372],[18.5711652,54.43822172],[18.57123567,54.43819266],[18.57123166,54.43819102],[18.57127566,54.43815219],[18.57127721,54.43815281],[18.57132562,54.43811017],[18.57138117,54.43813261],[18.57144734,54.43810531],[18.57150159,54.43812758],[18.57151274,54.43813211],[18.57166621,54.43819544],[18.57172106,54.43814998],[18.57179091,54.43816224],[18.57187607,54.43809131],[18.57199285,54.43815275],[18.57186036,54.43826271],[18.57187206,54.43831188],[18.57182637,54.43834051],[18.57188441,54.43836376],[18.57188512,54.43836675],[18.57192265,54.43838823],[18.57194394,54.43841195],[18.57195722,54.43841742],[18.57195241,54.43842141],[18.57206163,54.43854311],[18.57183715,54.43874039],[18.57220912,54.43894427],[18.57223361,54.43892733],[18.5723831,54.43900335]]],[[[18.57094805,54.43832379],[18.57096256,54.43829393],[18.57096624,54.43829084],[18.57100686,54.43830737],[18.57095383,54.43835181],[18.57092927,54.43834188],[18.57094805,54.43832379]]],[[[18.56995441,54.44035954],[18.56991569,54.44034652],[18.56992967,54.44032803],[18.56992079,54.44032615],[18.56979344,54.44024204],[18.56979527,54.44011607],[18.57010821,54.43984881],[18.56965845,54.43956741],[18.56960785,54.43954484],[18.5695596,54.43952344],[18.5695289,54.43950981],[18.56969737,54.43938701],[18.56980723,54.43930653],[18.56984263,54.43928058],[18.56987695,54.43925526],[18.56990884,54.43923193],[18.56994562,54.43920498],[18.56997899,54.43917724],[18.56998717,54.43917947],[18.57006718,54.43916379],[18.57008367,54.43916822],[18.57010409,54.43917377],[18.57012114,54.43915322],[18.57036089,54.43910625],[18.57041863,54.43911774],[18.57042489,54.43910919],[18.5705539,54.43914227],[18.57055235,54.43914436],[18.5708044,54.43919454],[18.57080828,54.4392009],[18.5708397,54.43920883],[18.5709071,54.43919254],[18.57091433,54.43919079],[18.57105505,54.43926319],[18.57121193,54.43930279],[18.57121777,54.43935112],[18.57175211,54.43962532],[18.57232528,54.43991941],[18.57215165,54.44003686],[18.57200395,54.44020008],[18.57207803,54.44022947],[18.57205552,54.44025007],[18.57190193,54.44037828],[18.5718713,54.44040376],[18.57184325,54.44042564],[18.57127592,54.44019832],[18.5707669,54.43999444],[18.57067859,54.43996163],[18.5706778,54.43996161],[18.57065663,54.44001267],[18.57072203,54.44003768],[18.57069086,54.44006847],[18.57066653,54.44009267],[18.57064159,54.44011722],[18.57042933,54.4403272],[18.57029792,54.44028775],[18.57028591,54.4403003],[18.57034787,54.44032029],[18.57033795,54.44032684],[18.57027088,54.44032744],[18.57026236,54.44032476],[18.57023942,54.44034894],[18.5702104,54.44037936],[18.57016098,54.44042783],[18.56995441,54.44035954]]]]}},{"type":"Feature","properties":{"postcode":"81-781","address_count":5,"both_agree_count":5,"source_conflict_count":0,"unresolved_count":0,"area_m2":10587,"support100_pct":100,"streets":"Jana Sobieskiego","label":[18.567109,54.440326],"label_r_km":0.029,"sea_km":0.6,"parts":1,"samples":[[18.56689,54.44016],[18.56689,54.44115]]},"geometry":{"type":"Polygon","coordinates":[[[18.56716332,54.43970872],[18.56730187,54.43966866],[18.56745586,54.43980969],[18.5676375,54.43989041],[18.56763128,54.4398978],[18.56759653,54.43993854],[18.56779906,54.44012404],[18.56776202,54.44016762],[18.56762535,54.4403272],[18.56761564,54.44033856],[18.56761842,54.44033918],[18.56767316,54.44035114],[18.56742663,54.44063693],[18.56739705,54.44075027],[18.56732782,54.44072535],[18.56732147,54.44072314],[18.56731276,54.44074016],[18.56730777,54.4407471],[18.56730961,54.44074745],[18.56727412,54.44079909],[18.56727241,54.44079875],[18.56716857,54.44094747],[18.56711212,54.44103363],[18.56690827,54.44134222],[18.56682675,54.44132077],[18.56678477,54.44129439],[18.56658619,54.44125879],[18.56654432,54.44116404],[18.5665342,54.4411606],[18.56648258,54.4412683],[18.56651327,54.44130139],[18.56633122,54.44125733],[18.56638845,54.44113703],[18.56639908,54.44111473],[18.56637653,54.44110708],[18.56639028,54.44107952],[18.56636755,54.44107549],[18.56623548,54.44105463],[18.56623278,54.4410604],[18.56619261,54.44105394],[18.56604277,54.44102939],[18.56612965,54.44099674],[18.56611432,54.44076071],[18.566148,54.44069127],[18.5661543,54.44067839],[18.56617806,54.44067989],[18.5664314,54.44070844],[18.56658872,54.44072612],[18.56666287,54.44037025],[18.56666786,54.44022927],[18.56670366,54.44014276],[18.56677158,54.44002654],[18.56637831,54.4400093],[18.56637749,54.43993588],[18.56700486,54.43975452],[18.56707314,54.43967491],[18.56716332,54.43970872]]]}},{"type":"Feature","properties":{"postcode":"81-782","address_count":26,"both_agree_count":13,"source_conflict_count":0,"unresolved_count":13,"area_m2":18018,"support100_pct":99,"streets":"Fryderyka Chopina","label":[18.567626,54.44153],"label_r_km":0.051,"sea_km":0.51,"parts":1,"samples":[[18.56713,54.44122],[18.56713,54.44221]]},"geometry":{"type":"Polygon","coordinates":[[[18.5665612,54.44141321],[18.56647367,54.44139382],[18.5664695,54.44131521],[18.56650316,54.44129895],[18.56651327,54.44130139],[18.56650857,54.44129632],[18.56658619,54.44125879],[18.56678477,54.44129439],[18.56682675,54.44132077],[18.56690827,54.44134222],[18.56711212,54.44103363],[18.56716857,54.44094747],[18.56727241,54.44079875],[18.56727412,54.44079909],[18.56730961,54.44074745],[18.56730777,54.4407471],[18.56731276,54.44074016],[18.56732147,54.44072314],[18.56732782,54.44072535],[18.56739705,54.44075027],[18.56780759,54.44090988],[18.5679725,54.44097452],[18.56808315,54.44101784],[18.56810252,54.44102548],[18.56832772,54.44111426],[18.56849798,54.44092039],[18.56878909,54.44100419],[18.56876798,54.4410272],[18.56862782,54.44117915],[18.56868684,54.44120187],[18.5686858,54.44120763],[18.56875825,54.44127676],[18.56875321,54.441284],[18.56877065,54.44131954],[18.56862833,54.44150033],[18.56863155,54.44150456],[18.56861327,54.44151944],[18.56854702,54.44160359],[18.56845691,54.44176135],[18.56849203,54.44177044],[18.56844915,54.44182392],[18.56848102,54.44183314],[18.56855103,54.44188162],[18.56858105,54.44193521],[18.56842044,54.44202728],[18.56834096,54.44202111],[18.56832158,54.44204014],[18.56803844,54.44196429],[18.56790186,54.44213134],[18.56779351,54.4422658],[18.56775683,54.44231126],[18.56772279,54.44230135],[18.56757886,54.44246007],[18.56747853,54.44242855],[18.56752602,54.44236677],[18.56748504,54.44237993],[18.56726396,54.442323],[18.56721217,54.44226411],[18.56715499,54.44223059],[18.56706998,54.44221999],[18.56706962,54.44222041],[18.5670671,54.44221963],[18.56695782,54.44220601],[18.56682562,54.44216504],[18.56675394,54.44214339],[18.56671853,54.44211242],[18.56661016,54.44207972],[18.56637799,54.44201018],[18.56639495,54.44198872],[18.56631138,54.44196459],[18.56633926,54.44193122],[18.56628398,54.44183904],[18.56630532,54.4417655],[18.56645667,54.4416891],[18.56643003,54.44168192],[18.56646324,54.44164124],[18.56643831,54.44163427],[18.56646003,54.44160705],[18.56646544,54.44160026],[18.56646171,54.44159848],[18.56642072,54.4415879],[18.56645935,54.44153884],[18.56650694,54.44148022],[18.5665612,54.44141321]]]}},{"type":"Feature","properties":{"postcode":"81-783","address_count":13,"both_agree_count":12,"source_conflict_count":1,"unresolved_count":0,"area_m2":21622,"support100_pct":98,"streets":"Bolesława Chrobrego","label":[18.568421,54.439624],"label_r_km":0.05,"sea_km":0.57,"parts":2,"samples":[[18.56815,54.43957],[18.56985,54.44056]]},"geometry":{"type":"MultiPolygon","coordinates":[[[[18.56763128,54.4398978],[18.5676375,54.43989041],[18.56745586,54.43980969],[18.56730187,54.43966866],[18.56760793,54.43933968],[18.56777281,54.43927211],[18.56825552,54.43914447],[18.56837526,54.43907915],[18.56858545,54.43915515],[18.56869297,54.43919526],[18.56876625,54.43922276],[18.56902913,54.43931658],[18.56906863,54.43933067],[18.56919352,54.43937753],[18.56945151,54.43947532],[18.56952549,54.4395083],[18.5695289,54.43950981],[18.5695596,54.43952344],[18.56955181,54.43953554],[18.56959483,54.43955138],[18.5695927,54.43955309],[18.56935562,54.43976363],[18.56943327,54.43979409],[18.569459,54.43980402],[18.56940099,54.43985551],[18.56939597,54.43983838],[18.56936518,54.43982568],[18.56933763,54.43986852],[18.56922385,54.4399089],[18.5689472,54.44015408],[18.56921622,54.44020622],[18.56927627,54.44015475],[18.56948744,54.44025383],[18.56957131,54.44016692],[18.56976693,54.4402439],[18.56979344,54.44024204],[18.56992079,54.44032615],[18.56992967,54.44032803],[18.56991569,54.44034652],[18.56995441,54.44035954],[18.57016098,54.44042783],[18.5702104,54.44037936],[18.57023942,54.44034894],[18.57026236,54.44032476],[18.57027088,54.44032744],[18.57033795,54.44032684],[18.57035561,54.44034414],[18.57037153,54.44032792],[18.57043707,54.44034064],[18.57047982,54.44035607],[18.57054521,54.44038002],[18.57050061,54.44042174],[18.57050761,54.44042566],[18.57057951,54.44045353],[18.57085459,54.4405587],[18.57098349,54.44043986],[18.57107991,54.44047902],[18.57130561,54.44057049],[18.57147861,54.44064074],[18.57173614,54.44073772],[18.57168796,54.44078647],[18.57168185,54.44079214],[18.57177796,54.44088719],[18.57168176,54.44097837],[18.57170508,54.44101102],[18.57169541,54.44102272],[18.57173829,54.44103582],[18.57169205,54.44109085],[18.57169139,54.44109921],[18.57167214,54.44111537],[18.57164511,54.44116557],[18.57163738,54.4411725],[18.57164083,54.44117349],[18.57160495,54.44124009],[18.57149176,54.44125753],[18.57133911,54.44121533],[18.57128953,54.44110471],[18.57097583,54.44101414],[18.57096932,54.44100012],[18.57086376,54.44097418],[18.57086288,54.44097399],[18.5707136,54.44097167],[18.57047036,54.44091904],[18.57046998,54.44091918],[18.5700805,54.44080401],[18.57003484,54.44077442],[18.57002766,54.44077293],[18.56989572,54.44079499],[18.56954748,54.44070173],[18.56952191,54.44065661],[18.56925492,54.44057231],[18.56921791,54.44054239],[18.56896025,54.44047093],[18.56876864,54.44037286],[18.56875467,54.44023713],[18.5686266,54.44017937],[18.56854194,54.4401412],[18.56850048,54.44014268],[18.56820841,54.44014405],[18.5679005,54.44000471],[18.56779906,54.44012404],[18.56759653,54.43993854],[18.56763128,54.4398978]]],[[[18.56931297,54.4392439],[18.5693863,54.4392751],[18.56933674,54.43931369],[18.56926434,54.43928303],[18.56931297,54.4392439]]]]}},{"type":"Feature","properties":{"postcode":"81-784","address_count":13,"both_agree_count":13,"source_conflict_count":0,"unresolved_count":0,"area_m2":6893,"support100_pct":100,"streets":"gen. Stanisława Fiszera","label":[18.568048,54.442498],"label_r_km":0.028,"sea_km":0.45,"parts":2,"samples":[[18.56802,54.44246]]},"geometry":{"type":"MultiPolygon","coordinates":[[[[18.56752602,54.44236677],[18.56747853,54.44242855],[18.56750152,54.44239863],[18.56748504,54.44237993],[18.56752602,54.44236677]]],[[[18.56718483,54.44291707],[18.56718597,54.44291578],[18.56716921,54.44290839],[18.56720519,54.44281755],[18.56725699,54.44275931],[18.56729383,54.44275234],[18.56736063,54.44271946],[18.56741268,54.44266093],[18.56741936,54.44265353],[18.56746555,54.4426678],[18.56752144,54.44264028],[18.56752134,54.44263306],[18.56745548,54.44261302],[18.56753017,54.44252903],[18.56758769,54.44246443],[18.56757886,54.44246007],[18.56772279,54.44230135],[18.56775683,54.44231126],[18.56779351,54.4422658],[18.56790186,54.44213134],[18.56803844,54.44196429],[18.56832158,54.44204014],[18.56834096,54.44202111],[18.56842044,54.44202728],[18.56842604,54.44210083],[18.56832688,54.44220032],[18.56865456,54.44232006],[18.56861476,54.44236166],[18.56856216,54.44241492],[18.56854348,54.44243532],[18.56855045,54.44243717],[18.56863214,54.44245988],[18.56866881,54.44246949],[18.56868284,54.44247333],[18.56867046,54.44248735],[18.56864518,54.44252953],[18.56863661,54.44253688],[18.56864369,54.44256312],[18.5686289,54.442581],[18.56862707,54.44258308],[18.56865091,54.44258983],[18.56865353,54.44259958],[18.5688088,54.44264934],[18.56878423,54.44267803],[18.56869394,54.44279237],[18.56867267,54.44278622],[18.56860021,54.44286679],[18.5685317,54.44284282],[18.56847695,54.44289609],[18.56840608,54.44287665],[18.56840806,54.44287476],[18.56829648,54.44284374],[18.56828542,54.44282466],[18.56839045,54.44270584],[18.56832544,54.44268638],[18.5682108,54.44281243],[18.56819196,54.44283219],[18.56814947,54.44288028],[18.56810632,54.44287061],[18.56804306,54.44294449],[18.56799821,54.44293266],[18.56798437,54.44294728],[18.56797405,54.44295918],[18.5679613,54.44297335],[18.56793747,54.44299969],[18.56791332,54.44302587],[18.56788599,54.44305609],[18.56787778,54.44305353],[18.56786518,54.44306751],[18.56785036,54.44307746],[18.56779292,54.44311421],[18.56754137,54.44303848],[18.56750606,54.44307771],[18.56747716,54.44304397],[18.56740539,54.44301237],[18.56742267,54.44299313],[18.56742524,54.44299025],[18.56738344,54.44297714],[18.56718483,54.44291707]]]]}},{"type":"Feature","properties":{"postcode":"81-785","address_count":1,"both_agree_count":1,"source_conflict_count":0,"unresolved_count":0,"area_m2":1320,"support100_pct":100,"streets":"Mieszka I","label":[18.569341,54.440047],"label_r_km":0.013,"sea_km":0.49,"parts":1,"samples":[[18.569341,54.440047]]},"geometry":{"type":"Polygon","coordinates":[[[18.56927627,54.44015475],[18.56921622,54.44020622],[18.5689472,54.44015408],[18.56922385,54.4399089],[18.56933763,54.43986852],[18.56950026,54.43995649],[18.56952539,54.43993426],[18.56963344,54.43997885],[18.56971748,54.4400152],[18.56968025,54.44005385],[18.56979527,54.44011607],[18.56979344,54.44024204],[18.56976693,54.4402439],[18.56957131,54.44016692],[18.56948744,54.44025383],[18.56927627,54.44015475]]]}},{"type":"Feature","properties":{"postcode":"81-786","address_count":14,"both_agree_count":9,"source_conflict_count":0,"unresolved_count":5,"area_m2":13398,"support100_pct":100,"streets":"Fryderyka Chopina","label":[18.569159,54.442095],"label_r_km":0.037,"sea_km":0.39,"parts":1,"samples":[[18.56918,54.44192]]},"geometry":{"type":"Polygon","coordinates":[[[18.56848102,54.44183314],[18.56844915,54.44182392],[18.56849203,54.44177044],[18.56845691,54.44176135],[18.56854702,54.44160359],[18.56861327,54.44151944],[18.56863155,54.44150456],[18.56868594,54.44152353],[18.56873212,54.44146473],[18.56903829,54.44154505],[18.56904292,54.44154628],[18.56913341,54.44142349],[18.5692783,54.44147842],[18.56934086,54.44149888],[18.56963151,54.44159455],[18.5696253,54.4416023],[18.56958715,54.44165271],[18.56954228,54.44170763],[18.56962944,54.44173426],[18.56961778,54.44182703],[18.56965682,54.44177503],[18.56967605,54.44177897],[18.56972204,54.44177476],[18.56976028,54.44179654],[18.56977574,54.44179107],[18.57016082,54.44192654],[18.57014275,54.44194558],[18.57009767,54.44198868],[18.57017661,54.44203364],[18.57021791,54.44202957],[18.57024895,54.44200042],[18.57057101,54.44209207],[18.57061289,54.4420341],[18.57062883,54.44203209],[18.57065354,54.44204379],[18.57074197,54.44214845],[18.57068962,54.44220885],[18.57080438,54.44223635],[18.57089409,54.44225802],[18.57091667,54.44226312],[18.57088425,54.44230415],[18.57077903,54.44227563],[18.57076953,54.44229023],[18.57075576,54.44228698],[18.57074895,54.44229546],[18.57074637,54.44229852],[18.57071589,54.44233541],[18.57068744,54.4423616],[18.57080892,54.44239642],[18.57082254,54.44240014],[18.57078502,54.44244472],[18.57083251,54.442476],[18.57064848,54.44267546],[18.57050725,54.44264911],[18.57050101,54.44265672],[18.57039419,54.44262479],[18.57040263,54.44262958],[18.57022355,54.44259617],[18.57007291,54.44265644],[18.56995067,54.44262176],[18.56990279,54.44267684],[18.56981698,54.44262476],[18.56982558,54.44261642],[18.56971528,54.44257714],[18.56967192,54.44256234],[18.56951316,54.44250811],[18.56952064,54.44250086],[18.56949769,54.44249297],[18.56941099,54.44250344],[18.56938883,54.44252459],[18.56935557,54.44251523],[18.56899208,54.44241505],[18.56889905,54.44253247],[18.56889193,54.44253053],[18.56868284,54.44247333],[18.56866881,54.44246949],[18.56863214,54.44245988],[18.56855045,54.44243717],[18.56854348,54.44243532],[18.56856216,54.44241492],[18.56861476,54.44236166],[18.56865456,54.44232006],[18.56832688,54.44220032],[18.56842604,54.44210083],[18.56842044,54.44202728],[18.56858105,54.44193521],[18.56855103,54.44188162],[18.56848102,54.44183314]]]}},{"type":"Feature","properties":{"postcode":"81-805","address_count":72,"both_agree_count":67,"source_conflict_count":2,"unresolved_count":3,"area_m2":50195,"support100_pct":100,"streets":"Aleja Niepodległości; Bohaterów Monte Cassino; Podjazd","label":[18.560754,54.442323],"label_r_km":0.069,"sea_km":0.91,"parts":1,"samples":[[18.55916,54.44384],[18.55916,54.44483],[18.55916,54.44582],[18.56086,54.44186],[18.56086,54.44285]]},"geometry":{"type":"Polygon","coordinates":[[[18.55904747,54.44283253],[18.5589688,54.44282849],[18.5589671,54.44282842],[18.55897092,54.44275724],[18.55904663,54.4427594],[18.55908926,54.44273425],[18.55898016,54.44272279],[18.55914629,54.44254141],[18.55915923,54.44250417],[18.55916679,54.44250504],[18.55916991,54.44249622],[18.55918787,54.44244501],[18.55919989,54.44241073],[18.55921755,54.44236051],[18.55922956,54.44232623],[18.55925071,54.44226108],[18.55923509,54.44225932],[18.55908209,54.44217088],[18.5591457,54.44214907],[18.55915487,54.44215029],[18.55915685,54.44214525],[18.55926887,54.44210684],[18.5592963,54.44211065],[18.55930155,54.44209993],[18.55930358,54.44209493],[18.55942187,54.44205437],[18.55945978,54.44196543],[18.5594576,54.4419619],[18.55933811,54.44195466],[18.5593625,54.44186767],[18.55939735,54.44175421],[18.55943142,54.44163025],[18.55945096,54.44155936],[18.55957662,54.4415687],[18.5595936,54.4415447],[18.55997425,54.44149306],[18.56012831,54.4416031],[18.56028004,54.44161625],[18.56030686,54.44148666],[18.56030977,54.44149708],[18.56033006,54.44152699],[18.56037233,54.44155176],[18.56043156,54.44156578],[18.56061754,54.44158342],[18.56064931,54.44148265],[18.56070744,54.44141598],[18.56079387,54.44142367],[18.56081516,54.44142555],[18.56081044,54.44144067],[18.56083034,54.44144255],[18.56082654,54.44145685],[18.56081758,54.4414559],[18.56081166,54.44147462],[18.56083574,54.44147706],[18.56089653,54.44142917],[18.56091991,54.44143135],[18.56092065,54.44142946],[18.56095213,54.44143246],[18.56096545,54.44138101],[18.56096376,54.44138092],[18.56096818,54.44136572],[18.5610046,54.44136924],[18.56119939,54.44138819],[18.56123823,54.44139192],[18.56133761,54.4414742],[18.56137217,54.44147741],[18.56136696,54.4414985],[18.56149352,54.44160328],[18.56189239,54.44167312],[18.56191112,54.44188163],[18.56186649,54.44202721],[18.56183486,54.44215988],[18.56181421,54.44222753],[18.56204652,54.44225152],[18.56218793,54.44226622],[18.56228604,54.44259846],[18.56233324,54.44279159],[18.56230688,54.44279656],[18.56227351,54.4428442],[18.5619142,54.44285774],[18.56160568,54.44277679],[18.56156386,54.44278686],[18.56140486,54.4429042],[18.5613522,54.44305043],[18.56131807,54.44307578],[18.56120604,54.44305899],[18.56118325,54.44309379],[18.56087989,54.44306006],[18.56086694,54.4430949],[18.56086696,54.44309588],[18.56085447,54.44309558],[18.56083548,54.443183],[18.56084302,54.44331818],[18.56083667,54.44334992],[18.56089285,54.44335415],[18.56090882,54.44329398],[18.56090411,54.44324171],[18.56086523,54.44321772],[18.56085849,54.44319754],[18.56086895,54.44316848],[18.56090295,54.44317978],[18.56090057,54.44318611],[18.56094131,54.44322402],[18.56094351,54.44324925],[18.56112171,54.44327232],[18.56110142,54.44332815],[18.5611737,54.44339273],[18.56117626,54.44341514],[18.56117495,54.44341647],[18.56110597,54.44354478],[18.56101416,54.44361986],[18.56099818,54.44361802],[18.56092657,54.4436233],[18.56092007,54.44364297],[18.56086578,54.44364079],[18.56078403,54.44363758],[18.56072366,54.44363014],[18.56071825,54.44362953],[18.56039172,54.44361596],[18.56023155,54.44360376],[18.56025449,54.44351156],[18.56025672,54.443505],[18.56025132,54.44350484],[18.56014751,54.44350092],[18.56015099,54.4434726],[18.56012491,54.44347101],[18.56012663,54.44346166],[18.56010711,54.44346046],[18.56014948,54.44336622],[18.55998484,54.44335996],[18.55998655,54.44335135],[18.55997312,54.44335042],[18.5597977,54.44333902],[18.55979504,54.44335274],[18.55962423,54.44334625],[18.55957288,54.44338803],[18.55962193,54.44347613],[18.55954635,54.44358899],[18.55956323,54.44361376],[18.55952198,54.4437642],[18.55950421,54.44377472],[18.55956008,54.44394554],[18.55943112,54.44401935],[18.55947091,54.44413686],[18.55942058,54.44419522],[18.55947254,54.44431968],[18.55943423,54.44434944],[18.55945452,54.44448092],[18.55942942,54.44451164],[18.5594296,54.4446236],[18.55936984,54.44465294],[18.55939114,54.44478653],[18.55932976,54.44483728],[18.55937381,54.44493741],[18.55934851,54.44497284],[18.55936392,54.44512278],[18.55939027,54.44514188],[18.55924418,54.44528443],[18.55932782,54.44544486],[18.55922816,54.44553336],[18.55921737,54.44553703],[18.55920736,54.44573673],[18.55925054,54.44577777],[18.55917151,54.4459058],[18.55918174,54.4459273],[18.55916255,54.44604276],[18.5592011,54.4461071],[18.55915707,54.44613899],[18.55909847,54.44629533],[18.55911918,54.44632592],[18.55905486,54.44645455],[18.55910003,54.44650891],[18.55905959,54.44663768],[18.55904202,54.44664801],[18.55886501,54.44662769],[18.55886501,54.44662768],[18.55860136,54.44659742],[18.55857818,54.44672463],[18.55832359,54.44670874],[18.55832579,54.44669974],[18.55835294,54.44657734],[18.55836351,54.44652599],[18.55837346,54.44647691],[18.55831222,54.44639088],[18.55839147,54.44636531],[18.55840156,54.4462534],[18.55842337,54.4461223],[18.55847321,54.44612536],[18.55845753,54.44609743],[18.55845401,54.44609558],[18.5584182,54.4460934],[18.55842091,54.44607813],[18.55833686,54.44603386],[18.55833655,54.44602628],[18.55837986,54.44595701],[18.5584259,54.44595689],[18.55842616,54.44590756],[18.55842608,54.44589068],[18.55842682,54.4458205],[18.5584777,54.44582071],[18.55847779,54.44581658],[18.55847778,54.44581505],[18.55847778,54.44580033],[18.55849034,54.44578023],[18.55852802,54.44578445],[18.55852759,54.44581662],[18.5586239,54.44582453],[18.55872371,54.44583063],[18.55873564,54.44575546],[18.55878923,54.4457494],[18.55880063,54.4457407],[18.55880774,54.44571149],[18.5587428,54.44571527],[18.55873033,54.44562512],[18.55883022,54.44561908],[18.55885065,54.44553505],[18.5588883,54.44550358],[18.5587496,54.44528687],[18.55874072,54.44528153],[18.55874083,54.44526417],[18.55869053,54.44526143],[18.55871908,54.44511548],[18.55869893,54.44511417],[18.55876561,54.4450609],[18.55880732,54.44494491],[18.55880323,54.4449452],[18.55873797,54.44494083],[18.5587374,54.44494443],[18.55865871,54.44493958],[18.55867485,54.44485711],[18.55853586,54.44484976],[18.55856114,54.44469062],[18.55857231,54.4446284],[18.55859175,54.44452669],[18.55861755,54.44433889],[18.55862495,54.44433912],[18.55862859,54.44433926],[18.5586446,54.44431113],[18.55874541,54.44425397],[18.5587484,54.44424199],[18.55876546,54.44424278],[18.55876956,54.44421491],[18.55877409,54.44418596],[18.55877833,54.44415746],[18.55878287,54.44412842],[18.5587871,54.44409938],[18.55879163,54.44406989],[18.55879602,54.44404076],[18.55880055,54.4440119],[18.55880507,54.44398161],[18.55869279,54.44397682],[18.55868827,54.44400703],[18.55868373,54.44403607],[18.55867934,54.44406511],[18.5586748,54.4440946],[18.55867026,54.44412346],[18.55866603,54.44415241],[18.55866164,54.44418082],[18.5586571,54.44420977],[18.55865285,54.44423755],[18.55864748,54.44427244],[18.55864167,54.44431048],[18.55862749,54.44431009],[18.55865866,54.44411983],[18.55866779,54.44408844],[18.55868348,54.44397282],[18.55875538,54.44397725],[18.55885195,54.44398327],[18.55890627,54.44398666],[18.55894044,54.44392786],[18.55891902,54.44380311],[18.55894457,54.44379142],[18.55910091,54.44360264],[18.55911524,54.44353022],[18.55911347,54.44337669],[18.55924247,54.4433867],[18.55924745,54.44335603],[18.55926323,54.44330322],[18.55929173,54.44330219],[18.55929063,54.44328971],[18.55928217,54.44320107],[18.55944229,54.44319728],[18.55945138,54.44317423],[18.55945391,54.44316802],[18.55953383,54.44296837],[18.55930036,54.44296245],[18.55930619,54.44286961],[18.5593079,54.4428378],[18.55920907,54.44283547],[18.55920691,54.44283575],[18.55904747,54.44283253]],[[18.55931736,54.44230687],[18.55928127,54.44240999],[18.55935695,54.44241426],[18.55935863,54.44241373],[18.55942626,54.44240174],[18.55944575,54.44237337],[18.55938339,54.44234503],[18.55931736,54.44230687]]]}},{"type":"Feature","properties":{"postcode":"81-807","address_count":12,"both_agree_count":12,"source_conflict_count":0,"unresolved_count":0,"area_m2":17336,"support100_pct":76,"streets":"1 Maja","label":[18.558754,54.442489],"label_r_km":0.023,"sea_km":1,"parts":2,"samples":[[18.5582,54.44254]]},"geometry":{"type":"MultiPolygon","coordinates":[[[[18.55935695,54.44241426],[18.55928127,54.44240999],[18.55931736,54.44230687],[18.55938339,54.44234503],[18.55944575,54.44237337],[18.55942626,54.44240174],[18.55935863,54.44241373],[18.55935695,54.44241426]]],[[[18.55859378,54.44209386],[18.55863774,54.44209382],[18.55873295,54.44214223],[18.55877109,54.44214227],[18.55877085,54.4421615],[18.55879732,54.44217496],[18.55908209,54.44217088],[18.55923509,54.44225932],[18.55925071,54.44226108],[18.55922956,54.44232623],[18.55921755,54.44236051],[18.55919989,54.44241073],[18.55918787,54.44244501],[18.55916991,54.44249622],[18.55916679,54.44250504],[18.55915923,54.44250417],[18.55914629,54.44254141],[18.55898016,54.44272279],[18.55908926,54.44273425],[18.55904663,54.4427594],[18.55897092,54.44275724],[18.5589671,54.44282842],[18.5589688,54.44282849],[18.55904747,54.44283253],[18.55920691,54.44283575],[18.55920907,54.44283547],[18.5593079,54.4428378],[18.55930619,54.44286961],[18.55930036,54.44296245],[18.55953383,54.44296837],[18.55945391,54.44316802],[18.55945138,54.44317423],[18.55944229,54.44319728],[18.55928217,54.44320107],[18.55929063,54.44328971],[18.55929173,54.44330219],[18.55926323,54.44330322],[18.55924745,54.44335603],[18.55924247,54.4433867],[18.55911347,54.44337669],[18.55911524,54.44353022],[18.55910091,54.44360264],[18.55894457,54.44379142],[18.55891902,54.44380311],[18.55871712,54.44374477],[18.5587395,54.44359288],[18.55859263,54.44358398],[18.55852542,54.44349443],[18.55859275,54.4433816],[18.55876507,54.44337532],[18.55876939,54.44332033],[18.55910456,54.44331159],[18.55909805,54.44320713],[18.55878475,54.44321379],[18.55878708,54.44319195],[18.55860842,54.44319704],[18.55849355,54.44322345],[18.5585012,54.44320008],[18.55827757,54.44320644],[18.55827949,54.44321816],[18.55818353,54.44322448],[18.55820229,54.44320858],[18.55815791,54.44320995],[18.55815721,54.44320322],[18.55798474,54.44320518],[18.55798797,54.44328369],[18.55794134,54.44325543],[18.55741704,54.44324212],[18.55717011,54.44324371],[18.55698034,54.44324324],[18.55648196,54.44324158],[18.5564893,54.44318144],[18.55631375,54.44318288],[18.55631452,54.44320614],[18.55623686,54.44320767],[18.55552505,54.44316674],[18.55552589,54.44316153],[18.55505883,54.44319619],[18.55462723,54.44323196],[18.55463205,54.44325916],[18.55419708,54.4432732],[18.55400356,54.4432801],[18.55304013,54.4432581],[18.5526233,54.44324734],[18.55261609,54.44329526],[18.55258095,54.44329614],[18.55227383,54.44330348],[18.55225641,54.44330392],[18.55251442,54.44305943],[18.55321839,54.4430802],[18.55375853,54.44309147],[18.55388356,54.44309153],[18.5544775,54.44308018],[18.55542137,54.44305832],[18.55551286,54.44306428],[18.55635714,54.44310919],[18.55635301,54.44313328],[18.55653998,54.4431335],[18.55686524,54.44313236],[18.55687346,54.44311372],[18.55693237,54.44297922],[18.55697832,54.44268576],[18.55744837,54.4426774],[18.55759062,54.44267485],[18.55760202,54.4426747],[18.5575907,54.44279489],[18.55759242,54.44279577],[18.55792846,54.44294336],[18.55792192,54.44299506],[18.55802289,54.44299504],[18.55802748,54.44292502],[18.55818712,54.4429313],[18.55825269,54.44296882],[18.55826733,54.4429692],[18.55826005,54.44310194],[18.55852816,54.44309432],[18.55852883,54.44307634],[18.55854415,54.44270594],[18.55848537,54.44266883],[18.5581258,54.44266133],[18.55813712,54.4424735],[18.5582551,54.44238743],[18.55844691,54.44239103],[18.55844669,54.44232966],[18.55844755,54.44214377],[18.55844725,54.44205298],[18.55855228,54.44205036],[18.55859372,54.44207143],[18.55859378,54.44209386]]]]}},{"type":"Feature","properties":{"postcode":"81-808","address_count":13,"both_agree_count":12,"source_conflict_count":0,"unresolved_count":1,"area_m2":17072,"support100_pct":100,"streets":"23 Marca","label":[18.557732,54.446051],"label_r_km":0.034,"sea_km":0.85,"parts":1,"samples":[[18.55614,54.44574],[18.55784,54.44574]]},"geometry":{"type":"Polygon","coordinates":[[[18.55569478,54.44564972],[18.55568566,54.44585219],[18.55544449,54.44585388],[18.55529976,54.44570804],[18.55529147,54.44565864],[18.55562051,54.4454677],[18.55613148,54.44544938],[18.55620677,54.44542401],[18.55623269,54.44527807],[18.55658989,54.44530177],[18.55696467,54.44532654],[18.55704243,54.44533094],[18.55704802,54.44529902],[18.55705302,54.44527008],[18.55705473,54.44526036],[18.55738875,54.44527931],[18.5574174,54.44527904],[18.55743187,54.44528712],[18.55749137,54.4454369],[18.55747315,54.44556875],[18.55754238,54.44556524],[18.55754239,54.44556529],[18.55782848,54.4456302],[18.55792373,54.44556904],[18.55831956,54.44552838],[18.5583211,54.44552438],[18.55841424,54.44551949],[18.55841223,54.44524664],[18.55869053,54.44526143],[18.55874083,54.44526417],[18.55874072,54.44528153],[18.5587496,54.44528687],[18.5588883,54.44550358],[18.55885065,54.44553505],[18.55883022,54.44561908],[18.55873033,54.44562512],[18.5587428,54.44571527],[18.55880774,54.44571149],[18.55880063,54.4457407],[18.55878923,54.4457494],[18.55873564,54.44575546],[18.55872371,54.44583063],[18.5586239,54.44582453],[18.55852759,54.44581662],[18.55852802,54.44578445],[18.55849034,54.44578023],[18.55847778,54.44580033],[18.55847778,54.44581505],[18.55847779,54.44581658],[18.5584777,54.44582071],[18.55842682,54.4458205],[18.55842608,54.44589068],[18.55842616,54.44590756],[18.5584259,54.44595689],[18.55837986,54.44595701],[18.55833655,54.44602628],[18.55833686,54.44603386],[18.55842091,54.44607813],[18.5584182,54.4460934],[18.55845401,54.44609558],[18.55845753,54.44609743],[18.55847321,54.44612536],[18.55842337,54.4461223],[18.55840156,54.4462534],[18.55839147,54.44636531],[18.55831222,54.44639088],[18.55829511,54.44639234],[18.55826931,54.44657215],[18.55821963,54.44656897],[18.55819618,54.44656746],[18.5581997,54.44654309],[18.55810943,54.44653668],[18.55801933,54.44653207],[18.55802891,54.44646491],[18.55800207,54.44646369],[18.55800329,54.44645507],[18.55781001,54.44657158],[18.55780068,54.44653892],[18.55753174,54.44656434],[18.5573014,54.44643025],[18.55726919,54.44643077],[18.55726854,54.44641729],[18.55720412,54.44641823],[18.55720383,54.44640914],[18.55712831,54.44641022],[18.55711955,54.44625375],[18.55717755,54.44625292],[18.55717781,54.44622427],[18.55722511,54.44617208],[18.55722501,54.44616755],[18.55719839,54.44616785],[18.55719806,54.44615437],[18.5571341,54.44615503],[18.55713367,54.44614614],[18.5570546,54.44614749],[18.55704965,54.44600978],[18.55704828,54.44598832],[18.55722078,54.44598624],[18.55722005,54.44595481],[18.5572163,54.44595393],[18.55718225,54.44595437],[18.55718189,54.44594587],[18.55684437,54.44586679],[18.55676276,54.44594132],[18.55676458,54.44596312],[18.55676736,54.44605403],[18.5565691,54.4460589],[18.55649251,54.44591515],[18.55652839,54.44591667],[18.55653027,54.44587292],[18.55621128,54.44587025],[18.55619945,54.44584859],[18.55595229,54.44585033],[18.55586903,54.44572161],[18.55569478,54.44564972]]]}},{"type":"Feature","properties":{"postcode":"81-809","address_count":19,"both_agree_count":19,"source_conflict_count":0,"unresolved_count":0,"area_m2":20139,"support100_pct":100,"streets":"Artura Grottgera","label":[18.557884,54.443983],"label_r_km":0.044,"sea_km":0.96,"parts":1,"samples":[[18.55782,54.4437]]},"geometry":{"type":"Polygon","coordinates":[[[18.55743365,54.44504362],[18.55743532,54.44503058],[18.5574381,54.44500865],[18.5574572,54.44485933],[18.55786845,54.4448797],[18.55792316,54.44454946],[18.55744922,54.44455848],[18.55722,54.4444453],[18.55697822,54.44444915],[18.55696792,54.44417966],[18.55723021,54.44417279],[18.55721372,54.44412785],[18.55719293,54.44381196],[18.55718428,54.44359668],[18.55799961,54.44349319],[18.55798797,54.44328369],[18.55798474,54.44320518],[18.55815721,54.44320322],[18.55815791,54.44320995],[18.55820229,54.44320858],[18.55818353,54.44322448],[18.55827949,54.44321816],[18.55838208,54.4432299],[18.55839049,54.44322972],[18.55839057,54.44323087],[18.55847545,54.44324058],[18.55859275,54.4433816],[18.55852542,54.44349443],[18.55859263,54.44358398],[18.5587395,54.44359288],[18.55871712,54.44374477],[18.55891902,54.44380311],[18.55894044,54.44392786],[18.55890627,54.44398666],[18.55885195,54.44398327],[18.55875538,54.44397725],[18.55868348,54.44397282],[18.55866779,54.44408844],[18.55865866,54.44411983],[18.55862749,54.44431009],[18.55864167,54.44431048],[18.55864748,54.44427244],[18.55865285,54.44423755],[18.5586571,54.44420977],[18.55866164,54.44418082],[18.55866603,54.44415241],[18.55867026,54.44412346],[18.5586748,54.4440946],[18.55867934,54.44406511],[18.55868373,54.44403607],[18.55868827,54.44400703],[18.55869279,54.44397682],[18.55880507,54.44398161],[18.55880055,54.4440119],[18.55879602,54.44404076],[18.55879163,54.44406989],[18.5587871,54.44409938],[18.55878287,54.44412842],[18.55877833,54.44415746],[18.55877409,54.44418596],[18.55876956,54.44421491],[18.55876546,54.44424278],[18.5587484,54.44424199],[18.55874541,54.44425397],[18.5586446,54.44431113],[18.55862859,54.44433926],[18.55862495,54.44433912],[18.55861755,54.44433889],[18.55859175,54.44452669],[18.55857231,54.4446284],[18.55856114,54.44469062],[18.55853586,54.44484976],[18.55867485,54.44485711],[18.55865871,54.44493958],[18.5587374,54.44494443],[18.55873797,54.44494083],[18.55880323,54.4449452],[18.55880732,54.44494491],[18.55876561,54.4450609],[18.55869893,54.44511417],[18.55871908,54.44511548],[18.55869053,54.44526143],[18.55841223,54.44524664],[18.55841424,54.44551949],[18.5583211,54.44552438],[18.55831956,54.44552838],[18.55792373,54.44556904],[18.55782848,54.4456302],[18.55754239,54.44556529],[18.55754238,54.44556524],[18.55747315,54.44556875],[18.55749137,54.4454369],[18.55743187,54.44528712],[18.5574174,54.44527904],[18.55738875,54.44527931],[18.55739128,54.44525063],[18.55743365,54.44504362]]]}},{"type":"Feature","properties":{"postcode":"81-810","address_count":58,"both_agree_count":56,"source_conflict_count":0,"unresolved_count":2,"area_m2":62532,"support100_pct":100,"streets":"Aleja Niepodległości","label":[18.560031,54.444878],"label_r_km":0.04,"sea_km":0.79,"parts":2,"samples":[[18.55603,54.44878],[18.55943,54.44482],[18.55943,54.44581],[18.55943,54.4468]]},"geometry":{"type":"MultiPolygon","coordinates":[[[[18.55685226,54.44861789],[18.55691607,54.448584],[18.55692091,54.44857634],[18.55696088,54.44852288],[18.55696492,54.44850159],[18.55700271,54.44847359],[18.55714407,54.44835022],[18.55717199,54.44829888],[18.55718944,54.44818832],[18.55721554,54.44819044],[18.55729148,54.448198],[18.55762417,54.44823106],[18.55803309,54.44800806],[18.55813522,54.44792278],[18.55816549,54.44789236],[18.55845663,54.44759202],[18.55807951,54.44754497],[18.55811794,54.44741263],[18.55812987,54.44737098],[18.55813886,54.44734074],[18.55814725,54.44731133],[18.55815594,54.44728164],[18.55816596,54.44724718],[18.55817789,54.44720625],[18.55825065,54.44695614],[18.55830338,54.44677504],[18.55800898,54.44679924],[18.55800827,54.44679722],[18.55787018,54.44669965],[18.55794983,54.44669249],[18.55795746,54.44672013],[18.55798087,54.4467193],[18.55798003,54.44668067],[18.55808756,54.44668566],[18.55810943,54.44653668],[18.5581997,54.44654309],[18.55819618,54.44656746],[18.55821963,54.44656897],[18.55826931,54.44657215],[18.55829511,54.44639234],[18.55831222,54.44639088],[18.55837346,54.44647691],[18.55836351,54.44652599],[18.55835294,54.44657734],[18.55832579,54.44669974],[18.55832359,54.44670874],[18.55857818,54.44672463],[18.55860136,54.44659742],[18.55886501,54.44662768],[18.55886501,54.44662769],[18.55904202,54.44664801],[18.55905959,54.44663768],[18.55910003,54.44650891],[18.55905486,54.44645455],[18.55911918,54.44632592],[18.55909847,54.44629533],[18.55915707,54.44613899],[18.5592011,54.4461071],[18.55916255,54.44604276],[18.55918174,54.4459273],[18.55917151,54.4459058],[18.55925054,54.44577777],[18.55920736,54.44573673],[18.55921737,54.44553703],[18.55922816,54.44553336],[18.55932782,54.44544486],[18.55924418,54.44528443],[18.55939027,54.44514188],[18.55936392,54.44512278],[18.55934851,54.44497284],[18.55937381,54.44493741],[18.55932976,54.44483728],[18.55939114,54.44478653],[18.55936984,54.44465294],[18.5594296,54.4446236],[18.55942942,54.44451164],[18.55945452,54.44448092],[18.55943423,54.44434944],[18.55947254,54.44431968],[18.55942058,54.44419522],[18.55947091,54.44413686],[18.55943112,54.44401935],[18.55956008,54.44394554],[18.55950421,54.44377472],[18.55952198,54.4437642],[18.55956323,54.44361376],[18.55954635,54.44358899],[18.55962193,54.44347613],[18.55957288,54.44338803],[18.55962423,54.44334625],[18.55979504,54.44335274],[18.5597977,54.44333902],[18.55997312,54.44335042],[18.55998655,54.44335135],[18.55998484,54.44335996],[18.56014948,54.44336622],[18.56010711,54.44346046],[18.56012663,54.44346166],[18.56012491,54.44347101],[18.56015099,54.4434726],[18.56014751,54.44350092],[18.56025132,54.44350484],[18.56025672,54.443505],[18.56025449,54.44351156],[18.56023155,54.44360376],[18.56039172,54.44361596],[18.56071825,54.44362953],[18.56072366,54.44363014],[18.56078403,54.44363758],[18.56086578,54.44364079],[18.56092007,54.44364297],[18.56092657,54.4436233],[18.56099818,54.44361802],[18.56101416,54.44361986],[18.5610315,54.44369316],[18.5610496,54.44384087],[18.56108264,54.44388404],[18.56108596,54.44389812],[18.56106928,54.44406902],[18.56105646,54.44409499],[18.5606781,54.44434336],[18.56066951,54.44437269],[18.56062235,54.44454325],[18.56053861,54.44461956],[18.56052788,54.44462933],[18.56052358,54.44465745],[18.56086996,54.44493253],[18.56084904,54.44494299],[18.56082609,54.4450122],[18.56080285,54.44508301],[18.56079272,54.44511339],[18.5604943,54.44544408],[18.56049431,54.44545059],[18.56050867,54.44546707],[18.56056397,54.44561927],[18.5604267,54.44593353],[18.56045088,54.44603814],[18.56043397,54.44608819],[18.56010976,54.44639975],[18.56017376,54.44654079],[18.56014896,54.44663725],[18.56009448,54.44671473],[18.56007758,54.44680281],[18.55991889,54.44705361],[18.55965134,54.44719885],[18.55965579,54.44721717],[18.55929987,54.44772433],[18.55938058,54.44787557],[18.55912467,54.44804372],[18.5590398,54.44815679],[18.55916579,54.44849941],[18.55904663,54.4486667],[18.55898127,54.44875792],[18.5588722,54.44891015],[18.5586486,54.44885811],[18.55849444,54.44876175],[18.55858529,54.44860558],[18.55841113,54.44855401],[18.5581896,54.44848684],[18.55812698,54.44856466],[18.55813552,54.44856858],[18.55803249,54.44865648],[18.55792771,54.44860648],[18.55776203,54.44868495],[18.55778869,54.44869786],[18.55766549,54.44879797],[18.55751956,54.44891651],[18.55725263,54.44874291],[18.55719111,54.44877598],[18.55737629,54.44890071],[18.55717391,54.44903492],[18.55708405,54.44918425],[18.55707843,54.44927755],[18.55711113,54.44934808],[18.55690291,54.44935709],[18.55691635,54.44936556],[18.55677906,54.44943995],[18.55671017,54.44939562],[18.55666577,54.44936735],[18.55629792,54.44938327],[18.55617551,54.44936777],[18.5564506,54.44917238],[18.55639982,54.44914611],[18.55626422,54.44921995],[18.55602723,54.44934898],[18.55601336,54.44934722],[18.55595117,54.44938016],[18.55562245,54.44949465],[18.55554302,54.44937341],[18.55548957,54.44939567],[18.55543571,54.44941541],[18.55553778,54.44936541],[18.55548249,54.44928103],[18.55549306,54.44927823],[18.55526447,54.44912133],[18.55517731,54.44906135],[18.55563637,54.44888467],[18.55556567,54.44883591],[18.55584749,54.44858629],[18.55619543,54.44873097],[18.55623177,54.44872847],[18.55647094,54.44868922],[18.55676907,54.44860395],[18.55676958,54.44860417],[18.55685226,54.44861789]]],[[[18.55800207,54.44646369],[18.55802891,54.44646491],[18.55801933,54.44653207],[18.55799543,54.44653119],[18.55799108,54.4465631],[18.55781248,54.44658019],[18.55781001,54.44657158],[18.55800329,54.44645507],[18.55800207,54.44646369]]]]}},{"type":"Feature","properties":{"postcode":"81-811","address_count":50,"both_agree_count":42,"source_conflict_count":8,"unresolved_count":0,"area_m2":80750,"support100_pct":77,"streets":"Henryka Sienkiewicza; Podgórna; Tatrzańska","label":[18.552047,54.452968],"label_r_km":0.086,"sea_km":0.86,"parts":3,"samples":[[18.54868,54.45307],[18.54868,54.45505],[18.55038,54.45307],[18.55038,54.45505],[18.55208,54.45208],[18.55208,54.45307],[18.55208,54.45505],[18.55378,54.45208]]},"geometry":{"type":"MultiPolygon","coordinates":[[[[18.54914641,54.45355814],[18.54864309,54.45357858],[18.54860329,54.45312684],[18.54846625,54.45321429],[18.54788836,54.45257388],[18.54783286,54.45238398],[18.54819624,54.45230571],[18.54957817,54.45269039],[18.55062531,54.45258619],[18.55151182,54.45212039],[18.55161434,54.45211914],[18.55164066,54.45211276],[18.55237549,54.4516699],[18.55282136,54.45160143],[18.55330371,54.45158451],[18.55399988,54.45166503],[18.55399456,54.45191622],[18.55404284,54.45215803],[18.553684,54.45215823],[18.55364884,54.45245578],[18.55362489,54.45266891],[18.55360487,54.45283018],[18.55358162,54.45301618],[18.55355586,54.45320964],[18.55354894,54.45326726],[18.55354492,54.45330161],[18.55352953,54.4534288],[18.55352369,54.4534539],[18.55356843,54.45345513],[18.55356443,54.4534899],[18.55351299,54.45350805],[18.55351219,54.45351522],[18.55351666,54.45351538],[18.55350521,54.45360465],[18.55345971,54.45360351],[18.5534139,54.45360238],[18.55339256,54.45360185],[18.55340994,54.4536559],[18.55340974,54.45365864],[18.55345586,54.45365977],[18.55349934,54.45366083],[18.55350119,54.45366082],[18.55348984,54.45377848],[18.55348758,54.45379422],[18.55342359,54.45379148],[18.55322188,54.45383187],[18.55317904,54.45388922],[18.55314901,54.45388813],[18.55311514,54.45416671],[18.55303771,54.45416454],[18.55304181,54.45412895],[18.55300376,54.45415109],[18.55299391,54.45414309],[18.55299159,54.45416359],[18.55287715,54.45416106],[18.55290608,54.45390478],[18.55293253,54.45368211],[18.55282855,54.45367845],[18.55259036,54.45366885],[18.55257464,54.45381671],[18.55256702,54.45380504],[18.55248542,54.45380348],[18.55248957,54.45376536],[18.55213925,54.45375303],[18.55213069,54.45382765],[18.55174629,54.4538055],[18.55174962,54.45377772],[18.55128726,54.4537598],[18.55128906,54.45374397],[18.55097357,54.45373122],[18.55066704,54.4537195],[18.55067524,54.45364148],[18.5502662,54.45362124],[18.55025058,54.45376668],[18.54983822,54.45375041],[18.54937741,54.45373238],[18.54939792,54.45398628],[18.549256,54.45398189],[18.54928844,54.45396332],[18.54930848,54.45377372],[18.54925948,54.45377475],[18.54917647,54.4537246],[18.5491654,54.4536638],[18.54914641,54.45355814]]],[[[18.54917586,54.45481422],[18.54917885,54.45477766],[18.54918707,54.45477052],[18.5494228,54.45463452],[18.54954838,54.45463985],[18.54955092,54.45462276],[18.54981812,54.45463278],[18.54982703,54.45451438],[18.5499647,54.45448063],[18.54997705,54.45437608],[18.55010771,54.45438169],[18.55037647,54.45439295],[18.55069088,54.45440437],[18.55073469,54.45440587],[18.55080447,54.45414762],[18.55096276,54.45415426],[18.55093174,54.45442914],[18.5509286,54.45445881],[18.55139019,54.45447638],[18.55146038,54.45447902],[18.55179562,54.45449187],[18.55199324,54.45449941],[18.5519898,54.45456548],[18.5521316,54.45455512],[18.55213703,54.45450486],[18.55219624,54.45450603],[18.55219469,54.45451583],[18.55221552,54.45451681],[18.55221167,54.45454136],[18.55232204,54.45454939],[18.55232647,54.45452377],[18.55232862,54.454511],[18.55238522,54.45455719],[18.55249437,54.45456873],[18.55274383,54.45458951],[18.55300903,54.45463322],[18.55307145,54.45464344],[18.55332495,54.45470122],[18.55337169,54.45477028],[18.55334064,54.45481023],[18.55357267,54.45490464],[18.55314758,54.45520848],[18.55277496,54.4551778],[18.5527568,54.45517181],[18.55270201,54.45516472],[18.5524266,54.45521597],[18.55241177,54.45521458],[18.5524243,54.45518161],[18.55226705,54.4551729],[18.55227273,54.45514762],[18.55160341,54.45503658],[18.55154267,54.45502581],[18.55086686,54.45500507],[18.55079632,54.45529784],[18.54833466,54.45506376],[18.54917586,54.45481422]]],[[[18.5497982,54.45545658],[18.54965125,54.45544719],[18.54959909,54.4553943],[18.5497982,54.45545658]]]]}},{"type":"Feature","properties":{"postcode":"81-812","address_count":87,"both_agree_count":87,"source_conflict_count":0,"unresolved_count":0,"area_m2":126732,"support100_pct":88,"streets":"Junaków; Obodrzyców; Łużycka","label":[18.543779,54.454889],"label_r_km":0.082,"sea_km":1.32,"parts":1,"samples":[[18.54247,54.45386],[18.54247,54.45485],[18.54247,54.45584],[18.54417,54.45485],[18.54587,54.45584],[18.54757,54.45584],[18.54927,54.45584],[18.55097,54.45584],[18.55267,54.45584]]},"geometry":{"type":"Polygon","coordinates":[[[18.54191685,54.45540079],[18.54174405,54.4554269],[18.54170886,54.45535563],[18.54162378,54.45517066],[18.54168855,54.45515923],[18.54198468,54.45510651],[18.54172102,54.45500743],[18.54181216,54.45441483],[18.54177094,54.45411299],[18.54308498,54.45350445],[18.54327857,54.45336431],[18.54416778,54.45398499],[18.54504827,54.45441433],[18.5458207,54.45465547],[18.54578219,54.45484927],[18.54637914,54.45486597],[18.54653288,54.45486009],[18.54679715,54.45490972],[18.5472724,54.45495216],[18.54728821,54.45495602],[18.54729047,54.45495692],[18.54731749,54.4549775],[18.54753459,54.45509864],[18.54794583,54.45526119],[18.54845909,54.4550847],[18.54833466,54.45506376],[18.55079632,54.45529784],[18.55086686,54.45500507],[18.55154267,54.45502581],[18.55160341,54.45503658],[18.55227273,54.45514762],[18.55226705,54.4551729],[18.5524243,54.45518161],[18.55241177,54.45521458],[18.5524266,54.45521597],[18.55270201,54.45516472],[18.5527568,54.45517181],[18.55277496,54.4551778],[18.55314758,54.45520848],[18.55336027,54.4553885],[18.55358673,54.45530333],[18.55369375,54.45530401],[18.55337767,54.45540323],[18.55348641,54.45549529],[18.55333768,54.4555528],[18.55319869,54.4556511],[18.55309267,54.4557709],[18.55302208,54.4558981],[18.55269138,54.45591908],[18.55255318,54.45594927],[18.5523407,54.45590899],[18.55233667,54.45594533],[18.55176175,54.45593485],[18.55142584,54.45599797],[18.55140754,54.4560789],[18.55155232,54.45642105],[18.55151175,54.45644702],[18.55151167,54.45644764],[18.55150788,54.45647542],[18.55147156,54.45647275],[18.55143091,54.45649877],[18.55141011,54.45649762],[18.55140751,54.45651375],[18.55138482,54.45652828],[18.55137319,54.45652761],[18.55137084,54.45653723],[18.55131132,54.45657533],[18.55131123,54.45657569],[18.5513108,54.45657566],[18.55130707,54.45657806],[18.55126219,54.45657564],[18.55092625,54.45655768],[18.55057394,54.45653737],[18.55046676,54.45698429],[18.55050832,54.4570133],[18.55046048,54.45701092],[18.55031602,54.4570024],[18.55028532,54.45700057],[18.55032026,54.45698469],[18.55037284,54.45676585],[18.54992067,54.45672667],[18.54992884,54.456681],[18.54970753,54.45666798],[18.54971549,54.45661737],[18.5497243,54.4565725],[18.54974521,54.45645318],[18.54966604,54.45644833],[18.5495435,54.4564399],[18.54942573,54.45643163],[18.54931028,54.45642344],[18.54918294,54.45641486],[18.54918906,54.45638733],[18.54907268,54.45637951],[18.54906218,54.45637875],[18.5489344,54.45637008],[18.54893949,54.45634741],[18.54883515,54.45634087],[18.54871433,54.45633343],[18.54871219,54.45634692],[18.54866489,54.45660391],[18.5485428,54.4565953],[18.5484201,54.45658722],[18.54835282,54.45658358],[18.5483451,54.45658236],[18.54825312,54.45657721],[18.5481422,54.45657276],[18.5479169,54.45656111],[18.54790118,54.45682686],[18.54790068,54.45683602],[18.54793025,54.45685584],[18.54789723,54.45685374],[18.54785696,54.45680676],[18.54781073,54.45679762],[18.54779186,54.45679322],[18.5478127,54.45678279],[18.54782434,54.45659281],[18.54783248,54.45649709],[18.54783869,54.45644297],[18.54756211,54.45642491],[18.54719747,54.45640392],[18.54704962,54.45636047],[18.54684008,54.45631497],[18.54680775,54.45630793],[18.54685007,54.45624395],[18.54646285,54.4561493],[18.54641864,54.45621077],[18.54626126,54.45616908],[18.54622877,54.45616068],[18.54620494,54.45615442],[18.54602251,54.45610627],[18.54582614,54.45605451],[18.54563077,54.45598505],[18.545463,54.45592794],[18.5455152,54.45587669],[18.54550758,54.45586789],[18.54548219,54.45582842],[18.54537575,54.45581908],[18.54513484,54.45575898],[18.54509908,54.4557405],[18.54508934,54.45573898],[18.54497577,54.45572098],[18.54478892,54.45568975],[18.54455017,54.45565076],[18.54434638,54.45581762],[18.54412363,54.45571563],[18.54411741,54.45571459],[18.54378527,54.45562321],[18.54372017,54.45563189],[18.54367419,54.45564606],[18.54366918,54.45564708],[18.543669,54.45564765],[18.54366892,54.45564768],[18.54364729,54.45565603],[18.54362125,54.45573054],[18.54355773,54.45580401],[18.5435172,54.45594059],[18.5435274,54.45595715],[18.5434688,54.45621104],[18.54344487,54.45618627],[18.54346941,54.4564087],[18.54342954,54.45638114],[18.5434114,54.45645972],[18.54327769,54.45661441],[18.54317577,54.45683707],[18.54315298,54.45689362],[18.54306929,54.45713462],[18.54291747,54.45718237],[18.54271778,54.45724518],[18.54260511,54.45704626],[18.54236978,54.45648507],[18.54230823,54.4564136],[18.54225724,54.45642016],[18.54220397,54.45642705],[18.54217778,54.4564172],[18.54219033,54.45638614],[18.542202,54.4563718],[18.54223814,54.45636329],[18.54226041,54.45635807],[18.5422471,54.45634263],[18.54224844,54.45633764],[18.54224467,54.45632158],[18.54223088,54.45630438],[18.54221841,54.45629474],[18.54219868,54.45628342],[18.5421968,54.45628422],[18.54202885,54.45608921],[18.54201084,54.45595739],[18.54216874,54.45582626],[18.54214443,54.45578008],[18.54213082,54.4557814],[18.5420173,54.4555794],[18.54191685,54.45540079]],[[18.5497982,54.45545658],[18.54959909,54.4553943],[18.54965125,54.45544719],[18.5497982,54.45545658]],[[18.54730134,54.45507012],[18.54727766,54.45506275],[18.54715936,54.4550467],[18.54673382,54.45498897],[18.54630974,54.45497216],[18.54616273,54.45496633],[18.54610878,54.45496154],[18.54602659,54.45495737],[18.5459415,54.45493682],[18.54593182,54.45494721],[18.54592162,54.45496209],[18.54599996,54.4549801],[18.54602233,54.45503601],[18.54603336,54.455057],[18.54604326,54.45506818],[18.54606194,54.45508192],[18.54609954,54.4550995],[18.54612708,54.45510698],[18.54615741,54.45511311],[18.54618668,54.45511646],[18.54655502,54.45514023],[18.54657306,54.45514155],[18.54673462,54.45516832],[18.54691541,54.45519984],[18.54705355,54.4552231],[18.54711885,54.45523431],[18.54714011,54.45523709],[18.54716156,54.45523663],[18.54718443,54.45523312],[18.54720873,54.45522647],[18.54722409,54.45521879],[18.54724522,54.45520593],[18.54731657,54.45515765],[18.54733045,54.45514394],[18.54733959,54.45512717],[18.54734125,54.45511666],[18.54733784,54.45510379],[18.54732965,54.45509117],[18.54731697,54.45507953],[18.54730134,54.45507012]]]}},{"type":"Feature","properties":{"postcode":"81-813","address_count":119,"both_agree_count":119,"source_conflict_count":0,"unresolved_count":0,"area_m2":94933,"support100_pct":100,"streets":"Kaszubska; Małopolska; Łowicka","label":[18.54904,54.457401],"label_r_km":0.08,"sea_km":0.93,"parts":3,"samples":[[18.54392,54.45612],[18.54562,54.45612],[18.54902,54.45711],[18.54902,54.4581],[18.55072,54.45711],[18.55072,54.4581],[18.55242,54.45711],[18.55242,54.4581]]},"geometry":{"type":"MultiPolygon","coordinates":[[[[18.54747827,54.45691965],[18.54734426,54.4568436],[18.54728011,54.45683435],[18.54727643,54.45683532],[18.54727467,54.45685144],[18.54666978,54.45692435],[18.54666615,54.45691347],[18.54660117,54.45690947],[18.54660375,54.45688682],[18.54641457,54.45684275],[18.54614216,54.4568359],[18.54615866,54.45681328],[18.54597512,54.45676415],[18.5460236,54.45669798],[18.54577023,54.45663921],[18.54574082,54.45670142],[18.54569013,54.45680812],[18.54498192,54.45676495],[18.54506289,54.45668463],[18.54489639,54.45662985],[18.54503606,54.45648691],[18.54480847,54.45640725],[18.54478942,54.45642476],[18.54454871,54.45664409],[18.54451351,54.45667641],[18.54435826,54.45660937],[18.54420751,54.45654419],[18.54424137,54.45651574],[18.54408771,54.45645147],[18.54405475,54.45647839],[18.54390137,54.45641224],[18.54393327,54.45638693],[18.54377894,54.45631989],[18.5437466,54.45634537],[18.54359181,54.45627859],[18.54362632,54.45625247],[18.54351104,54.45617564],[18.54349272,54.45623582],[18.54346941,54.4564087],[18.54344487,54.45618627],[18.5434688,54.45621104],[18.5435274,54.45595715],[18.5435172,54.45594059],[18.54355773,54.45580401],[18.54362125,54.45573054],[18.54364729,54.45565603],[18.54366892,54.45564768],[18.543669,54.45564765],[18.54366918,54.45564708],[18.54367419,54.45564606],[18.54372017,54.45563189],[18.54378527,54.45562321],[18.54411741,54.45571459],[18.54412363,54.45571563],[18.54434638,54.45581762],[18.54455017,54.45565076],[18.54478892,54.45568975],[18.54497577,54.45572098],[18.54508934,54.45573898],[18.54509908,54.4557405],[18.54513484,54.45575898],[18.54537575,54.45581908],[18.54548219,54.45582842],[18.54550758,54.45586789],[18.5455152,54.45587669],[18.545463,54.45592794],[18.54563077,54.45598505],[18.54582614,54.45605451],[18.54602251,54.45610627],[18.54620494,54.45615442],[18.54622877,54.45616068],[18.54626126,54.45616908],[18.54641864,54.45621077],[18.54646285,54.4561493],[18.54685007,54.45624395],[18.54680775,54.45630793],[18.54684008,54.45631497],[18.54704962,54.45636047],[18.54719747,54.45640392],[18.54756211,54.45642491],[18.54783869,54.45644297],[18.54783248,54.45649709],[18.54782434,54.45659281],[18.5478127,54.45678279],[18.54779186,54.45679322],[18.54781073,54.45679762],[18.54785696,54.45680676],[18.54789723,54.45685374],[18.54793025,54.45685584],[18.54790068,54.45683602],[18.54790118,54.45682686],[18.5479169,54.45656111],[18.5481422,54.45657276],[18.54825312,54.45657721],[18.5483451,54.45658236],[18.54835282,54.45658358],[18.5484201,54.45658722],[18.5485428,54.4565953],[18.54866489,54.45660391],[18.54871219,54.45634692],[18.54871433,54.45633343],[18.54883515,54.45634087],[18.54893949,54.45634741],[18.5489344,54.45637008],[18.54906218,54.45637875],[18.54907268,54.45637951],[18.54918906,54.45638733],[18.54918294,54.45641486],[18.54931028,54.45642344],[18.54942573,54.45643163],[18.5495435,54.4564399],[18.54966604,54.45644833],[18.54974521,54.45645318],[18.5497243,54.4565725],[18.54971549,54.45661737],[18.54970753,54.45666798],[18.54992884,54.456681],[18.54992067,54.45672667],[18.55037284,54.45676585],[18.55032026,54.45698469],[18.55028532,54.45700057],[18.55031602,54.4570024],[18.55046048,54.45701092],[18.55050832,54.4570133],[18.55046676,54.45698429],[18.55057394,54.45653737],[18.55092625,54.45655768],[18.55126219,54.45657564],[18.55130707,54.45657806],[18.5513108,54.45657566],[18.55131123,54.45657569],[18.55131132,54.45657533],[18.55137084,54.45653723],[18.55137319,54.45652761],[18.55138482,54.45652828],[18.55140751,54.45651375],[18.55141011,54.45649762],[18.55143091,54.45649877],[18.55147156,54.45647275],[18.55150788,54.45647542],[18.55151167,54.45644764],[18.55151175,54.45644702],[18.55155232,54.45642105],[18.55182618,54.45655848],[18.55184439,54.45655924],[18.55188929,54.4565611],[18.55188882,54.45657067],[18.55212021,54.45658282],[18.55216267,54.45661349],[18.55216175,54.45662885],[18.55221067,54.45663097],[18.5522588,54.45663318],[18.55225579,54.45666176],[18.55225293,54.45668926],[18.55226792,54.45668953],[18.55229335,54.4567079],[18.55229952,54.45674332],[18.55229074,54.45679863],[18.55224158,54.45679731],[18.55223952,54.45681628],[18.55220629,54.45710842],[18.55221556,54.45710883],[18.55224294,54.4568646],[18.55266391,54.45687516],[18.55265685,54.45696899],[18.55261963,54.45705623],[18.55255722,54.45710494],[18.55245905,54.45712093],[18.55272464,54.45713428],[18.55332516,54.45745268],[18.55343517,54.45744759],[18.55388784,54.45776792],[18.55371515,54.45784912],[18.55388911,54.45788121],[18.55355657,54.4583158],[18.55332977,54.45844336],[18.55305706,54.45830431],[18.55286492,54.45814827],[18.55285943,54.45814711],[18.55284958,54.45816897],[18.55238771,54.45809885],[18.55237574,54.45812578],[18.55235992,54.45813016],[18.55232429,54.45814155],[18.55197758,54.45813747],[18.55166895,54.45813394],[18.55166989,54.45815729],[18.55167069,54.45818173],[18.5516508,54.45818263],[18.55147836,54.45818027],[18.5512824,54.45818188],[18.55118418,54.45818314],[18.55118623,54.45817109],[18.55103175,54.45817985],[18.55098695,54.45822395],[18.55081471,54.45823512],[18.55080591,54.45830966],[18.55055066,54.45833005],[18.55051227,54.45833103],[18.55026948,54.45833717],[18.55023033,54.45833807],[18.55024334,54.45822654],[18.55022581,54.45822397],[18.55001836,54.4582255],[18.54997564,54.45823378],[18.54995909,54.45837461],[18.54990476,54.45838277],[18.54968279,54.45838881],[18.54941499,54.45839353],[18.54931601,54.45839487],[18.54918589,54.45839736],[18.549162,54.45839782],[18.54905592,54.45839983],[18.54891394,54.45840317],[18.54878014,54.4584063],[18.54864879,54.45840931],[18.54857764,54.45849679],[18.5485153,54.45854544],[18.5483388,54.45855197],[18.54832359,54.45847502],[18.54833301,54.45846969],[18.54838491,54.458431],[18.54841703,54.45838701],[18.54842792,54.45834824],[18.54833068,54.4583423],[18.54830328,54.45837233],[18.54824182,54.45806159],[18.54824281,54.45798619],[18.5482269,54.45798608],[18.54822108,54.45795669],[18.54818496,54.45792556],[18.54817882,54.45791188],[18.54791639,54.45782367],[18.54784908,54.4578104],[18.54774978,54.45781143],[18.54762019,54.45782127],[18.54708939,54.45775023],[18.54708755,54.45774976],[18.54685055,54.4577446],[18.54683495,54.45773727],[18.54650373,54.45765735],[18.54654457,54.45754762],[18.54660617,54.45755463],[18.54660889,54.45747025],[18.54660222,54.45745545],[18.54658946,54.45742694],[18.54659773,54.45740475],[18.54652304,54.45728835],[18.54658568,54.45727917],[18.54673513,54.4572572],[18.5468563,54.45724344],[18.54690124,54.45723704],[18.54695229,54.45726026],[18.54715707,54.45723714],[18.54716591,54.45726361],[18.54735005,54.45725388],[18.54751184,54.45717515],[18.54747867,54.45691979],[18.54747827,54.45691965]]],[[[18.55182137,54.45818365],[18.55178893,54.45819098],[18.55177005,54.45819531],[18.55176083,54.4581901],[18.55178359,54.45818346],[18.55182137,54.45818365]]],[[[18.5433213,54.45705535],[18.54332129,54.45705535],[18.54306929,54.45713462],[18.54315298,54.45689362],[18.54317577,54.45683707],[18.54327769,54.45661441],[18.5434114,54.45645972],[18.54342954,54.45638114],[18.54346941,54.4564087],[18.5438078,54.45691507],[18.54392764,54.45706799],[18.54393011,54.45709595],[18.54333691,54.45724223],[18.54333196,54.4571829],[18.54333093,54.45717066],[18.5433286,54.45714278],[18.5433213,54.45705535]]]]}},{"type":"Feature","properties":{"postcode":"81-814","address_count":17,"both_agree_count":11,"source_conflict_count":0,"unresolved_count":6,"area_m2":63982,"support100_pct":80,"streets":"Wejherowska","label":[18.555255,54.453646],"label_r_km":0.078,"sea_km":0.64,"parts":1,"samples":[[18.5534,54.45463],[18.5534,54.45562],[18.5551,54.45364],[18.5551,54.45463]]},"geometry":{"type":"Polygon","coordinates":[[[18.55392724,54.45451814],[18.5538856,54.45451662],[18.55392888,54.45442116],[18.55392901,54.45441495],[18.55367392,54.45429065],[18.55393138,54.45429748],[18.55393433,54.45415068],[18.5538778,54.45413119],[18.55343969,54.45417601],[18.55347559,54.45390001],[18.55348319,54.45383503],[18.55353271,54.45383677],[18.55358363,54.45383843],[18.55358902,54.45378198],[18.55353873,54.45378006],[18.55348984,54.45377848],[18.55350119,54.45366082],[18.55364217,54.45366431],[18.5536462,54.45360804],[18.55350614,54.45360465],[18.55350521,54.45360465],[18.55351666,54.45351538],[18.55356139,54.45351635],[18.55356843,54.45345513],[18.55352369,54.4534539],[18.55352953,54.4534288],[18.55354492,54.45330161],[18.55354894,54.45326726],[18.55355586,54.45320964],[18.55358162,54.45301618],[18.55360487,54.45283018],[18.55362489,54.45266891],[18.55364884,54.45245578],[18.553684,54.45215823],[18.55459598,54.45215774],[18.5545883,54.45221617],[18.55458367,54.45221592],[18.55457892,54.45225269],[18.55458355,54.45225285],[18.55456551,54.45238967],[18.55455288,54.45247032],[18.55451157,54.45275675],[18.55486515,54.45272423],[18.5548803,54.45279594],[18.55512009,54.45279772],[18.55513176,54.45270351],[18.55515255,54.45270162],[18.5551791,54.45280589],[18.5551793,54.45284827],[18.55549426,54.45289708],[18.55550988,54.452958],[18.55560975,54.45291963],[18.55561649,54.45291696],[18.55606409,54.453086],[18.55611558,54.45301802],[18.55606709,54.45296694],[18.55612327,54.45288044],[18.55621642,54.45288162],[18.55629441,54.45273158],[18.55635892,54.45271376],[18.55669042,54.45215601],[18.55674437,54.45215514],[18.55624962,54.45289674],[18.55615613,54.45305198],[18.55612232,54.45310799],[18.55700344,54.45344074],[18.55659445,54.45372191],[18.5562574,54.45444917],[18.55602393,54.45458602],[18.55608407,54.45480015],[18.55576009,54.45478019],[18.55567543,54.45487704],[18.55555334,54.45509078],[18.55553057,54.45491796],[18.55550772,54.45474538],[18.55519514,54.45470989],[18.55511684,54.45466588],[18.55497835,54.45485788],[18.55468805,54.45545488],[18.55453965,54.45580753],[18.55446052,54.45584411],[18.55439937,54.45616074],[18.55438835,54.45618966],[18.55419943,54.45670384],[18.55419286,54.45671073],[18.55392904,54.4567921],[18.55345932,54.45661806],[18.55346556,54.45659648],[18.5535175,54.45644683],[18.55319334,54.45637563],[18.55289485,54.45636694],[18.55288972,54.45636682],[18.55262869,54.4562829],[18.55257004,54.45623527],[18.55255318,54.45594927],[18.55269138,54.45591908],[18.55302208,54.4558981],[18.55309267,54.4557709],[18.55319869,54.4556511],[18.55333768,54.4555528],[18.55348641,54.45549529],[18.55337767,54.45540323],[18.55369375,54.45530401],[18.55358673,54.45530333],[18.55336027,54.4553885],[18.55314758,54.45520848],[18.55357267,54.45490464],[18.55334064,54.45481023],[18.55337169,54.45477028],[18.55332495,54.45470122],[18.55307145,54.45464344],[18.55300903,54.45463322],[18.55300916,54.45463196],[18.55301337,54.45456698],[18.55305646,54.4545703],[18.55346237,54.45446931],[18.55358115,54.45452144],[18.55357777,54.45455955],[18.55363299,54.45456091],[18.55363286,54.45456253],[18.55367869,54.45456425],[18.55377254,54.45460545],[18.55383442,54.45457012],[18.55383697,54.45457022],[18.55391996,54.45457271],[18.55392655,54.45452354],[18.55392724,54.45451814]],[[18.5537393,54.45361723],[18.55365339,54.45361583],[18.55365067,54.45366508],[18.55373549,54.45366667],[18.5537393,54.45361723]]]}},{"type":"Feature","properties":{"postcode":"81-815","address_count":42,"both_agree_count":42,"source_conflict_count":0,"unresolved_count":0,"area_m2":101085,"support100_pct":80,"streets":"Józefa Kraszewskiego","label":[18.546704,54.453659],"label_r_km":0.124,"sea_km":1.18,"parts":4,"samples":[[18.54413,54.45375],[18.54583,54.45277],[18.54583,54.45375],[18.54583,54.45474],[18.54753,54.45277],[18.54753,54.45375],[18.54753,54.45474],[18.54923,54.45375],[18.54923,54.45474],[18.55093,54.45375],[18.55263,54.45375]]},"geometry":{"type":"MultiPolygon","coordinates":[[[[18.54504827,54.45441433],[18.54416778,54.45398499],[18.54327857,54.45336431],[18.54335068,54.45320331],[18.54438593,54.45303127],[18.54465843,54.45295801],[18.54658423,54.45227105],[18.54783286,54.45238398],[18.54788836,54.45257388],[18.54846625,54.45321429],[18.54860329,54.45312684],[18.54864309,54.45357858],[18.54914641,54.45355814],[18.5491654,54.4536638],[18.54917647,54.4537246],[18.54925948,54.45377475],[18.54930848,54.45377372],[18.54928844,54.45396332],[18.549256,54.45398189],[18.54939792,54.45398628],[18.54937741,54.45373238],[18.54983822,54.45375041],[18.55025058,54.45376668],[18.5502662,54.45362124],[18.55067524,54.45364148],[18.55066704,54.4537195],[18.55097357,54.45373122],[18.55128906,54.45374397],[18.55128726,54.4537598],[18.55174962,54.45377772],[18.55174629,54.4538055],[18.55213069,54.45382765],[18.55213925,54.45375303],[18.55248957,54.45376536],[18.55248542,54.45380348],[18.55256702,54.45380504],[18.55257464,54.45381671],[18.55259036,54.45366885],[18.55282855,54.45367845],[18.55293253,54.45368211],[18.55290608,54.45390478],[18.55287715,54.45416106],[18.55299159,54.45416359],[18.55299391,54.45414309],[18.55300376,54.45415109],[18.55304181,54.45412895],[18.55303771,54.45416454],[18.55311514,54.45416671],[18.55314901,54.45388813],[18.55317904,54.45388922],[18.55322188,54.45383187],[18.55342359,54.45379148],[18.55348758,54.45379422],[18.55348984,54.45377848],[18.55353873,54.45378006],[18.55358902,54.45378198],[18.55358363,54.45383843],[18.55353271,54.45383677],[18.55348319,54.45383503],[18.55347559,54.45390001],[18.55343969,54.45417601],[18.5538778,54.45413119],[18.55393433,54.45415068],[18.55393138,54.45429748],[18.55367392,54.45429065],[18.55392901,54.45441495],[18.55392888,54.45442116],[18.5538856,54.45451662],[18.55392724,54.45451814],[18.55392655,54.45452354],[18.55391996,54.45457271],[18.55383697,54.45457022],[18.55383442,54.45457012],[18.55377254,54.45460545],[18.55367869,54.45456425],[18.55363286,54.45456253],[18.55363299,54.45456091],[18.55357777,54.45455955],[18.55358115,54.45452144],[18.55346237,54.45446931],[18.55305646,54.4545703],[18.55301337,54.45456698],[18.55300916,54.45463196],[18.55300903,54.45463322],[18.55274383,54.45458951],[18.55249437,54.45456873],[18.55238522,54.45455719],[18.55232862,54.454511],[18.55232647,54.45452377],[18.55232204,54.45454939],[18.55221167,54.45454136],[18.55221552,54.45451681],[18.55219469,54.45451583],[18.55219624,54.45450603],[18.55213703,54.45450486],[18.5521316,54.45455512],[18.5519898,54.45456548],[18.55199324,54.45449941],[18.55179562,54.45449187],[18.55146038,54.45447902],[18.55139019,54.45447638],[18.5509286,54.45445881],[18.55093174,54.45442914],[18.55096276,54.45415426],[18.55080447,54.45414762],[18.55073469,54.45440587],[18.55069088,54.45440437],[18.55037647,54.45439295],[18.55010771,54.45438169],[18.54997705,54.45437608],[18.5499647,54.45448063],[18.54982703,54.45451438],[18.54981812,54.45463278],[18.54955092,54.45462276],[18.54954838,54.45463985],[18.5494228,54.45463452],[18.54918707,54.45477052],[18.54917885,54.45477766],[18.54917586,54.45481422],[18.54833466,54.45506376],[18.54845909,54.4550847],[18.54794583,54.45526119],[18.54753459,54.45509864],[18.54731749,54.4549775],[18.54729047,54.45495692],[18.54728821,54.45495602],[18.5472724,54.45495216],[18.54679715,54.45490972],[18.54653288,54.45486009],[18.54637914,54.45486597],[18.54578219,54.45484927],[18.5458207,54.45465547],[18.54504827,54.45441433]]],[[[18.55351219,54.45351522],[18.55351299,54.45350805],[18.55356443,54.4534899],[18.55356139,54.45351635],[18.55351666,54.45351538],[18.55351219,54.45351522]]],[[[18.55350119,54.45366082],[18.55349934,54.45366083],[18.55345586,54.45365977],[18.55340974,54.45365864],[18.55340994,54.4536559],[18.55339256,54.45360185],[18.5534139,54.45360238],[18.55345971,54.45360351],[18.55350521,54.45360465],[18.55350614,54.45360465],[18.5536462,54.45360804],[18.55364217,54.45366431],[18.55350119,54.45366082]]],[[[18.55373549,54.45366667],[18.55365067,54.45366508],[18.55365339,54.45361583],[18.5537393,54.45361723],[18.55373549,54.45366667]]]]}},{"type":"Feature","properties":{"postcode":"81-816","address_count":8,"both_agree_count":7,"source_conflict_count":1,"unresolved_count":0,"area_m2":12612,"support100_pct":100,"streets":"Wejherowska","label":[18.552038,54.456295],"label_r_km":0.031,"sea_km":0.76,"parts":1,"samples":[[18.55226,54.4564]]},"geometry":{"type":"Polygon","coordinates":[[[18.55233667,54.45594533],[18.5523407,54.45590899],[18.55255318,54.45594927],[18.55257004,54.45623527],[18.55262869,54.4562829],[18.55288972,54.45636682],[18.55289485,54.45636694],[18.55319334,54.45637563],[18.5535175,54.45644683],[18.55346556,54.45659648],[18.55345932,54.45661806],[18.55392904,54.4567921],[18.55387533,54.45682901],[18.55343517,54.45744759],[18.55332516,54.45745268],[18.55272464,54.45713428],[18.55245905,54.45712093],[18.55255722,54.45710494],[18.55261963,54.45705623],[18.55265685,54.45696899],[18.55266391,54.45687516],[18.55224294,54.4568646],[18.55221556,54.45710883],[18.55220629,54.45710842],[18.55223952,54.45681628],[18.55224158,54.45679731],[18.55229074,54.45679863],[18.55229952,54.45674332],[18.55229335,54.4567079],[18.55226792,54.45668953],[18.55225293,54.45668926],[18.55225579,54.45666176],[18.5522588,54.45663318],[18.55221067,54.45663097],[18.55216175,54.45662885],[18.55216267,54.45661349],[18.55212021,54.45658282],[18.55188882,54.45657067],[18.55188929,54.4565611],[18.55184439,54.45655924],[18.55182618,54.45655848],[18.55155232,54.45642105],[18.55140754,54.4560789],[18.55142584,54.45599797],[18.55176175,54.45593485],[18.55233667,54.45594533]]]}},{"type":"Feature","properties":{"postcode":"81-817","address_count":52,"both_agree_count":52,"source_conflict_count":0,"unresolved_count":0,"area_m2":418901,"support100_pct":44,"streets":"Jacka Malczewskiego","label":[18.539778,54.452667],"label_r_km":0.191,"sea_km":1.64,"parts":2,"samples":[[18.53323,54.45241],[18.53493,54.45142],[18.53493,54.45241],[18.53493,54.4534],[18.53663,54.45142],[18.53663,54.45241],[18.53663,54.4534],[18.53833,54.45142],[18.53833,54.45241],[18.53833,54.4534],[18.54003,54.45142],[18.54003,54.45241],[18.54003,54.4534],[18.54173,54.45142],[18.54173,54.45241],[18.54173,54.4534],[18.54343,54.45043],[18.54343,54.45142],[18.54343,54.45241],[18.54513,54.45043],[18.54513,54.45142],[18.54513,54.45241],[18.54683,54.44944],[18.54683,54.45043],[18.54683,54.45142],[18.54853,54.44944],[18.54853,54.45043],[18.54853,54.45142],[18.55023,54.45043],[18.55023,54.45142],[18.55023,54.45241],[18.55193,54.45043],[18.55193,54.45142],[18.55363,54.45043]]},"geometry":{"type":"MultiPolygon","coordinates":[[[[18.5485726,54.44903298],[18.54881123,54.44915906],[18.5488412,54.44918344],[18.54913656,54.44966931],[18.54921411,54.4498349],[18.54926783,54.44999811],[18.54936965,54.45002772],[18.55043169,54.45043293],[18.55054421,54.45043991],[18.55053433,54.45050609],[18.55064119,54.45049536],[18.55072218,54.45048744],[18.55077407,54.45048155],[18.55091525,54.4504677],[18.55093774,54.4504658],[18.55109048,54.45045019],[18.55109731,54.45046679],[18.55120092,54.45049187],[18.5512805,54.4504801],[18.5512751,54.45046651],[18.55125294,54.45039015],[18.55137684,54.45038474],[18.55153401,54.4503779],[18.55167099,54.45037189],[18.55174511,54.45036877],[18.55184295,54.45036446],[18.55186525,54.45026912],[18.55196982,54.45024798],[18.55207944,54.45022574],[18.55219984,54.45020128],[18.55230317,54.45018033],[18.5523928,54.45016213],[18.55249321,54.45014172],[18.55258593,54.45012288],[18.55266175,54.45009819],[18.55276582,54.45008648],[18.55278573,54.44995135],[18.55288448,54.44995602],[18.55298444,54.44996078],[18.55307531,54.44996495],[18.55323541,54.44999206],[18.55331933,54.45003031],[18.55338585,54.4500814],[18.55340475,54.45009982],[18.55338845,54.45013664],[18.55342835,54.45012289],[18.55356247,54.45007663],[18.55360591,54.45006161],[18.55353889,54.45005348],[18.55338094,54.44990039],[18.5534428,54.44988006],[18.55359384,54.44983058],[18.55356559,54.44977115],[18.55349007,54.44961292],[18.55365793,54.4496206],[18.55382885,54.44962844],[18.55397541,54.44963513],[18.5539795,54.44964379],[18.55414946,54.4495488],[18.55419222,54.44951213],[18.55420074,54.44950428],[18.5542658,54.44951255],[18.55436121,54.44947168],[18.5546523,54.44945397],[18.55477333,54.44946795],[18.5547997,54.44946106],[18.55509889,54.44951805],[18.55538348,54.44963468],[18.55490009,54.44997098],[18.55477097,54.4499541],[18.55454471,54.44996516],[18.55453676,54.44997738],[18.55449281,54.45007928],[18.55448239,54.45020916],[18.55447314,54.45001541],[18.55444947,54.45000784],[18.5543464,54.45005974],[18.55433415,54.45005459],[18.55415786,54.45011847],[18.55411596,54.45016717],[18.55414249,54.45030515],[18.55415203,54.45034976],[18.55399253,54.450377],[18.55400179,54.45040076],[18.55410242,54.4503861],[18.55411324,54.4504113],[18.55412933,54.45044896],[18.55402869,54.45046352],[18.554039,54.45048558],[18.55396437,54.45049616],[18.55399939,54.45056876],[18.55397891,54.45056973],[18.5539136,54.45060963],[18.5536117,54.45070636],[18.55350363,54.45069753],[18.5535149,54.45073254],[18.55352745,54.45077265],[18.5535371,54.45080171],[18.55317181,54.45084594],[18.55318036,54.45089382],[18.55317033,54.45089494],[18.55319253,54.45096199],[18.55330371,54.45158451],[18.55282136,54.45160143],[18.55237549,54.4516699],[18.55164066,54.45211276],[18.55161434,54.45211914],[18.55151182,54.45212039],[18.55062531,54.45258619],[18.54957817,54.45269039],[18.54819624,54.45230571],[18.54783286,54.45238398],[18.54658423,54.45227105],[18.54465843,54.45295801],[18.54438593,54.45303127],[18.54335068,54.45320331],[18.54327857,54.45336431],[18.54308498,54.45350445],[18.54177094,54.45411299],[18.54058724,54.45433566],[18.54041321,54.45435904],[18.54001023,54.45438666],[18.53902292,54.45438875],[18.53626471,54.45414659],[18.53545059,54.45378473],[18.53238527,54.45214076],[18.53303985,54.45150735],[18.53324439,54.45146589],[18.53810185,54.45073386],[18.53881756,54.45071066],[18.539439,54.45071425],[18.54105895,54.45105526],[18.54270826,54.45051623],[18.54438493,54.45005052],[18.5445973,54.44993243],[18.54466582,54.44991084],[18.54498485,54.44983176],[18.54518082,54.44979436],[18.54583925,54.44968337],[18.54602466,54.44958899],[18.54758868,54.44910592],[18.54794298,54.44903928],[18.54796757,54.44903936],[18.5485726,54.44903298]],[[18.55259673,54.45012382],[18.55261241,54.45014045],[18.55265325,54.45012195],[18.5526417,54.4501096],[18.55259673,54.45012382]]],[[[18.54841608,54.44895028],[18.54850588,54.44899773],[18.54814348,54.44900156],[18.54841608,54.44895028]]]]}},{"type":"Feature","properties":{"postcode":"81-818","address_count":27,"both_agree_count":27,"source_conflict_count":0,"unresolved_count":0,"area_m2":8956,"support100_pct":100,"streets":"Daniela Chodowieckiego","label":[18.55228,54.449855],"label_r_km":0.033,"sea_km":0.97,"parts":2,"samples":[[18.55198,54.45001]]},"geometry":{"type":"MultiPolygon","coordinates":[[[[18.55127411,54.45006667],[18.5511672,54.45002171],[18.55113007,54.44991027],[18.55117191,54.44982955],[18.55114991,54.44976021],[18.55121246,54.44964538],[18.55132945,54.44961071],[18.55133275,54.44961105],[18.55134433,54.44951482],[18.55151218,54.4495225],[18.55160164,54.44952578],[18.55161199,54.44952708],[18.55171211,54.44953166],[18.55173589,54.44953407],[18.55181178,54.44953739],[18.55185946,54.4495396],[18.55191205,54.44954081],[18.55200598,54.44954406],[18.55207711,54.4495484],[18.55218555,54.44955231],[18.5522428,54.44955591],[18.55233212,54.44955901],[18.55234277,54.44956049],[18.55244274,54.44956507],[18.55252079,54.4495675],[18.55254286,54.44956964],[18.55264282,54.44957421],[18.55267632,54.44957766],[18.55280836,54.44958181],[18.55291156,54.44958654],[18.55301415,54.4495912],[18.55303686,54.44959433],[18.55311674,54.44959585],[18.55321995,54.44960059],[18.55324755,54.44960055],[18.55332223,54.44960533],[18.55342634,54.44960863],[18.55349007,54.44961292],[18.55356559,54.44977115],[18.55359384,54.44983058],[18.5534428,54.44988006],[18.55338094,54.44990039],[18.55353889,54.45005348],[18.55360591,54.45006161],[18.55356247,54.45007663],[18.55342835,54.45012289],[18.55338845,54.45013664],[18.55340475,54.45009982],[18.55338585,54.4500814],[18.55331933,54.45003031],[18.55323541,54.44999206],[18.55307531,54.44996495],[18.55298444,54.44996078],[18.55288448,54.44995602],[18.55278573,54.44995135],[18.55276582,54.45008648],[18.55266175,54.45009819],[18.55258593,54.45012288],[18.55249321,54.45014172],[18.5523928,54.45016213],[18.55230317,54.45018033],[18.55219984,54.45020128],[18.55207944,54.45022574],[18.55196982,54.45024798],[18.55198721,54.45013155],[18.55184999,54.45013091],[18.55175069,54.45013047],[18.55168732,54.45013013],[18.55153252,54.45012931],[18.55151849,54.45012938],[18.55135459,54.45012851],[18.55126593,54.4501281],[18.55127411,54.45006667]]],[[[18.55259673,54.45012382],[18.5526417,54.4501096],[18.55265325,54.45012195],[18.55261241,54.45014045],[18.55259673,54.45012382]]]]}},{"type":"Feature","properties":{"postcode":"81-819","address_count":8,"both_agree_count":3,"source_conflict_count":0,"unresolved_count":5,"area_m2":10945,"support100_pct":87,"streets":"Okrężna","label":[18.551143,54.449034],"label_r_km":0.023,"sea_km":1.07,"parts":1,"samples":[[18.55136,54.44842]]},"geometry":{"type":"Polygon","coordinates":[[[18.55110602,54.44854227],[18.55111127,54.44853618],[18.55119325,54.44850058],[18.5516412,54.44795518],[18.55185925,54.44792295],[18.55207721,54.44807922],[18.55224766,54.4482378],[18.55220131,54.44842492],[18.55186323,54.4486572],[18.55182181,54.44865481],[18.55168839,54.44865003],[18.55166394,54.44874663],[18.55161094,54.44895639],[18.55175167,54.44898747],[18.55172466,54.44899684],[18.55168166,54.44901732],[18.55168283,54.44902121],[18.55164224,54.44904138],[18.55156479,54.44914067],[18.55137122,54.44920998],[18.55132903,54.44924752],[18.551089,54.4492381],[18.55092951,54.44923263],[18.55082122,54.44922755],[18.55070923,54.44922312],[18.55070639,54.44924575],[18.55035317,54.44927519],[18.5488412,54.44918344],[18.54881123,54.44915906],[18.5494175,54.44902221],[18.54943968,54.4490219],[18.55056238,54.44899918],[18.5501498,54.44889477],[18.55008563,54.44897287],[18.54959182,54.44898285],[18.55016258,54.44885401],[18.55051041,54.44874249],[18.55060107,54.44878041],[18.55073507,54.44881699],[18.55079324,54.44883245],[18.5508344,54.44884349],[18.55087619,54.44885517],[18.55087836,54.44885578],[18.55092525,54.44878899],[18.55110602,54.44854227]]]}},{"type":"Feature","properties":{"postcode":"81-820","address_count":99,"both_agree_count":99,"source_conflict_count":0,"unresolved_count":0,"area_m2":2224961,"support100_pct":16,"streets":"23 Marca","label":[18.528003,54.446754],"label_r_km":0.621,"sea_km":2.56,"parts":1,"samples":[[18.51234,54.44702],[18.51234,54.44801],[18.51404,54.44603],[18.51404,54.44702],[18.51404,54.44801],[18.51404,54.449],[18.51574,54.44504],[18.51574,54.44603],[18.51574,54.44702],[18.51574,54.44801],[18.51574,54.449],[18.51574,54.44999],[18.51744,54.44504],[18.51744,54.44603],[18.51744,54.44702],[18.51744,54.44801],[18.51744,54.449],[18.51744,54.44999],[18.51744,54.45097],[18.51914,54.44405],[18.51914,54.44504],[18.51914,54.44603],[18.51914,54.44702],[18.51914,54.44801],[18.51914,54.449],[18.51914,54.44999],[18.51914,54.45097],[18.52084,54.44306],[18.52084,54.44405],[18.52084,54.44504],[18.52084,54.44603],[18.52084,54.44702],[18.52084,54.44801],[18.52084,54.449],[18.52084,54.44999],[18.52084,54.45097],[18.52084,54.45196],[18.52254,54.44207],[18.52254,54.44306],[18.52254,54.44405],[18.52254,54.44504],[18.52254,54.44603],[18.52254,54.44702],[18.52254,54.44801],[18.52254,54.449],[18.52254,54.44999],[18.52254,54.45097],[18.52254,54.45196],[18.52424,54.44207],[18.52424,54.44306],[18.52424,54.44405],[18.52424,54.44504],[18.52424,54.44603],[18.52424,54.44702],[18.52424,54.44801],[18.52424,54.449],[18.52424,54.44999],[18.52424,54.45097],[18.52424,54.45196],[18.52594,54.44108],[18.52594,54.44207],[18.52594,54.44306],[18.52594,54.44405],[18.52594,54.44504],[18.52594,54.44603],[18.52594,54.44702],[18.52594,54.44801],[18.52594,54.449],[18.52594,54.44999],[18.52594,54.45097],[18.52594,54.45196],[18.52764,54.44009],[18.52764,54.44108],[18.52764,54.44207],[18.52764,54.44306],[18.52764,54.44405],[18.52764,54.44504],[18.52764,54.44603],[18.52764,54.44702],[18.52764,54.44801],[18.52764,54.449],[18.52764,54.44999],[18.52764,54.45097],[18.52764,54.45196],[18.52933,54.44108],[18.52933,54.44207],[18.52933,54.44306],[18.52933,54.44405],[18.52933,54.44504],[18.52933,54.44603],[18.52933,54.44702],[18.52933,54.44801],[18.52933,54.449],[18.52933,54.44999],[18.52933,54.45097],[18.52933,54.45196],[18.53103,54.44207],[18.53103,54.44306],[18.53103,54.44405],[18.53103,54.44504],[18.53103,54.44603],[18.53103,54.44702],[18.53103,54.44801],[18.53103,54.449],[18.53103,54.44999],[18.53103,54.45097],[18.53103,54.45196],[18.53273,54.44207],[18.53273,54.44306],[18.53273,54.44405],[18.53273,54.44504],[18.53273,54.44603],[18.53273,54.44702],[18.53273,54.44801],[18.53273,54.449],[18.53273,54.44999],[18.53273,54.45097],[18.53443,54.44207],[18.53443,54.44306],[18.53443,54.44405],[18.53443,54.44504],[18.53443,54.44603],[18.53443,54.44702],[18.53443,54.44801],[18.53443,54.449],[18.53443,54.44999],[18.53443,54.45097],[18.53613,54.44306],[18.53613,54.44405],[18.53613,54.44504],[18.53613,54.44603],[18.53613,54.44702],[18.53613,54.44801],[18.53613,54.449],[18.53613,54.44999],[18.53613,54.45097],[18.53783,54.44306],[18.53783,54.44405],[18.53783,54.44504],[18.53783,54.44603],[18.53783,54.44702],[18.53783,54.44801],[18.53783,54.449],[18.53783,54.44999],[18.53953,54.44306],[18.53953,54.44405],[18.53953,54.44504],[18.53953,54.44603],[18.53953,54.44702],[18.53953,54.44801],[18.53953,54.449],[18.53953,54.44999],[18.54123,54.44405],[18.54123,54.44504],[18.54123,54.44603],[18.54123,54.44702],[18.54123,54.44801],[18.54123,54.449],[18.54123,54.44999],[18.54123,54.45097],[18.54293,54.44504],[18.54293,54.44603],[18.54293,54.44702],[18.54293,54.44801],[18.54293,54.449],[18.54293,54.44999],[18.54463,54.44603],[18.54463,54.44702],[18.54463,54.44801],[18.54463,54.449],[18.54633,54.44801],[18.54633,54.449],[18.54803,54.44801],[18.54803,54.449],[18.54973,54.44702],[18.54973,54.44801],[18.54973,54.449],[18.55143,54.44702],[18.55143,54.44801],[18.55313,54.44603],[18.55483,54.44603],[18.55483,54.44702]]},"geometry":{"type":"MultiPolygon","coordinates":[[[[18.51410625,54.4494342],[18.51400344,54.4493866],[18.51391307,54.44934477],[18.51387252,54.44932599],[18.51360033,54.44919799],[18.51268657,54.44876829],[18.51253879,54.44869879],[18.51178987,54.44835696],[18.51175889,54.44834282],[18.51061273,54.44781964],[18.5097919,54.44744121],[18.51015634,54.44727404],[18.52774855,54.43959833],[18.52911784,54.44048771],[18.53268185,54.44162459],[18.53783232,54.44247522],[18.54248743,54.44368031],[18.54352874,54.44565072],[18.54374965,54.44573905],[18.54492539,54.446048],[18.54502199,54.44708772],[18.54507797,54.44709552],[18.54508,54.44710854],[18.5450859,54.44714679],[18.54508627,54.44715155],[18.5450905,54.44717992],[18.54509456,54.44720694],[18.54509847,54.44723388],[18.54510333,54.44726306],[18.5451625,54.44726064],[18.54516354,54.44726997],[18.54518974,54.44726932],[18.54516257,54.44735955],[18.54534293,54.44738111],[18.54559213,54.44740982],[18.54567029,54.44761809],[18.54589006,54.44758968],[18.54596055,54.44758056],[18.54597932,54.44757814],[18.54613401,54.44755813],[18.54634594,54.44752006],[18.54638577,54.44751287],[18.54664016,54.44746716],[18.54672414,54.44745214],[18.546889,54.44742246],[18.54715558,54.44737777],[18.54740335,54.4473328],[18.54765987,54.44728618],[18.54765607,54.44727856],[18.54786797,54.44723852],[18.54807257,54.44720498],[18.54808616,54.44723148],[18.54814648,54.44721417],[18.54818645,54.44717413],[18.54819445,54.44718879],[18.54840513,54.44714974],[18.54862875,54.44710821],[18.54863674,54.44710664],[18.54885369,54.44706325],[18.54909917,54.4470208],[18.5493489,54.44697439],[18.54958235,54.44693092],[18.54981286,54.44688809],[18.54982455,54.44688589],[18.55006354,54.44684167],[18.55031389,54.44679489],[18.55056409,54.44674811],[18.55079584,54.4467051],[18.5508029,54.4467029],[18.55105342,54.44665729],[18.55130485,54.4466106],[18.55158118,54.44655785],[18.55162269,54.44664158],[18.55206898,54.44653667],[18.55206737,54.44653435],[18.55210323,54.44652781],[18.55215421,54.4464363],[18.55216302,54.44643443],[18.55216206,54.44641944],[18.55216328,54.44631575],[18.5524139,54.44631228],[18.55263775,54.44623147],[18.55252979,54.44612577],[18.55273882,54.4460453],[18.55294343,54.44596647],[18.55294404,54.44564554],[18.55307353,54.44565761],[18.55325721,54.44567483],[18.5533067,54.44562897],[18.5531246,54.44547733],[18.55298517,54.44550632],[18.55298388,54.44540654],[18.55315016,54.4453983],[18.55417121,54.44460828],[18.55466918,54.44541034],[18.55529147,54.44565864],[18.55529976,54.44570804],[18.55529577,54.44570403],[18.55558457,54.44618696],[18.55567265,54.44614451],[18.55571308,54.44612501],[18.55614787,54.44656028],[18.55594228,54.44656625],[18.5559136,54.44666801],[18.55580812,54.44677891],[18.55554423,54.44690779],[18.55552492,54.44691606],[18.55546418,54.44712118],[18.55544098,54.44713818],[18.55540617,54.44714041],[18.55499259,54.44713323],[18.5543378,54.44704945],[18.55386432,54.44701262],[18.55357449,54.44699014],[18.55344486,54.44698005],[18.55332462,54.44696946],[18.55317308,54.44695847],[18.55301187,54.44694977],[18.55305411,54.44683682],[18.55305815,54.4468262],[18.55287219,54.44667486],[18.55277797,54.44670817],[18.55270525,54.44673385],[18.55255808,54.4467842],[18.55256053,54.44679808],[18.55241262,54.44685246],[18.55210188,54.44718588],[18.55205947,54.44729112],[18.55204835,54.44730027],[18.55200078,54.44745803],[18.55196339,54.44779325],[18.55185925,54.44792295],[18.5516412,54.44795518],[18.55119325,54.44850058],[18.55111127,54.44853618],[18.55110602,54.44854227],[18.55092525,54.44878899],[18.55087836,54.44885578],[18.55087619,54.44885517],[18.5508344,54.44884349],[18.55079324,54.44883245],[18.55073507,54.44881699],[18.55060107,54.44878041],[18.55051041,54.44874249],[18.55016258,54.44885401],[18.54959182,54.44898285],[18.55008563,54.44897287],[18.5501498,54.44889477],[18.55056238,54.44899918],[18.54943968,54.4490219],[18.5494175,54.44902221],[18.54881123,54.44915906],[18.5485726,54.44903298],[18.54796757,54.44903936],[18.54794298,54.44903928],[18.54758868,54.44910592],[18.54602466,54.44958899],[18.54583925,54.44968337],[18.54518082,54.44979436],[18.54498485,54.44983176],[18.54466582,54.44991084],[18.5445973,54.44993243],[18.54438493,54.45005052],[18.54270826,54.45051623],[18.54105895,54.45105526],[18.539439,54.45071425],[18.53881756,54.45071066],[18.53810185,54.45073386],[18.53324439,54.45146589],[18.53303985,54.45150735],[18.53238527,54.45214076],[18.53229624,54.45217138],[18.53227353,54.45217814],[18.53022598,54.45247302],[18.5295533,54.45253316],[18.52886816,54.45257817],[18.51895654,54.45295639],[18.51896862,54.45287794],[18.51897856,54.45281334],[18.5190064,54.45263243],[18.51902516,54.4525143],[18.51903839,54.45243097],[18.51910626,54.4521814],[18.51912428,54.45211514],[18.51929053,54.45183816],[18.51929052,54.45183816],[18.51927087,54.45183221],[18.5192215,54.45181725],[18.51839017,54.45142272],[18.51822507,54.45134436],[18.5181019,54.45128725],[18.51710393,54.45082447],[18.51673508,54.45065324],[18.51583713,54.45023637],[18.51520989,54.44994517],[18.51485399,54.44978039],[18.51430528,54.44952635],[18.51417367,54.44946541],[18.51410625,54.4494342]],[[18.54850588,54.44899773],[18.54841608,54.44895028],[18.54814348,54.44900156],[18.54850588,54.44899773]]]]}},{"type":"Feature","properties":{"postcode":"81-821","address_count":12,"both_agree_count":12,"source_conflict_count":0,"unresolved_count":0,"area_m2":18681,"support100_pct":90,"streets":"Księżycowa","label":[18.550302,54.449775],"label_r_km":0.055,"sea_km":1.09,"parts":1,"samples":[[18.54969,54.44964]]},"geometry":{"type":"Polygon","coordinates":[[[18.55043169,54.45043293],[18.54936965,54.45002772],[18.54926783,54.44999811],[18.54921411,54.4498349],[18.54913656,54.44966931],[18.5488412,54.44918344],[18.55035317,54.44927519],[18.55070639,54.44924575],[18.55070923,54.44922312],[18.55082122,54.44922755],[18.55092951,54.44923263],[18.551089,54.4492381],[18.55132903,54.44924752],[18.55137122,54.44920998],[18.55156479,54.44914067],[18.55163675,54.44917254],[18.55163148,54.44917606],[18.55177502,54.44924593],[18.55173589,54.44953407],[18.55171211,54.44953166],[18.55161199,54.44952708],[18.55160164,54.44952578],[18.55151218,54.4495225],[18.55134433,54.44951482],[18.55133275,54.44961105],[18.55132945,54.44961071],[18.55121246,54.44964538],[18.55114991,54.44976021],[18.55117191,54.44982955],[18.55113007,54.44991027],[18.5511672,54.45002171],[18.55127411,54.45006667],[18.55126593,54.4501281],[18.55135459,54.45012851],[18.55151849,54.45012938],[18.55153252,54.45012931],[18.55168732,54.45013013],[18.55175069,54.45013047],[18.55184999,54.45013091],[18.55198721,54.45013155],[18.55196982,54.45024798],[18.55186525,54.45026912],[18.55184295,54.45036446],[18.55174511,54.45036877],[18.55167099,54.45037189],[18.55153401,54.4503779],[18.55137684,54.45038474],[18.55125294,54.45039015],[18.5512751,54.45046651],[18.5512805,54.4504801],[18.55120092,54.45049187],[18.55109731,54.45046679],[18.55109048,54.45045019],[18.55093774,54.4504658],[18.55091525,54.4504677],[18.55077407,54.45048155],[18.55072218,54.45048744],[18.55064119,54.45049536],[18.55053433,54.45050609],[18.55054421,54.45043991],[18.55043169,54.45043293]]]}},{"type":"Feature","properties":{"postcode":"81-822","address_count":74,"both_agree_count":39,"source_conflict_count":0,"unresolved_count":35,"area_m2":58175,"support100_pct":98,"streets":"Okrężna","label":[18.553247,54.447629],"label_r_km":0.073,"sea_km":1.02,"parts":1,"samples":[[18.55241,54.44717],[18.55241,54.44816],[18.55241,54.44915],[18.55411,54.44717],[18.55411,54.44816],[18.55411,54.44915]]},"geometry":{"type":"Polygon","coordinates":[[[18.55185925,54.44792295],[18.55196339,54.44779325],[18.55200078,54.44745803],[18.55204835,54.44730027],[18.55205947,54.44729112],[18.55210188,54.44718588],[18.55241262,54.44685246],[18.55256053,54.44679808],[18.55255808,54.4467842],[18.55270525,54.44673385],[18.55277797,54.44670817],[18.55287219,54.44667486],[18.55305815,54.4468262],[18.55305411,54.44683682],[18.55301187,54.44694977],[18.55317308,54.44695847],[18.55332462,54.44696946],[18.55344486,54.44698005],[18.55357449,54.44699014],[18.55386432,54.44701262],[18.5543378,54.44704945],[18.5543906,54.44719188],[18.55453535,54.44757898],[18.55455563,54.44759695],[18.55467116,54.44757809],[18.55512227,54.44756785],[18.55518303,54.4475584],[18.55544859,54.44782626],[18.55549066,54.4478364],[18.55556006,54.44790643],[18.55543315,54.44794915],[18.5553664,54.44804128],[18.55551164,54.44807691],[18.55554939,54.44822327],[18.55539177,54.44835508],[18.55569133,54.44855999],[18.55581896,54.44856255],[18.55584749,54.44858629],[18.55556567,54.44883591],[18.55563637,54.44888467],[18.55517731,54.44906135],[18.55526447,54.44912133],[18.55549306,54.44927823],[18.55548249,54.44928103],[18.55553778,54.44936541],[18.55543571,54.44941541],[18.55548957,54.44939567],[18.55554302,54.44937341],[18.55562245,54.44949465],[18.55545865,54.44962356],[18.55538348,54.44963468],[18.55509889,54.44951805],[18.5547997,54.44946106],[18.55477333,54.44946795],[18.5546523,54.44945397],[18.55436121,54.44947168],[18.5542658,54.44951255],[18.55420074,54.44950428],[18.55419222,54.44951213],[18.55414946,54.4495488],[18.5539795,54.44964379],[18.55397541,54.44963513],[18.55382885,54.44962844],[18.55365793,54.4496206],[18.55349007,54.44961292],[18.55342634,54.44960863],[18.55332223,54.44960533],[18.55324755,54.44960055],[18.55321995,54.44960059],[18.55311674,54.44959585],[18.55303686,54.44959433],[18.55301415,54.4495912],[18.55291156,54.44958654],[18.55280836,54.44958181],[18.55267632,54.44957766],[18.55264282,54.44957421],[18.55254286,54.44956964],[18.55252079,54.4495675],[18.55244274,54.44956507],[18.55234277,54.44956049],[18.55233212,54.44955901],[18.5522428,54.44955591],[18.55218555,54.44955231],[18.55207711,54.4495484],[18.55200598,54.44954406],[18.55191205,54.44954081],[18.55185946,54.4495396],[18.55181178,54.44953739],[18.55173589,54.44953407],[18.55177502,54.44924593],[18.55163148,54.44917606],[18.55163675,54.44917254],[18.55156479,54.44914067],[18.55164224,54.44904138],[18.55168283,54.44902121],[18.55168166,54.44901732],[18.55172466,54.44899684],[18.55175167,54.44898747],[18.55161094,54.44895639],[18.55166394,54.44874663],[18.55168839,54.44865003],[18.55182181,54.44865481],[18.55186323,54.4486572],[18.55220131,54.44842492],[18.55224238,54.44867911],[18.55240395,54.44868845],[18.55225627,54.44876504],[18.55226271,54.44880497],[18.55231449,54.44883006],[18.55235498,54.44884621],[18.55240664,54.44881925],[18.55254585,54.44891044],[18.5527102,54.44893367],[18.55274743,54.44893889],[18.55287367,54.44895978],[18.55303323,54.44898233],[18.55306151,54.44898633],[18.55308343,54.44898937],[18.55316655,54.44900112],[18.55323574,54.44901086],[18.55327019,54.44901574],[18.55349432,54.44904751],[18.55350799,54.44896371],[18.55356893,54.44896658],[18.55357033,54.44895579],[18.55369189,54.44896143],[18.55370064,54.44893008],[18.553752,54.44891592],[18.55375441,54.4489125],[18.55378632,54.44880949],[18.55378427,54.44878364],[18.55377884,54.44876651],[18.55372739,54.44882766],[18.55305118,54.44865485],[18.55269084,54.44833449],[18.5525107,54.44831113],[18.55224766,54.4482378],[18.55207721,54.44807922],[18.55185925,54.44792295]]]}},{"type":"Feature","properties":{"postcode":"81-823","address_count":24,"both_agree_count":24,"source_conflict_count":0,"unresolved_count":0,"area_m2":77242,"support100_pct":82,"streets":"Zacisze","label":[18.549314,54.445993],"label_r_km":0.102,"sea_km":1.32,"parts":1,"samples":[[18.54578,54.44706],[18.54747,54.44607],[18.54747,54.44706],[18.54917,54.44508],[18.54917,54.44607],[18.55087,54.44607]]},"geometry":{"type":"Polygon","coordinates":[[[18.54507797,54.44709552],[18.54502199,54.44708772],[18.54492539,54.446048],[18.54623371,54.4462143],[18.54654702,54.44619052],[18.5470093,54.44611073],[18.54728582,54.44601174],[18.54864631,54.4450037],[18.54901601,54.44491866],[18.54942548,54.44469364],[18.5500041,54.44458513],[18.55090393,54.4454481],[18.55095526,54.44562605],[18.55124206,54.44577237],[18.55136287,54.44588823],[18.5513513,54.44592906],[18.55139712,54.44596489],[18.55154783,54.44593412],[18.55154299,54.44613666],[18.55202503,54.44613535],[18.55202444,54.44616155],[18.55204223,54.44616279],[18.55207062,54.44637484],[18.55215421,54.4464363],[18.55210323,54.44652781],[18.55206737,54.44653435],[18.55206898,54.44653667],[18.55162269,54.44664158],[18.55158118,54.44655785],[18.55130485,54.4466106],[18.55105342,54.44665729],[18.5508029,54.4467029],[18.55079584,54.4467051],[18.55056409,54.44674811],[18.55031389,54.44679489],[18.55006354,54.44684167],[18.54982455,54.44688589],[18.54981286,54.44688809],[18.54958235,54.44693092],[18.5493489,54.44697439],[18.54909917,54.4470208],[18.54885369,54.44706325],[18.54863674,54.44710664],[18.54862875,54.44710821],[18.54840513,54.44714974],[18.54819445,54.44718879],[18.54818645,54.44717413],[18.54814648,54.44721417],[18.54808616,54.44723148],[18.54807257,54.44720498],[18.54786797,54.44723852],[18.54765607,54.44727856],[18.54765987,54.44728618],[18.54740335,54.4473328],[18.54715558,54.44737777],[18.546889,54.44742246],[18.54672414,54.44745214],[18.54664016,54.44746716],[18.54638577,54.44751287],[18.54634594,54.44752006],[18.54613401,54.44755813],[18.54597932,54.44757814],[18.54596055,54.44758056],[18.54589006,54.44758968],[18.54567029,54.44761809],[18.54559213,54.44740982],[18.54534293,54.44738111],[18.54516257,54.44735955],[18.54518974,54.44726932],[18.54516354,54.44726997],[18.5451625,54.44726064],[18.54510333,54.44726306],[18.54509847,54.44723388],[18.54509456,54.44720694],[18.5450905,54.44717992],[18.54508627,54.44715155],[18.5450859,54.44714679],[18.54508,54.44710854],[18.54507797,54.44709552]]]}},{"type":"Feature","properties":{"postcode":"81-824","address_count":42,"both_agree_count":35,"source_conflict_count":5,"unresolved_count":2,"area_m2":122837,"support100_pct":92,"streets":"Armii Krajowej; Michała Drzymały","label":[18.556839,54.4473],"label_r_km":0.084,"sea_km":0.82,"parts":5,"samples":[[18.55501,54.44408],[18.55501,54.44507],[18.55671,54.44111],[18.55671,54.4421],[18.55671,54.44309],[18.55671,54.44408],[18.55671,54.44507],[18.55671,54.44606],[18.55671,54.44705],[18.55671,54.44803],[18.5754,54.44111]]},"geometry":{"type":"MultiPolygon","coordinates":[[[[18.55658989,54.44530177],[18.55623269,54.44527807],[18.55620677,54.44542401],[18.55613148,54.44544938],[18.55562051,54.4454677],[18.55529147,54.44565864],[18.55466918,54.44541034],[18.55417121,54.44460828],[18.55417951,54.44435003],[18.55416191,54.44433006],[18.55421469,54.44424668],[18.55489183,54.44375068],[18.55488052,54.44365594],[18.55488845,54.44360379],[18.55502916,54.44352166],[18.55502308,54.44349339],[18.55501764,54.44346727],[18.55510986,54.44345902],[18.55510473,54.44343273],[18.55509975,54.44340678],[18.55509429,54.4433786],[18.55505883,54.44319619],[18.55552505,54.44316674],[18.55623686,54.44320767],[18.55631452,54.44320614],[18.55631375,54.44318288],[18.5564893,54.44318144],[18.55648524,54.44321469],[18.5564405,54.44323419],[18.55646967,54.44346509],[18.55643336,54.44368383],[18.55719249,54.44380097],[18.55719293,54.44381196],[18.55721372,54.44412785],[18.55723021,54.44417279],[18.55696792,54.44417966],[18.55697822,54.44444915],[18.55722,54.4444453],[18.55744922,54.44455848],[18.55792316,54.44454946],[18.55786845,54.4448797],[18.5574572,54.44485933],[18.5574381,54.44500865],[18.55743532,54.44503058],[18.55743365,54.44504362],[18.55739128,54.44525063],[18.55738875,54.44527931],[18.55705473,54.44526036],[18.55705302,54.44527008],[18.55704802,54.44529902],[18.55704243,54.44533094],[18.55696467,54.44532654],[18.55658989,54.44530177]]],[[[18.55716863,54.44202218],[18.55707961,54.44203877],[18.55697832,54.44268576],[18.55693237,54.44297922],[18.55687346,54.44311372],[18.55686524,54.44313236],[18.55668712,54.44312761],[18.55668544,54.44312741],[18.55667253,54.44313303],[18.55653998,54.4431335],[18.55635301,54.44313328],[18.55635714,54.44310919],[18.55637128,54.44302656],[18.55632043,54.44305069],[18.5562635,54.44304726],[18.55525503,54.44298955],[18.5552553,54.44298595],[18.55448322,54.44295617],[18.554507,54.44246928],[18.55463106,54.44243133],[18.55478882,54.44238012],[18.55573524,54.44203408],[18.55599501,54.4420487],[18.5561418,54.44205745],[18.55656653,54.4419054],[18.55587872,54.44146301],[18.5559319,54.44141359],[18.55601399,54.44113902],[18.55601013,54.44113878],[18.55601744,54.44109858],[18.55604757,54.44110043],[18.55610058,54.4410864],[18.55622979,54.44099513],[18.55637724,54.44094654],[18.55637673,54.4409494],[18.55638137,54.44094983],[18.55637721,54.44097366],[18.55639649,54.44097474],[18.55639908,54.44095972],[18.55657725,54.44097013],[18.55659449,54.44087494],[18.55674688,54.44082473],[18.55679407,54.44082691],[18.55691983,54.44077006],[18.55695495,54.44077884],[18.55695019,54.4408049],[18.55698074,54.44080727],[18.55701129,54.44080965],[18.55705777,54.44081342],[18.5571535,54.44088115],[18.55714627,54.44091936],[18.55715197,54.44091986],[18.5571498,54.44092958],[18.55721538,54.44093449],[18.55721772,54.44092487],[18.55726431,54.44092842],[18.55730095,54.44095863],[18.55734238,54.44096823],[18.55738065,54.44097101],[18.55737995,54.44097596],[18.55737643,54.44100041],[18.55736828,54.44103308],[18.55745684,54.44109574],[18.5574641,54.4411123],[18.55745208,54.44111847],[18.5574204,54.44118087],[18.55738593,54.44117835],[18.55737333,54.44123699],[18.55738228,54.44123784],[18.55737612,54.44126815],[18.5573168,54.44138501],[18.55731135,54.44140298],[18.55734754,54.44144163],[18.55735207,54.44144211],[18.55736962,54.44138489],[18.55738028,54.44138583],[18.55735194,54.44150123],[18.55737916,54.44158735],[18.55738819,54.44173061],[18.55735667,54.44173705],[18.55727156,54.44174633],[18.55722556,54.44174821],[18.55719855,54.44180785],[18.55681282,54.44193249],[18.55684895,54.44199037],[18.55733304,54.44189214],[18.55720113,54.4420082],[18.55716863,54.44202218]]],[[[18.55483005,54.44357888],[18.55483415,54.44360063],[18.55477972,54.44360386],[18.55483005,54.44357888]]],[[[18.55692091,54.44857634],[18.55691607,54.448584],[18.55685226,54.44861789],[18.55676958,54.44860417],[18.55676907,54.44860395],[18.55647094,54.44868922],[18.55623177,54.44872847],[18.55619543,54.44873097],[18.55584749,54.44858629],[18.55581896,54.44856255],[18.55569133,54.44855999],[18.55539177,54.44835508],[18.55554939,54.44822327],[18.55551164,54.44807691],[18.5553664,54.44804128],[18.55543315,54.44794915],[18.55556006,54.44790643],[18.55549066,54.4478364],[18.55544859,54.44782626],[18.55518303,54.4475584],[18.55512227,54.44756785],[18.55467116,54.44757809],[18.55455563,54.44759695],[18.55453535,54.44757898],[18.5543906,54.44719188],[18.5543378,54.44704945],[18.55499259,54.44713323],[18.55540617,54.44714041],[18.55544098,54.44713818],[18.55546418,54.44712118],[18.55552492,54.44691606],[18.55554423,54.44690779],[18.55580812,54.44677891],[18.5559136,54.44666801],[18.55594228,54.44656625],[18.55614787,54.44656028],[18.55571308,54.44612501],[18.55567265,54.44614451],[18.55558457,54.44618696],[18.55529577,54.44570403],[18.55529976,54.44570804],[18.55544449,54.44585388],[18.55568566,54.44585219],[18.55569478,54.44564972],[18.55586903,54.44572161],[18.55595229,54.44585033],[18.55619945,54.44584859],[18.55621128,54.44587025],[18.55653027,54.44587292],[18.55652839,54.44591667],[18.55649251,54.44591515],[18.5565691,54.4460589],[18.55676736,54.44605403],[18.55676458,54.44596312],[18.55676276,54.44594132],[18.55684437,54.44586679],[18.55718189,54.44594587],[18.55718225,54.44595437],[18.5572163,54.44595393],[18.55722005,54.44595481],[18.55722078,54.44598624],[18.55704828,54.44598832],[18.55704965,54.44600978],[18.5570546,54.44614749],[18.55713367,54.44614614],[18.5571341,54.44615503],[18.55719806,54.44615437],[18.55719839,54.44616785],[18.55722501,54.44616755],[18.55722511,54.44617208],[18.55717781,54.44622427],[18.55717755,54.44625292],[18.55711955,54.44625375],[18.55712831,54.44641022],[18.55720383,54.44640914],[18.55720412,54.44641823],[18.55726854,54.44641729],[18.55726919,54.44643077],[18.5573014,54.44643025],[18.55753174,54.44656434],[18.55780068,54.44653892],[18.55781001,54.44657158],[18.55781248,54.44658019],[18.55799108,54.4465631],[18.55799543,54.44653119],[18.55801933,54.44653207],[18.55810943,54.44653668],[18.55808756,54.44668566],[18.55798003,54.44668067],[18.55798087,54.4467193],[18.55795746,54.44672013],[18.55794983,54.44669249],[18.55787018,54.44669965],[18.55800827,54.44679722],[18.55800898,54.44679924],[18.55830338,54.44677504],[18.55825065,54.44695614],[18.55817789,54.44720625],[18.55816596,54.44724718],[18.55815594,54.44728164],[18.55814725,54.44731133],[18.55813886,54.44734074],[18.55812987,54.44737098],[18.55811794,54.44741263],[18.55807951,54.44754497],[18.55845663,54.44759202],[18.55816549,54.44789236],[18.55813522,54.44792278],[18.55803309,54.44800806],[18.55762417,54.44823106],[18.55729148,54.448198],[18.55721554,54.44819044],[18.55718944,54.44818832],[18.55717199,54.44829888],[18.55714407,54.44835022],[18.55700271,54.44847359],[18.55696492,54.44850159],[18.55696088,54.44852288],[18.55692091,54.44857634]]],[[[18.57380552,54.44085575],[18.57381471,54.44082615],[18.57390479,54.4407827],[18.57389907,54.44078137],[18.57391734,54.44075478],[18.573948,54.44076186],[18.57398129,54.44074579],[18.57405262,54.44069429],[18.5740659,54.44069721],[18.57408464,54.44067043],[18.57406948,54.44066718],[18.57407314,54.44066303],[18.57408737,54.44066638],[18.5740999,54.44064791],[18.57448082,54.44071272],[18.57481217,54.44083459],[18.57485102,54.44079051],[18.57500488,54.44061592],[18.57531033,54.44068904],[18.57573628,54.44079115],[18.57555933,54.44094488],[18.5765309,54.44142706],[18.57646787,54.44149094],[18.57540744,54.44134274],[18.57507521,54.4413635],[18.57499858,54.4414322],[18.57459229,54.44132353],[18.57437734,54.44126409],[18.57436486,54.44127565],[18.574348,54.44127141],[18.57422998,54.44138101],[18.57404329,54.44134871],[18.57404146,54.44134302],[18.57405528,54.44122127],[18.57401975,54.44117727],[18.57400319,54.44117252],[18.57398214,54.4411665],[18.57396945,54.44116324],[18.5738098,54.4411215],[18.57397373,54.44090681],[18.57380552,54.44085575]]]]}},{"type":"Feature","properties":{"postcode":"81-825","address_count":35,"both_agree_count":18,"source_conflict_count":0,"unresolved_count":17,"area_m2":54467,"support100_pct":81,"streets":"Antoniego Abrahama","label":[18.551825,54.440878],"label_r_km":0.06,"sea_km":1.47,"parts":1,"samples":[[18.54961,54.43991],[18.55131,54.4409],[18.55301,54.4409],[18.55471,54.44188],[18.5564,54.44188]]},"geometry":{"type":"Polygon","coordinates":[[[18.55106832,54.44179188],[18.55045575,54.44189211],[18.55088471,54.4408602],[18.5508601,54.44086821],[18.55087392,54.44084128],[18.55105116,54.44049548],[18.55096476,54.44048375],[18.55111744,54.4404473],[18.55114451,54.44038651],[18.55116497,54.44037187],[18.55140023,54.44020314],[18.551404,54.44017429],[18.55136511,54.44013673],[18.55066243,54.44011693],[18.55063946,54.44011623],[18.55064016,54.44011156],[18.55056616,54.4401101],[18.55057116,54.44008123],[18.55050821,54.4400073],[18.55018868,54.43998387],[18.54980121,54.43995257],[18.54934219,54.43995332],[18.54934101,54.43998027],[18.54910004,54.44002315],[18.54896082,54.43998587],[18.54880953,54.43994531],[18.54875747,54.43970503],[18.5489502,54.43962896],[18.54891295,54.43943704],[18.54918148,54.43941633],[18.54921027,54.4394135],[18.54923906,54.43941121],[18.54925079,54.43946955],[18.54949719,54.4395219],[18.54968838,54.43950368],[18.54970321,54.43956417],[18.55003601,54.439634],[18.55015854,54.43949517],[18.55023298,54.43948315],[18.55037216,54.43945933],[18.55051499,54.43973136],[18.55058567,54.43971514],[18.55060011,54.43971184],[18.55064038,54.43970258],[18.55079246,54.43991626],[18.5511225,54.43986067],[18.55115603,54.43990139],[18.55115944,54.43990552],[18.55116932,54.43990179],[18.55156098,54.44001497],[18.551592,54.44019692],[18.55168333,54.44018867],[18.55171113,54.4402152],[18.55173701,54.44023755],[18.5517529,54.44020378],[18.55186948,54.44017187],[18.55189146,54.44016988],[18.55210263,54.44011135],[18.5521738,54.44010716],[18.55222226,54.44011134],[18.55223602,54.44011532],[18.55232159,54.44013946],[18.55248503,54.4401901],[18.55234824,54.44034428],[18.55235413,54.44034721],[18.55261628,54.44048095],[18.5527032,54.44052557],[18.55303458,54.44069549],[18.55303548,54.44069368],[18.55305422,54.44064631],[18.5531033,54.44065872],[18.55310224,54.4406613],[18.55311331,54.44066304],[18.55314153,54.44069047],[18.55320611,54.44071865],[18.55331434,54.44072344],[18.55330175,54.44075634],[18.55330132,54.44075769],[18.55331382,54.44075943],[18.55339412,54.44077047],[18.55349373,54.44079571],[18.55366868,54.4408411],[18.55371965,54.44077344],[18.55377884,54.44080528],[18.55413907,54.44086444],[18.5541422,54.44085303],[18.55435484,54.44086975],[18.55456687,54.44088665],[18.55455494,54.44093999],[18.55452672,54.44106455],[18.55465311,54.44107548],[18.55487409,54.44109351],[18.55487818,54.4410766],[18.55488476,54.44104988],[18.55489133,54.44102299],[18.55489803,54.44099493],[18.55494752,54.44099901],[18.55497704,54.44103011],[18.5549867,54.44103091],[18.55497981,54.4410578],[18.55497278,54.44108434],[18.55496575,54.44111213],[18.55495783,54.44114263],[18.55494993,54.44117348],[18.55494584,54.4411894],[18.55515964,54.44123558],[18.55508788,54.44132609],[18.55544731,54.44148027],[18.5556794,54.44150234],[18.55568052,54.44149941],[18.55568654,54.44150009],[18.55569441,54.44150111],[18.5557769,54.44148406],[18.55578421,54.441485],[18.55578526,54.44148233],[18.55587872,54.44146301],[18.55656653,54.4419054],[18.5561418,54.44205745],[18.55599501,54.4420487],[18.55573524,54.44203408],[18.55478882,54.44238012],[18.55463106,54.44243133],[18.554507,54.44246928],[18.55441212,54.44249694],[18.55425496,54.44253647],[18.55409395,54.44257132],[18.5537382,54.44192062],[18.55372725,54.44191647],[18.55372923,54.4419141],[18.55338603,54.44179447],[18.5532212,54.44173314],[18.55305668,54.4416719],[18.55301453,54.44170114],[18.55188511,54.44160073],[18.55154788,54.44164145],[18.55148848,54.44165425],[18.55114319,54.4417555],[18.55106832,54.44179188]]]}},{"type":"Feature","properties":{"postcode":"81-826","address_count":55,"both_agree_count":55,"source_conflict_count":0,"unresolved_count":0,"area_m2":470152,"support100_pct":26,"streets":"Bolesława Prusa; Juliana Tuwima; Stefana Żeromskiego; Zbigniewa Herberta","label":[18.540421,54.441298],"label_r_km":0.174,"sea_km":2.08,"parts":1,"samples":[[18.5286,54.43904],[18.5286,54.44003],[18.5303,54.43904],[18.5303,54.44003],[18.532,54.43904],[18.532,54.44003],[18.532,54.44102],[18.5337,54.43904],[18.5337,54.44003],[18.5337,54.44102],[18.5354,54.44003],[18.5354,54.44102],[18.5354,54.44201],[18.5371,54.44003],[18.5371,54.44102],[18.5371,54.44201],[18.53879,54.44003],[18.53879,54.44102],[18.53879,54.44201],[18.54049,54.44003],[18.54049,54.44102],[18.54049,54.44201],[18.54049,54.443],[18.54219,54.44003],[18.54219,54.44102],[18.54219,54.44201],[18.54219,54.443],[18.54389,54.44003],[18.54389,54.44102],[18.54389,54.44201],[18.54389,54.443],[18.54559,54.44003],[18.54559,54.44102],[18.54559,54.44201],[18.54729,54.44003],[18.54729,54.44102],[18.54729,54.44201],[18.54899,54.44003],[18.54899,54.44102],[18.55069,54.44102]]},"geometry":{"type":"Polygon","coordinates":[[[18.545441,54.44273817],[18.54360445,54.44348181],[18.54248743,54.44368031],[18.53783232,54.44247522],[18.53268185,54.44162459],[18.52911784,54.44048771],[18.52774855,54.43959833],[18.52804193,54.43854907],[18.53344853,54.43887401],[18.54274823,54.43980109],[18.5427192,54.43988792],[18.54259995,54.44038188],[18.5429373,54.44041209],[18.54302737,54.44006631],[18.54354179,54.44013983],[18.54367986,54.440149],[18.54369745,54.44015019],[18.54369273,54.43998058],[18.54368865,54.43983558],[18.54362805,54.43972886],[18.54399614,54.43964768],[18.5441042,54.43964774],[18.54448521,54.43965797],[18.54449292,54.4396582],[18.54456556,54.43966015],[18.5445829,54.43965234],[18.54464923,54.43966239],[18.54484061,54.43966751],[18.54505044,54.43969964],[18.54533377,54.43962555],[18.54550624,54.43969475],[18.54549074,54.4397351],[18.54564682,54.43975264],[18.54565722,54.4397587],[18.54566656,54.43978794],[18.54566665,54.43980744],[18.54565827,54.4398259],[18.54561446,54.43986976],[18.54571818,54.43994944],[18.5458656,54.44000061],[18.54612189,54.43999774],[18.54630498,54.43999575],[18.54670013,54.43999135],[18.54709622,54.43998696],[18.54709296,54.43991608],[18.54708049,54.43983609],[18.54706173,54.43978218],[18.54703557,54.4397389],[18.54699251,54.43968851],[18.54684706,54.43957705],[18.5469446,54.43957535],[18.54695812,54.4395751],[18.54698038,54.43948175],[18.54698878,54.43947721],[18.54698221,54.43947407],[18.54698997,54.43944155],[18.5472123,54.43929595],[18.54742677,54.43929946],[18.5476256,54.43921691],[18.5476263,54.43923534],[18.54806476,54.43919651],[18.54812571,54.43943307],[18.54813499,54.43946905],[18.548436,54.43944522],[18.54848358,54.43969514],[18.54849111,54.43972844],[18.54875747,54.43970503],[18.54880953,54.43994531],[18.54896082,54.43998587],[18.54910004,54.44002315],[18.54934101,54.43998027],[18.54934219,54.43995332],[18.54980121,54.43995257],[18.55018868,54.43998387],[18.55050821,54.4400073],[18.55057116,54.44008123],[18.55056616,54.4401101],[18.55064016,54.44011156],[18.55063946,54.44011623],[18.55066243,54.44011693],[18.55136511,54.44013673],[18.551404,54.44017429],[18.55140023,54.44020314],[18.55116497,54.44037187],[18.55114451,54.44038651],[18.55111744,54.4404473],[18.55096476,54.44048375],[18.55105116,54.44049548],[18.55087392,54.44084128],[18.5508601,54.44086821],[18.55088471,54.4408602],[18.55045575,54.44189211],[18.55016778,54.44195984],[18.55013137,54.44197511],[18.54909024,54.44192662],[18.54906971,54.44192626],[18.54842995,54.44197507],[18.54833351,54.44198723],[18.54799918,54.44204967],[18.54776178,54.44210228],[18.54722903,54.44239642],[18.545441,54.44273817]]]}},{"type":"Feature","properties":{"postcode":"81-827","address_count":9,"both_agree_count":9,"source_conflict_count":0,"unresolved_count":0,"area_m2":20288,"support100_pct":100,"streets":"gen. Władysława Sikorskiego","label":[18.558104,54.441581],"label_r_km":0.045,"sea_km":1.1,"parts":1,"samples":[[18.55766,54.4416],[18.55766,54.44259],[18.55936,54.4416]]},"geometry":{"type":"Polygon","coordinates":[[[18.55851243,54.44118503],[18.55918713,54.4413116],[18.55922774,54.44130028],[18.55922855,54.44130029],[18.55920453,54.4414163],[18.5594236,54.44143047],[18.55942911,54.44143091],[18.5595936,54.4415447],[18.55957662,54.4415687],[18.55945096,54.44155936],[18.55943142,54.44163025],[18.55939735,54.44175421],[18.5593625,54.44186767],[18.55933811,54.44195466],[18.5594576,54.4419619],[18.55945978,54.44196543],[18.55942187,54.44205437],[18.55930358,54.44209493],[18.55930155,54.44209993],[18.5592963,54.44211065],[18.55926887,54.44210684],[18.55915685,54.44214525],[18.55915487,54.44215029],[18.5591457,54.44214907],[18.55908209,54.44217088],[18.55879732,54.44217496],[18.55877085,54.4421615],[18.55877109,54.44214227],[18.55873295,54.44214223],[18.55863774,54.44209382],[18.55859378,54.44209386],[18.55859372,54.44207143],[18.55855228,54.44205036],[18.55844725,54.44205298],[18.55844755,54.44214377],[18.55844669,54.44232966],[18.55844691,54.44239103],[18.5582551,54.44238743],[18.55813712,54.4424735],[18.5581258,54.44266133],[18.55811082,54.44288628],[18.55802953,54.44288324],[18.55802748,54.44292502],[18.55802289,54.44299504],[18.55792192,54.44299506],[18.55792846,54.44294336],[18.55759242,54.44279577],[18.5575907,54.44279489],[18.55760202,54.4426747],[18.55759062,54.44267485],[18.55744837,54.4426774],[18.55697832,54.44268576],[18.55707961,54.44203877],[18.55716863,54.44202218],[18.55720113,54.4420082],[18.55733304,54.44189214],[18.55684895,54.44199037],[18.55681282,54.44193249],[18.55719855,54.44180785],[18.55722556,54.44174821],[18.55727156,54.44174633],[18.55735667,54.44173705],[18.55738819,54.44173061],[18.55737916,54.44158735],[18.55735194,54.44150123],[18.55738028,54.44138583],[18.55736962,54.44138489],[18.55735207,54.44144211],[18.55734754,54.44144163],[18.55731135,54.44140298],[18.5573168,54.44138501],[18.55737612,54.44126815],[18.55738228,54.44123784],[18.55737333,54.44123699],[18.55738593,54.44117835],[18.5574204,54.44118087],[18.55745208,54.44111847],[18.5574641,54.4411123],[18.55780673,54.44111886],[18.55780873,54.44110902],[18.55792397,54.44111558],[18.55800866,54.44112049],[18.55827909,54.44113596],[18.55827112,54.44118997],[18.55841134,54.44120867],[18.55846284,54.44118709],[18.55851243,54.44118503]]]}},{"type":"Feature","properties":{"postcode":"81-828","address_count":7,"both_agree_count":3,"source_conflict_count":1,"unresolved_count":3,"area_m2":48090,"support100_pct":40,"streets":"1 Maja","label":[18.553377,54.443848],"label_r_km":0.065,"sea_km":1.21,"parts":6,"samples":[[18.55163,54.44395],[18.55333,54.44296],[18.55333,54.44395],[18.55843,54.44296]]},"geometry":{"type":"MultiPolygon","coordinates":[[[[18.55910456,54.44331159],[18.55876939,54.44332033],[18.55876507,54.44337532],[18.55859275,54.4433816],[18.55847545,54.44324058],[18.55839057,54.44323087],[18.55839049,54.44322972],[18.55838208,54.4432299],[18.55827949,54.44321816],[18.55827757,54.44320644],[18.5585012,54.44320008],[18.55849355,54.44322345],[18.55860842,54.44319704],[18.55878708,54.44319195],[18.55878475,54.44321379],[18.55909805,54.44320713],[18.55910456,54.44331159]]],[[[18.55118929,54.44318227],[18.5512003,54.4431762],[18.55121462,54.44316483],[18.55122664,54.44315184],[18.5512345,54.44314239],[18.55262496,54.44294093],[18.55267407,54.44291891],[18.5529742,54.44281627],[18.55309833,54.44278736],[18.55328194,54.44263348],[18.55395362,54.44260031],[18.55405608,54.44257952],[18.55409395,54.44257132],[18.55425496,54.44253647],[18.55441212,54.44249694],[18.554507,54.44246928],[18.55448322,54.44295617],[18.5552553,54.44298595],[18.55525503,54.44298955],[18.5562635,54.44304726],[18.55632043,54.44305069],[18.55637128,54.44302656],[18.55635714,54.44310919],[18.55551286,54.44306428],[18.55542137,54.44305832],[18.5544775,54.44308018],[18.55388356,54.44309153],[18.55375853,54.44309147],[18.55321839,54.4430802],[18.55251442,54.44305943],[18.55225641,54.44330392],[18.55227383,54.44330348],[18.55258095,54.44329614],[18.55261609,54.44329526],[18.5526233,54.44324734],[18.55304013,54.4432581],[18.55400356,54.4432801],[18.55419708,54.4432732],[18.55463205,54.44325916],[18.55462723,54.44323196],[18.55505883,54.44319619],[18.55509429,54.4433786],[18.55509975,54.44340678],[18.55510473,54.44343273],[18.55510986,54.44345902],[18.55501764,54.44346727],[18.55502308,54.44349339],[18.55502916,54.44352166],[18.55488845,54.44360379],[18.55488052,54.44365594],[18.55489183,54.44375068],[18.55421469,54.44424668],[18.55416191,54.44433006],[18.55405244,54.44450302],[18.55397393,54.44450006],[18.55388175,54.44473965],[18.55266614,54.44466517],[18.55250522,54.44465539],[18.55236807,54.44464776],[18.55238568,54.44400914],[18.55232127,54.4439771],[18.55221311,54.44392332],[18.55225541,54.44349286],[18.55205629,54.44355298],[18.55207411,54.44388128],[18.55219563,54.4442291],[18.55127071,54.44436173],[18.55078168,54.44431027],[18.55084135,54.44319936],[18.55084667,54.44319858],[18.55106192,54.44320679],[18.55109909,54.44320675],[18.55111684,54.44320573],[18.55113971,54.44320213],[18.55115705,54.44319644],[18.5511713,54.44319119],[18.55118929,54.44318227]],[[18.55483415,54.44360063],[18.55483005,54.44357888],[18.55477972,54.44360386],[18.55483415,54.44360063]]],[[[18.55667253,54.44313303],[18.55668544,54.44312741],[18.55668712,54.44312761],[18.55686524,54.44313236],[18.55667253,54.44313303]]],[[[18.55741704,54.44324212],[18.55794134,54.44325543],[18.55798797,54.44328369],[18.55799961,54.44349319],[18.55718428,54.44359668],[18.55719249,54.44380097],[18.55643336,54.44368383],[18.55646967,54.44346509],[18.5564405,54.44323419],[18.55648524,54.44321469],[18.55648196,54.44324158],[18.55698034,54.44324324],[18.55717011,54.44324371],[18.55741704,54.44324212]]],[[[18.55826005,54.44310194],[18.55826733,54.4429692],[18.55825269,54.44296882],[18.55818712,54.4429313],[18.55802748,54.44292502],[18.55802953,54.44288324],[18.55811082,54.44288628],[18.5581258,54.44266133],[18.55848537,54.44266883],[18.55854415,54.44270594],[18.55852883,54.44307634],[18.55852816,54.44309432],[18.55826005,54.44310194]]],[[[18.55552505,54.44316674],[18.55505883,54.44319619],[18.55552589,54.44316153],[18.55552505,54.44316674]]]]}},{"type":"Feature","properties":{"postcode":"81-829","address_count":7,"both_agree_count":7,"source_conflict_count":0,"unresolved_count":0,"area_m2":192583,"support100_pct":55,"streets":"Stanisława Moniuszki","label":[18.546218,54.444402],"label_r_km":0.165,"sea_km":1.58,"parts":1,"samples":[[18.54334,54.44407],[18.54334,54.44506],[18.54504,54.44308],[18.54504,54.44407],[18.54504,54.44506],[18.54504,54.44605],[18.54674,54.44308],[18.54674,54.44407],[18.54674,54.44506],[18.54674,54.44605],[18.54844,54.4421],[18.54844,54.44308],[18.54844,54.44407],[18.54844,54.44506],[18.55013,54.4421],[18.55013,54.44407],[18.55183,54.4421],[18.55353,54.4421]]},"geometry":{"type":"Polygon","coordinates":[[[18.55013137,54.44197511],[18.55016778,54.44195984],[18.55045575,54.44189211],[18.55106832,54.44179188],[18.55114319,54.4417555],[18.55148848,54.44165425],[18.55154788,54.44164145],[18.55188511,54.44160073],[18.55301453,54.44170114],[18.55305668,54.4416719],[18.5532212,54.44173314],[18.55338603,54.44179447],[18.55372923,54.4419141],[18.55372725,54.44191647],[18.5537382,54.44192062],[18.55409395,54.44257132],[18.55405608,54.44257952],[18.55395362,54.44260031],[18.55328194,54.44263348],[18.55309833,54.44278736],[18.5529742,54.44281627],[18.55267407,54.44291891],[18.55262496,54.44294093],[18.5512345,54.44314239],[18.55123477,54.44314207],[18.55124261,54.44312996],[18.55125209,54.44309521],[18.55125713,54.44305756],[18.55126095,54.44301865],[18.55125996,54.44299626],[18.55119094,54.44280541],[18.55115784,54.44275746],[18.55111585,54.44270381],[18.55108165,54.44268634],[18.55103171,54.44266853],[18.55095499,54.44265971],[18.55077192,54.44264437],[18.5506631,54.4426374],[18.55046576,54.44262849],[18.55032628,54.44263291],[18.55020588,54.44264119],[18.55005938,54.44265206],[18.54999466,54.44267411],[18.54994999,54.4426966],[18.54993011,54.44270983],[18.54990881,54.4427245],[18.54988611,54.44274131],[18.54986554,54.44276039],[18.54984303,54.44278736],[18.54983093,54.44280781],[18.54982242,54.44282423],[18.54981696,54.44284417],[18.54981537,54.44286233],[18.54981614,54.4428768],[18.54982172,54.44290235],[18.54982972,54.44291803],[18.54983896,54.44293334],[18.54984822,54.44294731],[18.54986207,54.44296427],[18.54988828,54.44299349],[18.5499069,54.44301145],[18.54993553,54.44303089],[18.54997002,54.44305097],[18.55002156,54.44307724],[18.550055,54.44309336],[18.55010106,54.44311376],[18.55013961,54.44312874],[18.55017555,54.44314218],[18.55019046,54.44314682],[18.55020415,54.44315065],[18.550224,54.44315512],[18.55024386,54.44315843],[18.55046407,54.44317777],[18.550674,54.44319123],[18.55082155,54.44319762],[18.55084286,54.44319844],[18.55084667,54.44319858],[18.55084135,54.44319936],[18.55078168,54.44431027],[18.5500041,54.44458513],[18.54942548,54.44469364],[18.54901601,54.44491866],[18.54864631,54.4450037],[18.54728582,54.44601174],[18.5470093,54.44611073],[18.54654702,54.44619052],[18.54623371,54.4462143],[18.54492539,54.446048],[18.54374965,54.44573905],[18.54352874,54.44565072],[18.54248743,54.44368031],[18.54360445,54.44348181],[18.545441,54.44273817],[18.54722903,54.44239642],[18.54776178,54.44210228],[18.54799918,54.44204967],[18.54833351,54.44198723],[18.54842995,54.44197507],[18.54906971,54.44192626],[18.54909024,54.44192662],[18.55013137,54.44197511]]]}},{"type":"Feature","properties":{"postcode":"81-830","address_count":2,"both_agree_count":2,"source_conflict_count":0,"unresolved_count":0,"area_m2":1475,"support100_pct":100,"streets":"Elizy Orzeszkowej","label":[18.55629,54.438888],"label_r_km":0.016,"sea_km":1.3,"parts":1,"samples":[[18.55629,54.438888]]},"geometry":{"type":"Polygon","coordinates":[[[18.55634104,54.43864487],[18.55632209,54.43873723],[18.55658216,54.43875193],[18.55657744,54.43877873],[18.556539,54.43899075],[18.55672848,54.43900291],[18.55672676,54.43903151],[18.55668433,54.43905393],[18.55666392,54.43905262],[18.55652585,54.43904365],[18.55623489,54.43902495],[18.55615608,54.43903223],[18.55612306,54.43904758],[18.55589819,54.43905368],[18.55578455,54.4389924],[18.5558399,54.43894848],[18.55603442,54.43896064],[18.55609639,54.43863117],[18.55627717,54.43864112],[18.55634104,54.43864487]]]}},{"type":"Feature","properties":{"postcode":"81-831","address_count":54,"both_agree_count":54,"source_conflict_count":0,"unresolved_count":0,"area_m2":55425,"support100_pct":100,"streets":"Ignacego Paderewskiego; gen. Władysława Andersa","label":[18.553667,54.440147],"label_r_km":0.068,"sea_km":1.42,"parts":2,"samples":[[18.55241,54.43976],[18.55411,54.43976],[18.55411,54.44075],[18.55581,54.44075],[18.55751,54.44075],[18.55921,54.44075]]},"geometry":{"type":"MultiPolygon","coordinates":[[[[18.55166323,54.43992827],[18.55165974,54.43992398],[18.55167252,54.43992038],[18.55168418,54.4399105],[18.55166104,54.43988255],[18.55174479,54.43985911],[18.55176596,54.43984116],[18.55174615,54.43975375],[18.55176015,54.43973025],[18.55180141,54.43971875],[18.55180043,54.43971498],[18.55179605,54.43969839],[18.55175221,54.43953264],[18.55209369,54.43956091],[18.55227136,54.43955651],[18.55227982,54.43955638],[18.55247892,54.43955133],[18.55257734,54.43954684],[18.55286918,54.43952816],[18.5530205,54.43951328],[18.55321091,54.43949435],[18.55340055,54.43947596],[18.55373074,54.43943141],[18.55411369,54.43937952],[18.55411584,54.43929946],[18.55451387,54.43926933],[18.55458009,54.43927586],[18.55466989,54.43928245],[18.55491911,54.43930386],[18.55495631,54.43930746],[18.55518303,54.43932906],[18.55531874,54.43939124],[18.55536761,54.43947268],[18.5553369,54.43956096],[18.55527728,54.43973311],[18.55563768,54.43978123],[18.55568248,54.43978776],[18.5557463,54.43976608],[18.55567137,54.43991296],[18.55563981,54.4398813],[18.55528781,54.43983644],[18.55524367,54.43991654],[18.55520464,54.43991349],[18.55518215,54.44001656],[18.55516148,54.44001513],[18.55515857,54.44002852],[18.5551791,54.44003005],[18.55517782,54.44003607],[18.55516204,54.44006471],[18.55517651,54.440066],[18.55517074,54.44008867],[18.5551741,54.44009194],[18.55516849,54.44014499],[18.55515011,54.44014365],[18.55514807,54.44015256],[18.55512833,54.44015113],[18.55511302,54.44022739],[18.55513293,54.44022882],[18.55512187,54.44027819],[18.55515418,54.44028061],[18.55514967,54.44032325],[18.55532274,54.44033639],[18.55532447,54.44032749],[18.55553846,54.44034232],[18.55551866,54.44041755],[18.55561091,54.44043932],[18.55569343,54.44039294],[18.55574234,54.44038771],[18.55576574,54.44029131],[18.5562063,54.44032738],[18.55624735,54.44033079],[18.55629827,54.44033478],[18.55631217,54.44028009],[18.55630603,54.44030426],[18.55636015,54.44032615],[18.55635675,54.44033954],[18.55652603,54.44035287],[18.55683789,54.44037811],[18.55682952,54.44042567],[18.55685312,54.4404285],[18.55699454,54.44054536],[18.55701112,54.4404447],[18.55701884,54.44044511],[18.55741065,54.44046756],[18.55743952,54.44051953],[18.55750072,54.44051482],[18.55751015,54.44047321],[18.5575614,54.44047864],[18.55760501,54.44048158],[18.55767133,54.44045676],[18.55770116,54.44033567],[18.55785319,54.44029048],[18.55785788,54.44029075],[18.55790323,54.44029333],[18.55790673,54.44027458],[18.55795595,54.44025995],[18.55795912,54.44024339],[18.55800727,54.44024666],[18.5580079,54.44023696],[18.55827893,54.44025223],[18.55835575,54.44025655],[18.55835148,54.4402827],[18.55841287,54.44028884],[18.55853895,54.44038134],[18.558584,54.4404919],[18.55866746,54.44049743],[18.5586566,54.44054904],[18.55864256,54.44061479],[18.55868223,54.4406191],[18.55869617,54.44055596],[18.55873175,54.44052049],[18.5588008,54.44050912],[18.55925957,54.4405459],[18.55939552,54.44055659],[18.55939525,54.44056018],[18.55939445,54.44056953],[18.55930435,54.44092466],[18.55938104,54.44093104],[18.55998335,54.44098189],[18.55996317,54.44105126],[18.55956363,54.44101699],[18.5595094,54.44123304],[18.55924691,54.44121162],[18.55922855,54.44130029],[18.55922774,54.44130028],[18.55918713,54.4413116],[18.55851243,54.44118503],[18.55846284,54.44118709],[18.55841134,54.44120867],[18.55827112,54.44118997],[18.55827909,54.44113596],[18.55800866,54.44112049],[18.55792397,54.44111558],[18.55780873,54.44110902],[18.55780673,54.44111886],[18.5574641,54.4411123],[18.55745684,54.44109574],[18.55736828,54.44103308],[18.55737643,54.44100041],[18.55737995,54.44097596],[18.55738065,54.44097101],[18.55734238,54.44096823],[18.55730095,54.44095863],[18.55726431,54.44092842],[18.55721772,54.44092487],[18.55721538,54.44093449],[18.5571498,54.44092958],[18.55715197,54.44091986],[18.55714627,54.44091936],[18.5571535,54.44088115],[18.55705777,54.44081342],[18.55701129,54.44080965],[18.55698074,54.44080727],[18.55695019,54.4408049],[18.55695495,54.44077884],[18.55691983,54.44077006],[18.55679407,54.44082691],[18.55674688,54.44082473],[18.55659449,54.44087494],[18.55657725,54.44097013],[18.55639908,54.44095972],[18.55639649,54.44097474],[18.55637721,54.44097366],[18.55638137,54.44094983],[18.55637673,54.4409494],[18.55637724,54.44094654],[18.55622979,54.44099513],[18.55610058,54.4410864],[18.55604757,54.44110043],[18.55601744,54.44109858],[18.55601013,54.44113878],[18.55601399,54.44113902],[18.5559319,54.44141359],[18.55587872,54.44146301],[18.55578526,54.44148233],[18.55578421,54.441485],[18.5557769,54.44148406],[18.55569441,54.44150111],[18.55568654,54.44150009],[18.55568052,54.44149941],[18.5556794,54.44150234],[18.55544731,54.44148027],[18.55508788,54.44132609],[18.55515964,54.44123558],[18.55494584,54.4411894],[18.55494993,54.44117348],[18.55495783,54.44114263],[18.55496575,54.44111213],[18.55497278,54.44108434],[18.55497981,54.4410578],[18.5549867,54.44103091],[18.55497704,54.44103011],[18.55494752,54.44099901],[18.55489803,54.44099493],[18.55489133,54.44102299],[18.55488476,54.44104988],[18.55487818,54.4410766],[18.55487409,54.44109351],[18.55465311,54.44107548],[18.55452672,54.44106455],[18.55455494,54.44093999],[18.55456687,54.44088665],[18.55435484,54.44086975],[18.5541422,54.44085303],[18.55413907,54.44086444],[18.55377884,54.44080528],[18.55371965,54.44077344],[18.55366868,54.4408411],[18.55349373,54.44079571],[18.55339412,54.44077047],[18.55331382,54.44075943],[18.55330132,54.44075769],[18.55330175,54.44075634],[18.55331434,54.44072344],[18.55320611,54.44071865],[18.55314153,54.44069047],[18.55311331,54.44066304],[18.55310224,54.4406613],[18.5531033,54.44065872],[18.55305422,54.44064631],[18.55303548,54.44069368],[18.55303458,54.44069549],[18.5527032,54.44052557],[18.55261628,54.44048095],[18.55235413,54.44034721],[18.55234824,54.44034428],[18.55248503,54.4401901],[18.55232159,54.44013946],[18.55223602,54.44011532],[18.55222226,54.44011134],[18.5521738,54.44010716],[18.55210263,54.44011135],[18.55189146,54.44016988],[18.55186948,54.44017187],[18.5517529,54.44020378],[18.55173701,54.44023755],[18.55171113,54.4402152],[18.55168333,54.44018867],[18.551592,54.44019692],[18.55156098,54.44001497],[18.55164167,54.43994654],[18.55163527,54.43993873],[18.55165842,54.43993235],[18.55166323,54.43992827]]],[[[18.55952615,54.44118937],[18.55954069,54.44113164],[18.55959487,54.44113634],[18.55958744,54.44116554],[18.55952615,54.44118937]]]]}},{"type":"Feature","properties":{"postcode":"81-832","address_count":33,"both_agree_count":33,"source_conflict_count":0,"unresolved_count":0,"area_m2":44886,"support100_pct":100,"streets":"Adama Mickiewicza","label":[18.553939,54.438684],"label_r_km":0.069,"sea_km":1.45,"parts":1,"samples":[[18.55334,54.43836],[18.55334,54.43935],[18.55504,54.43836]]},"geometry":{"type":"Polygon","coordinates":[[[18.55281101,54.43811481],[18.55277885,54.43811308],[18.55287401,54.43786834],[18.55317295,54.43789172],[18.55349007,54.43794204],[18.55367788,54.43797666],[18.55379746,54.43797543],[18.55398378,54.43799187],[18.55414245,54.43801678],[18.55460757,54.43803574],[18.55467562,54.43802805],[18.5549535,54.43811833],[18.55521556,54.43813858],[18.55556841,54.4383213],[18.55572766,54.43832788],[18.55574069,54.43845222],[18.55612263,54.4384182],[18.55631338,54.43840125],[18.55629202,54.43855489],[18.55627717,54.43864112],[18.55609639,54.43863117],[18.55603442,54.43896064],[18.5558399,54.43894848],[18.55578455,54.4389924],[18.55589819,54.43905368],[18.55612306,54.43904758],[18.55615608,54.43903223],[18.55623489,54.43902495],[18.55652585,54.43904365],[18.55666392,54.43905262],[18.55662157,54.43931597],[18.55648366,54.43930817],[18.5564785,54.43933738],[18.55644353,54.4395317],[18.55643551,54.43957675],[18.55608296,54.43955115],[18.556047,54.43954853],[18.55601455,54.43962469],[18.55597766,54.43962004],[18.55594703,54.43959702],[18.55594532,54.43933137],[18.55587574,54.43933099],[18.55587192,54.43931026],[18.55554749,54.43935775],[18.55531874,54.43939124],[18.55518303,54.43932906],[18.55495631,54.43930746],[18.55491911,54.43930386],[18.55466989,54.43928245],[18.55458009,54.43927586],[18.55451387,54.43926933],[18.55411584,54.43929946],[18.55411369,54.43937952],[18.55373074,54.43943141],[18.55340055,54.43947596],[18.55321091,54.43949435],[18.5530205,54.43951328],[18.55286918,54.43952816],[18.55257734,54.43954684],[18.55247892,54.43955133],[18.55227982,54.43955638],[18.55227136,54.43955651],[18.55209369,54.43956091],[18.55175221,54.43953264],[18.55173819,54.4394761],[18.5517086,54.43936168],[18.55138198,54.43930325],[18.55104267,54.43935781],[18.55102178,54.43931729],[18.55094992,54.43914224],[18.5509384,54.43910521],[18.55082143,54.43898076],[18.55079421,54.43897201],[18.55080624,54.43884741],[18.5508703,54.438849],[18.55086486,54.43882206],[18.55085744,54.43878553],[18.55083857,54.43863225],[18.55142197,54.43864397],[18.55151542,54.43842917],[18.55151751,54.43842983],[18.5515245,54.43842568],[18.55169981,54.43848805],[18.5519323,54.4385623],[18.55218617,54.43864339],[18.55219298,54.43864405],[18.55258408,54.43861406],[18.55261362,54.43853806],[18.55262065,54.43853858],[18.55262153,54.43851773],[18.55265469,54.43843244],[18.55278681,54.43837907],[18.55282228,54.43824342],[18.55276471,54.43821466],[18.55273979,54.43821357],[18.55275849,54.43816546],[18.55293276,54.43812566],[18.55281101,54.43811481]]]}},{"type":"Feature","properties":{"postcode":"81-833","address_count":40,"both_agree_count":40,"source_conflict_count":0,"unresolved_count":0,"area_m2":132507,"support100_pct":54,"streets":"Andrzeja Struga; Antoniego Abrahama","label":[18.547136,54.435845],"label_r_km":0.114,"sea_km":1.69,"parts":1,"samples":[[18.54524,54.43495],[18.54524,54.43594],[18.54694,54.43495],[18.54694,54.43594],[18.54694,54.43693],[18.54864,54.43594],[18.54864,54.43693],[18.54864,54.43792],[18.55034,54.43693],[18.55034,54.43792],[18.55204,54.43792]]},"geometry":{"type":"Polygon","coordinates":[[[18.54899387,54.43842103],[18.54864057,54.43828311],[18.54848443,54.43825074],[18.54820628,54.4380502],[18.54776687,54.43794611],[18.54724252,54.43779197],[18.54657502,54.43755674],[18.54621822,54.43705576],[18.54438992,54.43497073],[18.5475792,54.43454508],[18.54814318,54.43445488],[18.54987173,54.43647371],[18.55032639,54.43677355],[18.55090999,54.43699557],[18.55124491,54.43702465],[18.55171925,54.43726947],[18.55203983,54.43750362],[18.55205234,54.43751871],[18.55218792,54.43759756],[18.55240755,54.43763528],[18.55251298,54.43766832],[18.55287401,54.43786834],[18.55277885,54.43811308],[18.55281101,54.43811481],[18.55293276,54.43812566],[18.55275849,54.43816546],[18.55273979,54.43821357],[18.55276471,54.43821466],[18.55282228,54.43824342],[18.55278681,54.43837907],[18.55265469,54.43843244],[18.55262153,54.43851773],[18.55262065,54.43853858],[18.55261362,54.43853806],[18.55258408,54.43861406],[18.55219298,54.43864405],[18.55218617,54.43864339],[18.5519323,54.4385623],[18.55169981,54.43848805],[18.5515245,54.43842568],[18.55151751,54.43842983],[18.55151542,54.43842917],[18.55142197,54.43864397],[18.55083857,54.43863225],[18.55085744,54.43878553],[18.55086486,54.43882206],[18.5508703,54.438849],[18.55080624,54.43884741],[18.55079421,54.43897201],[18.55082143,54.43898076],[18.5509384,54.43910521],[18.55094992,54.43914224],[18.55102178,54.43931729],[18.55104267,54.43935781],[18.55138198,54.43930325],[18.5517086,54.43936168],[18.55173819,54.4394761],[18.55175221,54.43953264],[18.55179605,54.43969839],[18.55180043,54.43971498],[18.55180141,54.43971875],[18.55176015,54.43973025],[18.55174615,54.43975375],[18.55176596,54.43984116],[18.55174479,54.43985911],[18.55166104,54.43988255],[18.55168418,54.4399105],[18.55167252,54.43992038],[18.55165974,54.43992398],[18.55166323,54.43992827],[18.55165842,54.43993235],[18.55163527,54.43993873],[18.55164167,54.43994654],[18.55156098,54.44001497],[18.55116932,54.43990179],[18.55115944,54.43990552],[18.55115603,54.43990139],[18.5511225,54.43986067],[18.55079246,54.43991626],[18.55064038,54.43970258],[18.55060011,54.43971184],[18.55058567,54.43971514],[18.55051499,54.43973136],[18.55037216,54.43945933],[18.55023298,54.43948315],[18.55020437,54.43940726],[18.55027276,54.43939714],[18.55028934,54.43937323],[18.5502809,54.43935207],[18.55028424,54.43935174],[18.55027071,54.439297],[18.55031858,54.43929201],[18.55031499,54.43927853],[18.55042931,54.43919393],[18.55042916,54.43919349],[18.55043007,54.43919337],[18.55070787,54.43898775],[18.55067196,54.43897841],[18.5506435,54.43884338],[18.55063808,54.43883002],[18.55059778,54.43884736],[18.55030418,54.43887277],[18.55023303,54.43860069],[18.54992536,54.43860021],[18.54984883,54.43860594],[18.5498185,54.43860824],[18.54978817,54.43861054],[18.54975002,54.43846633],[18.54975089,54.43846192],[18.5497718,54.43836649],[18.54967345,54.43837728],[18.54948876,54.43839743],[18.5492556,54.43838852],[18.54925249,54.43842262],[18.54899387,54.43842103]]]}},{"type":"Feature","properties":{"postcode":"81-834","address_count":6,"both_agree_count":6,"source_conflict_count":0,"unresolved_count":0,"area_m2":7061,"support100_pct":100,"streets":"Adama Mickiewicza","label":[18.555916,54.440076],"label_r_km":0.024,"sea_km":1.28,"parts":1,"samples":[[18.55596,54.4398]]},"geometry":{"type":"Polygon","coordinates":[[[18.5551791,54.44003005],[18.55515857,54.44002852],[18.55516148,54.44001513],[18.55518215,54.44001656],[18.55520464,54.43991349],[18.55524367,54.43991654],[18.55528781,54.43983644],[18.55563981,54.4398813],[18.55567137,54.43991296],[18.5557463,54.43976608],[18.55568248,54.43978776],[18.55563768,54.43978123],[18.55527728,54.43973311],[18.5553369,54.43956096],[18.55536761,54.43947268],[18.55531874,54.43939124],[18.55554749,54.43935775],[18.55587192,54.43931026],[18.55587574,54.43933099],[18.55594532,54.43933137],[18.55594703,54.43959702],[18.55597766,54.43962004],[18.55601455,54.43962469],[18.556047,54.43954853],[18.55608296,54.43955115],[18.55643551,54.43957675],[18.5564081,54.43972665],[18.55640396,54.4397512],[18.55642372,54.43975298],[18.55642476,54.43986645],[18.55640572,54.4398992],[18.55637929,54.43989776],[18.55634864,54.44007076],[18.55634722,54.44007966],[18.55631294,54.44028017],[18.55631217,54.44028009],[18.55629827,54.44033478],[18.55624735,54.44033079],[18.5562063,54.44032738],[18.55576574,54.44029131],[18.55574234,54.44038771],[18.55569343,54.44039294],[18.55561091,54.44043932],[18.55551866,54.44041755],[18.55553846,54.44034232],[18.55532447,54.44032749],[18.55532274,54.44033639],[18.55514967,54.44032325],[18.55515418,54.44028061],[18.55512187,54.44027819],[18.55513293,54.44022882],[18.55511302,54.44022739],[18.55512833,54.44015113],[18.55514807,54.44015256],[18.55515011,54.44014365],[18.55516849,54.44014499],[18.5551741,54.44009194],[18.55517074,54.44008867],[18.55517651,54.440066],[18.55516204,54.44006471],[18.55517782,54.44003607],[18.5551791,54.44003005]]]}},{"type":"Feature","properties":{"postcode":"81-835","address_count":7,"both_agree_count":7,"source_conflict_count":0,"unresolved_count":0,"area_m2":16845,"support100_pct":100,"streets":"Kolejowa; Marynarzy","label":[18.562141,54.439352],"label_r_km":0.035,"sea_km":0.93,"parts":4,"samples":[[18.56169,54.43932],[18.56169,54.44031],[18.56169,54.4413]]},"geometry":{"type":"MultiPolygon","coordinates":[[[[18.56269555,54.43900452],[18.56275583,54.43921388],[18.56254777,54.43974997],[18.56264939,54.43985465],[18.56234719,54.44036634],[18.56208648,54.44046036],[18.56166683,54.44035507],[18.5616797,54.44030575],[18.5617331,54.44011925],[18.561653,54.44011208],[18.56115835,54.44006595],[18.56123061,54.43980461],[18.56181073,54.43987883],[18.56184834,54.43965367],[18.56185235,54.43963497],[18.5617589,54.43959802],[18.56175026,54.4396394],[18.56136818,54.43958367],[18.56142513,54.43944388],[18.56141009,54.43944166],[18.5614011,54.43942701],[18.56107136,54.43934374],[18.56107743,54.43933319],[18.56112566,54.43921895],[18.56093999,54.43919008],[18.56084239,54.43917715],[18.56087966,54.43900536],[18.56089831,54.43901606],[18.56100227,54.43904459],[18.56159588,54.43912733],[18.56168039,54.4391391],[18.56188744,54.43887229],[18.56199819,54.43887834],[18.56229666,54.43882708],[18.56226633,54.43891277],[18.56268937,54.43889735],[18.56269555,54.43900452]]],[[[18.56399714,54.43932526],[18.56399001,54.43936743],[18.56398763,54.43938442],[18.56398271,54.43941295],[18.56395006,54.43941447],[18.56392314,54.43938014],[18.56356051,54.43935243],[18.56352498,54.43930888],[18.56354718,54.43929046],[18.5631491,54.43925968],[18.56352345,54.4392785],[18.56353304,54.43922481],[18.56381561,54.43923904],[18.56396604,54.43924984],[18.56401627,54.43922571],[18.56401201,54.43925241],[18.56400308,54.43929845],[18.56399714,54.43932526]]],[[[18.56425602,54.43940018],[18.56427991,54.43926076],[18.56471828,54.43934583],[18.56471184,54.43937888],[18.56425602,54.43940018]]],[[[18.56119036,54.44121116],[18.56122641,54.44109864],[18.56130479,54.44110405],[18.56133463,54.44095881],[18.56140469,54.4409476],[18.56183074,54.44090432],[18.56203757,54.44150735],[18.5620047,54.4415771],[18.56189239,54.44167312],[18.56149352,54.44160328],[18.56136696,54.4414985],[18.56137217,54.44147741],[18.56133761,54.4414742],[18.56123823,54.44139192],[18.56119939,54.44138819],[18.5610046,54.44136924],[18.56096818,54.44136572],[18.56098249,54.44131857],[18.56101612,54.44132093],[18.56102355,54.4412891],[18.56102458,54.44128559],[18.56104233,54.44122009],[18.56104713,54.44119851],[18.56119036,54.44121116]]]]}},{"type":"Feature","properties":{"postcode":"81-836","address_count":8,"both_agree_count":8,"source_conflict_count":0,"unresolved_count":0,"area_m2":7984,"support100_pct":100,"streets":"Ignacego Krasickiego","label":[18.558544,54.438568],"label_r_km":0.033,"sea_km":1.18,"parts":1,"samples":[[18.55851,54.43867]]},"geometry":{"type":"Polygon","coordinates":[[[18.55873951,54.43828911],[18.55878221,54.43823476],[18.55882309,54.43824715],[18.55878776,54.43829126],[18.55881021,54.43831148],[18.55906194,54.43839547],[18.55909513,54.43839226],[18.55912253,54.43835386],[18.55915803,54.43838391],[18.55912009,54.43842364],[18.55940101,54.43857489],[18.55946254,54.43857574],[18.55948966,54.43850563],[18.55948643,54.43851401],[18.55948858,54.43851429],[18.55949677,54.43851435],[18.55968843,54.43854492],[18.55970838,54.4385581],[18.55990233,54.43878677],[18.55961201,54.4390204],[18.559289,54.43896224],[18.55919062,54.43899587],[18.5591862,54.43899551],[18.55914361,54.43899212],[18.55909778,54.43898847],[18.55905867,54.43898522],[18.55904393,54.4389708],[18.55893861,54.43892026],[18.55868898,54.43889194],[18.55856436,54.43894484],[18.55827299,54.43887932],[18.55827247,54.4388795],[18.55773009,54.43888832],[18.55766521,54.43882375],[18.55768984,54.43878932],[18.55781742,54.43879915],[18.5579035,54.43852068],[18.55788307,54.43851923],[18.55789805,54.43849829],[18.5578959,54.4384722],[18.55792008,54.43844962],[18.55792829,54.43845049],[18.55792962,54.43844671],[18.55793319,54.43843673],[18.55793385,54.43843677],[18.55812334,54.43825991],[18.55814404,54.43820977],[18.55817042,54.43821147],[18.55817395,54.43819879],[18.55837617,54.43817672],[18.55848177,54.43818186],[18.55846818,54.43819246],[18.55847168,54.4382109],[18.55863674,54.43827911],[18.55868327,54.43828369],[18.55873951,54.43828911]]]}},{"type":"Feature","properties":{"postcode":"81-837","address_count":8,"both_agree_count":8,"source_conflict_count":0,"unresolved_count":0,"area_m2":5743,"support100_pct":100,"streets":"Władysława Broniewskiego","label":[18.55887,54.440195],"label_r_km":0.028,"sea_km":1.09,"parts":1,"samples":[[18.55921,54.44032]]},"geometry":{"type":"Polygon","coordinates":[[[18.55841683,54.44027981],[18.558413,54.44025981],[18.55841853,54.44026013],[18.55846283,54.44007089],[18.55837541,54.44006354],[18.55835818,54.43997356],[18.55837736,54.43997515],[18.55840005,54.43986358],[18.55849498,54.43988538],[18.5585059,54.43982659],[18.55890355,54.43985888],[18.55899599,54.43986664],[18.55910942,54.4398776],[18.55910706,54.43988643],[18.55916502,54.43993279],[18.55919242,54.4399402],[18.55920649,54.43988551],[18.5596793,54.43992402],[18.55969237,54.43986704],[18.55970025,54.43986546],[18.55972786,54.4398854],[18.55972269,54.4399073],[18.55976199,54.43991003],[18.55986621,54.43998524],[18.55982358,54.43998185],[18.5597966,54.44009419],[18.55984706,54.44009818],[18.55984604,54.44010259],[18.55990382,54.4401074],[18.5599496,54.44017061],[18.5598322,54.44034707],[18.55981276,54.44034812],[18.55979974,54.44034681],[18.55947634,54.44032253],[18.55937494,54.44031366],[18.55931306,54.44030828],[18.55925957,54.4405459],[18.5588008,54.44050912],[18.55873175,54.44052049],[18.55869617,54.44055596],[18.55868223,54.4406191],[18.55864256,54.44061479],[18.5586566,54.44054904],[18.55866746,54.44049743],[18.558584,54.4404919],[18.55853895,54.44038134],[18.55841287,54.44028884],[18.55841683,54.44027981]]]}},{"type":"Feature","properties":{"postcode":"81-838","address_count":19,"both_agree_count":19,"source_conflict_count":0,"unresolved_count":0,"area_m2":23082,"support100_pct":100,"streets":"Aleja Niepodległości","label":[18.560955,54.440632],"label_r_km":0.044,"sea_km":0.95,"parts":1,"samples":[[18.56082,54.43905],[18.56082,54.44004],[18.56082,54.44103]]},"geometry":{"type":"Polygon","coordinates":[[[18.56013908,54.44052902],[18.56034854,54.44040736],[18.56037932,54.44023396],[18.56033283,54.44019636],[18.5604433,54.43996402],[18.5605515,54.43990471],[18.56057118,54.43984951],[18.56050292,54.4397756],[18.56054663,54.43954429],[18.56049503,54.43951017],[18.56052178,54.43930329],[18.56048636,54.4392545],[18.56053907,54.43904153],[18.56067492,54.43900401],[18.56067039,54.43870608],[18.56075373,54.43860718],[18.56091686,54.43860605],[18.56092819,54.43855333],[18.56141635,54.43872008],[18.56159588,54.43912733],[18.56100227,54.43904459],[18.56089831,54.43901606],[18.56087966,54.43900536],[18.56084239,54.43917715],[18.56093999,54.43919008],[18.56112566,54.43921895],[18.56107743,54.43933319],[18.56107136,54.43934374],[18.5614011,54.43942701],[18.56141009,54.43944166],[18.56142513,54.43944388],[18.56136818,54.43958367],[18.56175026,54.4396394],[18.5617589,54.43959802],[18.56185235,54.43963497],[18.56184834,54.43965367],[18.56181073,54.43987883],[18.56123061,54.43980461],[18.56115835,54.44006595],[18.561653,54.44011208],[18.5617331,54.44011925],[18.5616797,54.44030575],[18.56166683,54.44035507],[18.56208648,54.44046036],[18.56186639,54.44087638],[18.56183074,54.44090432],[18.56140469,54.4409476],[18.56133463,54.44095881],[18.56130479,54.44110405],[18.56122641,54.44109864],[18.56119036,54.44121116],[18.56104713,54.44119851],[18.56104233,54.44122009],[18.56102458,54.44128559],[18.56102355,54.4412891],[18.56101612,54.44132093],[18.56098249,54.44131857],[18.56096818,54.44136572],[18.56096376,54.44138092],[18.56096545,54.44138101],[18.56095213,54.44143246],[18.56092065,54.44142946],[18.56091991,54.44143135],[18.56089653,54.44142917],[18.56083574,54.44147706],[18.56081166,54.44147462],[18.56081758,54.4414559],[18.56082654,54.44145685],[18.56083034,54.44144255],[18.56081044,54.44144067],[18.56081516,54.44142555],[18.56079387,54.44142367],[18.56070744,54.44141598],[18.56064931,54.44148265],[18.56061754,54.44158342],[18.56043156,54.44156578],[18.56037233,54.44155176],[18.56033006,54.44152699],[18.56030977,54.44149708],[18.56030686,54.44148666],[18.56028004,54.44161625],[18.56012831,54.4416031],[18.55997425,54.44149306],[18.56001545,54.4413485],[18.56004896,54.44133316],[18.56025967,54.44110035],[18.56001734,54.44090724],[18.56002661,54.44088775],[18.56002662,54.44081423],[18.56003414,54.44078462],[18.56004827,54.44075742],[18.56006467,54.44070632],[18.56007728,54.44065828],[18.56007828,54.44065324],[18.56010524,54.44063104],[18.56010598,54.44061597],[18.56012018,54.44061702],[18.56013908,54.44052902]]]}},{"type":"Feature","properties":{"postcode":"81-839","address_count":6,"both_agree_count":6,"source_conflict_count":0,"unresolved_count":0,"area_m2":9177,"support100_pct":100,"streets":"Poznańska","label":[18.563055,54.436545],"label_r_km":0.03,"sea_km":1.04,"parts":1,"samples":[[18.56225,54.4364]]},"geometry":{"type":"Polygon","coordinates":[[[18.56268401,54.43637674],[18.56269272,54.43634741],[18.56281541,54.43591028],[18.56323716,54.43594901],[18.56318466,54.43611288],[18.56323583,54.43610254],[18.56360575,54.43619969],[18.56360106,54.43637074],[18.56358934,54.43640096],[18.56355224,54.43659518],[18.56343233,54.43679582],[18.56320331,54.43701857],[18.56299075,54.43709453],[18.5629369,54.43707702],[18.56288584,54.43706506],[18.56290765,54.43699499],[18.56294167,54.43689106],[18.56239209,54.4368378],[18.5622163,54.43673062],[18.56213495,54.43671434],[18.56192833,54.43662083],[18.56187708,54.43661005],[18.56169191,54.43659051],[18.56172631,54.43640195],[18.56170395,54.43640053],[18.56140362,54.43637146],[18.56142008,54.43629044],[18.56166606,54.43631452],[18.56167939,54.43630685],[18.56178635,54.43617631],[18.56189732,54.43616654],[18.56190315,54.43614642],[18.56211001,54.43615946],[18.56211252,54.4361476],[18.56220647,54.43613933],[18.56233538,54.43624218],[18.56229637,54.43637477],[18.56240269,54.43638487],[18.56252352,54.43639626],[18.56268401,54.43637674]]]}},{"type":"Feature","properties":{"postcode":"81-840","address_count":49,"both_agree_count":48,"source_conflict_count":0,"unresolved_count":1,"area_m2":51467,"support100_pct":100,"streets":"Aleja Niepodległości","label":[18.561588,54.437506],"label_r_km":0.083,"sea_km":1.07,"parts":1,"samples":[[18.56027,54.43658],[18.56027,54.43757],[18.56027,54.43856],[18.56197,54.43757],[18.56197,54.43856]]},"geometry":{"type":"Polygon","coordinates":[[[18.55994223,54.4375155],[18.55980971,54.43750569],[18.55976156,54.43750214],[18.55958029,54.43747783],[18.55946447,54.43746183],[18.5594992,54.43736374],[18.5594193,54.43735648],[18.55944813,54.43729707],[18.55945452,54.43729764],[18.55946952,54.43724403],[18.55951951,54.43724855],[18.55956797,54.437253],[18.55961858,54.43725752],[18.55966767,54.43726206],[18.55971504,54.43726625],[18.55976257,54.43727061],[18.55979991,54.43727403],[18.55981498,54.43719193],[18.55982352,54.4371626],[18.55985493,54.43701323],[18.55988428,54.43688255],[18.55989461,54.43682598],[18.55976852,54.43681354],[18.55978145,54.43677835],[18.55982179,54.4366062],[18.55993026,54.43661424],[18.5599917,54.43644136],[18.56000763,54.43640022],[18.55998865,54.43639906],[18.56001543,54.43630531],[18.55996249,54.43628875],[18.55996291,54.43626243],[18.55998048,54.4361598],[18.55999164,54.43615614],[18.56000445,54.43609944],[18.56000648,54.4360899],[18.56006773,54.43609438],[18.56011016,54.4360975],[18.56017896,54.43610258],[18.56022414,54.43610589],[18.56040091,54.43616394],[18.56042983,54.4361661],[18.56059353,54.43617954],[18.56063364,54.4361825],[18.56077757,54.43615001],[18.56096781,54.43616475],[18.56096872,54.43616055],[18.56104864,54.43616601],[18.56106607,54.43616728],[18.56106515,54.4361723],[18.56115918,54.43617959],[18.5612144,54.4361181],[18.56134096,54.43612279],[18.56134363,54.43610967],[18.56145686,54.43611722],[18.56162238,54.43612769],[18.56162124,54.43613319],[18.56173538,54.43613742],[18.56178635,54.43617631],[18.56167939,54.43630685],[18.56166606,54.43631452],[18.56142008,54.43629044],[18.56140362,54.43637146],[18.56170395,54.43640053],[18.56172631,54.43640195],[18.56169191,54.43659051],[18.56187708,54.43661005],[18.56192833,54.43662083],[18.56213495,54.43671434],[18.5622163,54.43673062],[18.56239209,54.4368378],[18.56294167,54.43689106],[18.56290765,54.43699499],[18.56288584,54.43706506],[18.5629369,54.43707702],[18.56299075,54.43709453],[18.56288139,54.43747968],[18.5628894,54.43749521],[18.56269469,54.43828917],[18.56274876,54.43832814],[18.56285201,54.43845094],[18.5628549,54.43871376],[18.56268937,54.43889735],[18.56226633,54.43891277],[18.56229666,54.43882708],[18.56199819,54.43887834],[18.56188744,54.43887229],[18.56168039,54.4391391],[18.56159588,54.43912733],[18.56141635,54.43872008],[18.56092819,54.43855333],[18.56091686,54.43860605],[18.56075373,54.43860718],[18.56067039,54.43870608],[18.56067492,54.43900401],[18.56053907,54.43904153],[18.5604673,54.43903152],[18.56047,54.43901903],[18.56027234,54.43900315],[18.56027202,54.43900428],[18.56017253,54.4389904],[18.55992335,54.43879538],[18.55990233,54.43878677],[18.55970838,54.4385581],[18.55968843,54.43854492],[18.55979203,54.43848116],[18.55979483,54.43846055],[18.55983789,54.43846457],[18.55983986,54.43845802],[18.56005122,54.43841129],[18.56006097,54.43841197],[18.56007888,54.43834701],[18.56008036,54.43834171],[18.56022296,54.43835559],[18.56022003,54.4383663],[18.56026324,54.4383705],[18.56026633,54.4383598],[18.56029057,54.43836221],[18.56031918,54.43826809],[18.56030806,54.43826661],[18.56031059,54.4382595],[18.56045662,54.43827527],[18.5604597,54.43826484],[18.56048317,54.43826724],[18.56047993,54.43827768],[18.56048888,54.43827863],[18.56048754,54.4382834],[18.56051441,54.43828633],[18.56051561,54.43824957],[18.56041917,54.43822796],[18.56049529,54.43815319],[18.56036425,54.43810496],[18.56035649,54.43810003],[18.56021954,54.43807053],[18.56028195,54.43790089],[18.5602276,54.43789368],[18.56025917,54.43781303],[18.5602629,54.43780341],[18.56028509,54.43780484],[18.5602005,54.43775885],[18.56007801,54.43775098],[18.56008006,54.43774451],[18.56008954,54.43771616],[18.56009858,54.43768926],[18.56010716,54.43766289],[18.56008126,54.43766016],[18.56002939,54.43762718],[18.56001525,54.43762567],[18.56001731,54.4376195],[18.55992665,54.43756187],[18.55994223,54.4375155]]]}},{"type":"Feature","properties":{"postcode":"81-841","address_count":2,"both_agree_count":0,"source_conflict_count":0,"unresolved_count":2,"area_m2":2039,"support100_pct":0,"streets":"Władysława Broniewskiego","label":[18.557883,54.440085],"label_r_km":0.017,"sea_km":1.16,"parts":1,"samples":[[18.557883,54.440085]]},"geometry":{"type":"Polygon","coordinates":[[[18.55800727,54.44024666],[18.55795912,54.44024339],[18.55795595,54.44025995],[18.55790673,54.44027458],[18.55790323,54.44029333],[18.55785788,54.44029075],[18.55785319,54.44029048],[18.55770116,54.44033567],[18.55761578,54.44027742],[18.55760784,54.44027708],[18.55762233,54.4402205],[18.55762156,54.44022041],[18.55762622,54.44021185],[18.55763262,54.44018433],[18.55760147,54.44018313],[18.55755135,54.44018075],[18.55755844,54.44013535],[18.55757964,54.4400048],[18.55756729,54.44000405],[18.55751692,54.44000102],[18.55750851,54.43986861],[18.5575581,54.43987228],[18.55755626,54.43990698],[18.55835818,54.43997356],[18.55837541,54.44006354],[18.55846283,54.44007089],[18.55841853,54.44026013],[18.558413,54.44025981],[18.55841683,54.44027981],[18.55841287,54.44028884],[18.55835148,54.4402827],[18.55835575,54.44025655],[18.55827893,54.44025223],[18.5580079,54.44023696],[18.55800727,54.44024666]]]}},{"type":"Feature","properties":{"postcode":"81-842","address_count":67,"both_agree_count":67,"source_conflict_count":0,"unresolved_count":0,"area_m2":137723,"support100_pct":65,"streets":"Krótka; gen. Józefa Wybickiego","label":[18.55053,54.434909],"label_r_km":0.116,"sea_km":1.51,"parts":2,"samples":[[18.54899,54.43498],[18.55069,54.43399],[18.55069,54.43498],[18.55069,54.43597],[18.55239,54.43498],[18.55239,54.43597],[18.55239,54.43696],[18.55409,54.43696],[18.55579,54.43696],[18.55919,54.43696],[18.55919,54.43795]]},"geometry":{"type":"MultiPolygon","coordinates":[[[[18.55124491,54.43702465],[18.55090999,54.43699557],[18.55032639,54.43677355],[18.54987173,54.43647371],[18.54814318,54.43445488],[18.54896594,54.43419943],[18.55061907,54.43350215],[18.55067823,54.4334999],[18.55261429,54.43462263],[18.5528674,54.43487993],[18.55292602,54.43495024],[18.55295986,54.43500513],[18.55289336,54.43551876],[18.55311641,54.43603584],[18.55316895,54.43604772],[18.5531611,54.43606061],[18.55320855,54.43607045],[18.55321639,54.43605748],[18.55323075,54.43605994],[18.55320511,54.43610174],[18.55313169,54.4362222],[18.55353727,54.43630848],[18.55360777,54.43619926],[18.5540905,54.43623416],[18.55403386,54.43632004],[18.55392635,54.43631344],[18.55383996,54.43631976],[18.55377256,54.43633786],[18.55370476,54.43637446],[18.55364691,54.43642657],[18.55378917,54.43645009],[18.55425295,54.43651984],[18.55460288,54.43658148],[18.55461524,54.43658332],[18.55488768,54.43662447],[18.55503953,54.43665081],[18.55522416,54.43668294],[18.55552203,54.43671338],[18.55560306,54.43672171],[18.55589136,54.43675085],[18.55591805,54.43675359],[18.55597186,54.43670976],[18.55599586,54.43671632],[18.55597586,54.43674211],[18.55596344,54.43675824],[18.55597439,54.43675936],[18.55603058,54.43667465],[18.55601541,54.43667429],[18.55602714,54.43666474],[18.55605178,54.43662423],[18.55607399,54.43662476],[18.5560769,54.43658294],[18.55611868,54.43651428],[18.55624458,54.43645581],[18.55626697,54.43645129],[18.55650261,54.43646479],[18.55650083,54.43644787],[18.55645364,54.4364233],[18.55673034,54.43641402],[18.55705938,54.43637989],[18.55736747,54.43632241],[18.55769184,54.43623717],[18.55758819,54.43648194],[18.55752897,54.43657008],[18.55755061,54.43657466],[18.55755335,54.43657523],[18.55755889,54.43658748],[18.55752879,54.43661449],[18.55750391,54.43660884],[18.557342,54.43686312],[18.55725527,54.43684402],[18.55724844,54.43685205],[18.55713222,54.43703327],[18.55712632,54.43704156],[18.55719557,54.43705679],[18.55721011,54.43705995],[18.55718335,54.43710993],[18.55715231,54.43716264],[18.55701729,54.43736685],[18.5570696,54.43737828],[18.55705436,54.43742015],[18.55712774,54.43749285],[18.55711334,54.43750296],[18.55694234,54.4374654],[18.55678814,54.43770995],[18.55675012,54.4377705],[18.55668146,54.43787872],[18.55667768,54.43788467],[18.5563877,54.4378232],[18.55617449,54.43777423],[18.55614961,54.43776976],[18.55611655,54.43776389],[18.55581677,54.43769609],[18.55571288,54.43767249],[18.55569711,54.43766897],[18.55576622,54.43755931],[18.55546895,54.43749491],[18.55541415,54.43757961],[18.55527411,54.43780155],[18.5550861,54.4377482],[18.55479092,54.43786327],[18.55478892,54.43767851],[18.55462497,54.43764578],[18.55479884,54.43737274],[18.55478558,54.43737002],[18.55478543,54.43735617],[18.55471091,54.43733507],[18.55471184,54.43733343],[18.55466423,54.43732314],[18.55443607,54.43727378],[18.554108,54.43719982],[18.5539951,54.43717523],[18.55393383,54.43717528],[18.55389188,54.43716684],[18.55383163,54.43715212],[18.55383006,54.43715442],[18.5535594,54.4371],[18.55355648,54.4371046],[18.55353913,54.43713235],[18.5535355,54.43713794],[18.55344196,54.43727609],[18.55342868,54.43727364],[18.55336285,54.43726136],[18.55331015,54.43725137],[18.55328747,54.43724904],[18.55328192,54.43724777],[18.55251298,54.43766832],[18.55240755,54.43763528],[18.55218792,54.43759756],[18.55205234,54.43751871],[18.55203983,54.43750362],[18.55171925,54.43726947],[18.55124491,54.43702465]],[[18.5575266,54.43633856],[18.55752649,54.43632985],[18.55747809,54.43633016],[18.5574317,54.43633037],[18.55738563,54.43633068],[18.55738008,54.4363308],[18.55737996,54.43633412],[18.55732988,54.43633444],[18.55733106,54.43638744],[18.55733923,54.43638731],[18.55733936,54.43639657],[18.55738682,54.43639626],[18.5574329,54.43639596],[18.5574793,54.43639574],[18.55748007,54.43644129],[18.55752861,54.43644097],[18.5575287,54.43644691],[18.55757353,54.43644652],[18.55757207,54.43639504],[18.55757184,54.4363672],[18.55760621,54.43636704],[18.55763444,54.43631192],[18.55757016,54.4363106],[18.55757129,54.43633818],[18.5575266,54.43633856]]],[[[18.55817395,54.43819879],[18.55822934,54.43800015],[18.55824268,54.43794923],[18.5575381,54.437901],[18.55749105,54.43789781],[18.5574995,54.43784565],[18.5574767,54.43784153],[18.55746275,54.43782503],[18.55743837,54.4375397],[18.55741799,54.43752495],[18.55766778,54.43724783],[18.55767375,54.43724632],[18.55772721,54.4372543],[18.55779973,54.43728832],[18.55780299,54.43728327],[18.55785926,54.43729567],[18.55784897,54.43731143],[18.55785197,54.43731283],[18.55793217,54.43733056],[18.55792479,54.43734191],[18.55790608,54.43733777],[18.55790586,54.43733811],[18.55801875,54.43739107],[18.55790788,54.43756148],[18.55805551,54.43759359],[18.55809642,54.43753087],[18.55815153,54.43744598],[18.55819515,54.4373784],[18.55822369,54.43733451],[18.55835021,54.43713995],[18.55835881,54.43712671],[18.5584072,54.43713731],[18.55841157,54.43713657],[18.55852898,54.43704434],[18.55852994,54.43703966],[18.55872107,54.43707454],[18.55877374,54.43699209],[18.55881963,54.43692098],[18.55885284,54.43686926],[18.55889948,54.43679689],[18.5589443,54.43672733],[18.55895502,54.43671048],[18.55935459,54.43679524],[18.55930427,54.43704991],[18.55929461,54.43709929],[18.55928986,54.43712356],[18.55927088,54.43721251],[18.55926427,54.43722539],[18.55931812,54.43723026],[18.55936983,54.43723496],[18.55941906,54.4372394],[18.55946952,54.43724403],[18.55945452,54.43729764],[18.55944813,54.43729707],[18.5594193,54.43735648],[18.5594992,54.43736374],[18.55946447,54.43746183],[18.55958029,54.43747783],[18.55976156,54.43750214],[18.55980971,54.43750569],[18.55994223,54.4375155],[18.55992665,54.43756187],[18.56001731,54.4376195],[18.56001525,54.43762567],[18.56002939,54.43762718],[18.56008126,54.43766016],[18.56010716,54.43766289],[18.56009858,54.43768926],[18.56008954,54.43771616],[18.56008006,54.43774451],[18.56007801,54.43775098],[18.5602005,54.43775885],[18.56028509,54.43780484],[18.5602629,54.43780341],[18.56025917,54.43781303],[18.5602276,54.43789368],[18.56028195,54.43790089],[18.56021954,54.43807053],[18.56035649,54.43810003],[18.56036425,54.43810496],[18.56049529,54.43815319],[18.56041917,54.43822796],[18.56051561,54.43824957],[18.56051441,54.43828633],[18.56048754,54.4382834],[18.56048888,54.43827863],[18.56047993,54.43827768],[18.56048317,54.43826724],[18.5604597,54.43826484],[18.56045662,54.43827527],[18.56031059,54.4382595],[18.56030806,54.43826661],[18.56031918,54.43826809],[18.56029057,54.43836221],[18.56026633,54.4383598],[18.56026324,54.4383705],[18.56022003,54.4383663],[18.56022296,54.43835559],[18.56008036,54.43834171],[18.56007888,54.43834701],[18.56006097,54.43841197],[18.56005122,54.43841129],[18.55983986,54.43845802],[18.55983789,54.43846457],[18.55979483,54.43846055],[18.55979203,54.43848116],[18.55968843,54.43854492],[18.55949677,54.43851435],[18.55948858,54.43851429],[18.55948643,54.43851401],[18.55948966,54.43850563],[18.55949935,54.43847986],[18.55924399,54.43834642],[18.5592001,54.43833987],[18.55915803,54.43838391],[18.55912253,54.43835386],[18.5591266,54.43834815],[18.55915339,54.43830959],[18.55913311,54.43828839],[18.55887077,54.43821569],[18.55884763,54.4382165],[18.55882309,54.43824715],[18.55878221,54.43823476],[18.55880706,54.43820314],[18.55866015,54.43816808],[18.55855214,54.43814377],[18.55851375,54.43815694],[18.55848177,54.43818186],[18.55837617,54.43817672],[18.55817395,54.43819879]]]]}},{"type":"Feature","properties":{"postcode":"81-843","address_count":13,"both_agree_count":12,"source_conflict_count":0,"unresolved_count":1,"area_m2":27659,"support100_pct":99,"streets":"Armii Krajowej","label":[18.55921,54.436351],"label_r_km":0.043,"sea_km":1.26,"parts":2,"samples":[[18.55739,54.43721],[18.55909,54.43623]]},"geometry":{"type":"MultiPolygon","coordinates":[[[[18.55668146,54.43787872],[18.55675012,54.4377705],[18.55678814,54.43770995],[18.55694234,54.4374654],[18.55711334,54.43750296],[18.55712774,54.43749285],[18.55705436,54.43742015],[18.5570696,54.43737828],[18.55701729,54.43736685],[18.55715231,54.43716264],[18.55718335,54.43710993],[18.55721011,54.43705995],[18.55719557,54.43705679],[18.55712632,54.43704156],[18.55713222,54.43703327],[18.55724844,54.43685205],[18.55725527,54.43684402],[18.557342,54.43686312],[18.55750391,54.43660884],[18.55752879,54.43661449],[18.55755889,54.43658748],[18.55755335,54.43657523],[18.55755061,54.43657466],[18.55752897,54.43657008],[18.55758819,54.43648194],[18.55769184,54.43623717],[18.55770867,54.43622856],[18.55769551,54.43622122],[18.55771175,54.43620962],[18.55821967,54.43614416],[18.55841468,54.43616311],[18.55853861,54.43586373],[18.55879174,54.43576669],[18.5588762,54.4357442],[18.55898067,54.43573051],[18.55904232,54.4357313],[18.55917709,54.43574649],[18.5595725,54.43578689],[18.55971357,54.43580124],[18.56009194,54.43588044],[18.56009854,54.43594573],[18.56003669,54.43593163],[18.55990199,54.43592049],[18.5598286,54.43607689],[18.56000648,54.4360899],[18.56000445,54.43609944],[18.55999103,54.43609824],[18.55998049,54.4361598],[18.55998048,54.4361598],[18.55996291,54.43626243],[18.55996249,54.43628875],[18.56001543,54.43630531],[18.55998865,54.43639906],[18.56000763,54.43640022],[18.5599917,54.43644136],[18.55993026,54.43661424],[18.55982179,54.4366062],[18.55978145,54.43677835],[18.55976852,54.43681354],[18.55989461,54.43682598],[18.55988428,54.43688255],[18.55985493,54.43701323],[18.55982352,54.4371626],[18.55981498,54.43719193],[18.55979991,54.43727403],[18.55976257,54.43727061],[18.55971504,54.43726625],[18.55966767,54.43726206],[18.55961858,54.43725752],[18.55956797,54.437253],[18.55951951,54.43724855],[18.55946952,54.43724403],[18.55941906,54.4372394],[18.55936983,54.43723496],[18.55931812,54.43723026],[18.55926427,54.43722539],[18.55927088,54.43721251],[18.55928986,54.43712356],[18.55929461,54.43709929],[18.55930427,54.43704991],[18.55935459,54.43679524],[18.55895502,54.43671048],[18.5589443,54.43672733],[18.55889948,54.43679689],[18.55885284,54.43686926],[18.55881963,54.43692098],[18.55877374,54.43699209],[18.55872107,54.43707454],[18.55852994,54.43703966],[18.55852898,54.43704434],[18.55841157,54.43713657],[18.5584072,54.43713731],[18.55835881,54.43712671],[18.55835021,54.43713995],[18.55822369,54.43733451],[18.55819515,54.4373784],[18.55815153,54.43744598],[18.55809642,54.43753087],[18.55805551,54.43759359],[18.55790788,54.43756148],[18.55801875,54.43739107],[18.55790586,54.43733811],[18.55790608,54.43733777],[18.55792479,54.43734191],[18.55793217,54.43733056],[18.55785197,54.43731283],[18.55784897,54.43731143],[18.55785926,54.43729567],[18.55780299,54.43728327],[18.55779973,54.43728832],[18.55772721,54.4372543],[18.55767375,54.43724632],[18.55766778,54.43724783],[18.55741799,54.43752495],[18.55743837,54.4375397],[18.55746275,54.43782503],[18.5574767,54.43784153],[18.5574995,54.43784565],[18.55749105,54.43789781],[18.5575381,54.437901],[18.55824268,54.43794923],[18.55822934,54.43800015],[18.55817395,54.43819879],[18.55817042,54.43821147],[18.55751025,54.43816894],[18.55733665,54.43816571],[18.5572759,54.43820729],[18.5567618,54.4382008],[18.55671429,54.43813357],[18.55654476,54.43809633],[18.55663905,54.43794576],[18.55673454,54.43795179],[18.55674104,54.43792004],[18.55675338,54.43788575],[18.55668146,54.43787872]]],[[[18.55757207,54.43639504],[18.55757353,54.43644652],[18.5575287,54.43644691],[18.55752861,54.43644097],[18.55748007,54.43644129],[18.5574793,54.43639574],[18.55747892,54.43637587],[18.55752667,54.43634178],[18.5575266,54.43633856],[18.55757129,54.43633818],[18.55757016,54.4363106],[18.55763444,54.43631192],[18.55760621,54.43636704],[18.55757184,54.4363672],[18.55757207,54.43639504]]]]}},{"type":"Feature","properties":{"postcode":"81-844","address_count":17,"both_agree_count":17,"source_conflict_count":0,"unresolved_count":0,"area_m2":24997,"support100_pct":100,"streets":"Armii Krajowej","label":[18.557188,54.438591],"label_r_km":0.039,"sea_km":1.26,"parts":1,"samples":[[18.55713,54.43866],[18.55713,54.43965]]},"geometry":{"type":"Polygon","coordinates":[[[18.55643551,54.43957675],[18.55644353,54.4395317],[18.5564785,54.43933738],[18.55648366,54.43930817],[18.55662157,54.43931597],[18.55666392,54.43905262],[18.55668433,54.43905393],[18.55672676,54.43903151],[18.55672848,54.43900291],[18.556539,54.43899075],[18.55657744,54.43877873],[18.55658216,54.43875193],[18.55632209,54.43873723],[18.55634104,54.43864487],[18.55627717,54.43864112],[18.55629202,54.43855489],[18.55631338,54.43840125],[18.55643607,54.43838999],[18.5565012,54.4383843],[18.55652864,54.43816864],[18.55675504,54.43821765],[18.5567618,54.4382008],[18.5572759,54.43820729],[18.55733665,54.43816571],[18.55751025,54.43816894],[18.55814404,54.43820977],[18.55812334,54.43825991],[18.55793385,54.43843677],[18.55793319,54.43843673],[18.55792962,54.43844671],[18.55792829,54.43845049],[18.55792008,54.43844962],[18.5578959,54.4384722],[18.55789805,54.43849829],[18.55788307,54.43851923],[18.5579035,54.43852068],[18.55781742,54.43879915],[18.55768984,54.43878932],[18.55766521,54.43882375],[18.55773009,54.43888832],[18.55772406,54.43891827],[18.55774584,54.43891952],[18.5577414,54.43894361],[18.55772474,54.4389427],[18.55771884,54.43897364],[18.55773951,54.43897498],[18.55773201,54.43901355],[18.55771134,54.43901221],[18.55770402,54.43905099],[18.55773797,54.43910017],[18.55777176,54.43910214],[18.55776586,54.43913316],[18.55776476,54.43913897],[18.55786786,54.43928828],[18.55793047,54.43929195],[18.55814192,54.43923186],[18.55826888,54.43923261],[18.55826878,54.43923309],[18.55832185,54.43923706],[18.5583155,54.43926952],[18.55836442,54.4392728],[18.55837091,54.43924025],[18.5584243,54.43924396],[18.55842681,54.43923356],[18.55844739,54.43923368],[18.55857361,54.43932956],[18.55859564,54.43933085],[18.55854689,54.43960007],[18.55849166,54.43959683],[18.5584548,54.43959457],[18.55844022,54.4396675],[18.55840958,54.43981669],[18.55837736,54.43997515],[18.55755626,54.43990698],[18.5575581,54.43987228],[18.55750851,54.43986861],[18.55751692,54.44000102],[18.55756729,54.44000405],[18.55757964,54.4400048],[18.55755844,54.44013535],[18.55755135,54.44018075],[18.55760147,54.44018313],[18.55763262,54.44018433],[18.55762622,54.44021185],[18.55762156,54.44022041],[18.55762233,54.4402205],[18.55760784,54.44027708],[18.55761578,54.44027742],[18.55770116,54.44033567],[18.55767133,54.44045676],[18.55760501,54.44048158],[18.5575614,54.44047864],[18.55751015,54.44047321],[18.55750072,54.44051482],[18.55743952,54.44051953],[18.55741065,54.44046756],[18.55701884,54.44044511],[18.55701112,54.4404447],[18.55699454,54.44054536],[18.55685312,54.4404285],[18.55682952,54.44042567],[18.55683789,54.44037811],[18.55652603,54.44035287],[18.55635675,54.44033954],[18.55636015,54.44032615],[18.55630603,54.44030426],[18.55631217,54.44028009],[18.55631294,54.44028017],[18.55634722,54.44007966],[18.55634864,54.44007076],[18.55637929,54.43989776],[18.55640572,54.4398992],[18.55642476,54.43986645],[18.55642372,54.43975298],[18.55640396,54.4397512],[18.5564081,54.43972665],[18.55643551,54.43957675]]]}},{"type":"Feature","properties":{"postcode":"81-845","address_count":14,"both_agree_count":14,"source_conflict_count":0,"unresolved_count":0,"area_m2":17745,"support100_pct":100,"streets":"Marii Konopnickiej","label":[18.553879,54.437535],"label_r_km":0.04,"sea_km":1.5,"parts":1,"samples":[[18.55336,54.43759]]},"geometry":{"type":"Polygon","coordinates":[[[18.55521556,54.43813858],[18.5549535,54.43811833],[18.55467562,54.43802805],[18.55460757,54.43803574],[18.55414245,54.43801678],[18.55398378,54.43799187],[18.55379746,54.43797543],[18.55367788,54.43797666],[18.55349007,54.43794204],[18.55317295,54.43789172],[18.55287401,54.43786834],[18.55251298,54.43766832],[18.55328192,54.43724777],[18.55328747,54.43724904],[18.55331015,54.43725137],[18.55336285,54.43726136],[18.55342868,54.43727364],[18.55344196,54.43727609],[18.5535355,54.43713794],[18.55353913,54.43713235],[18.55355648,54.4371046],[18.5535594,54.4371],[18.55383006,54.43715442],[18.55383163,54.43715212],[18.55389188,54.43716684],[18.55393383,54.43717528],[18.5539951,54.43717523],[18.554108,54.43719982],[18.55443607,54.43727378],[18.55466423,54.43732314],[18.55471184,54.43733343],[18.55471091,54.43733507],[18.55478543,54.43735617],[18.55478558,54.43737002],[18.55479884,54.43737274],[18.55462497,54.43764578],[18.55478892,54.43767851],[18.55479092,54.43786327],[18.5550861,54.4377482],[18.55527411,54.43780155],[18.55541415,54.43757961],[18.55546895,54.43749491],[18.55576622,54.43755931],[18.55569711,54.43766897],[18.55571288,54.43767249],[18.55581677,54.43769609],[18.55611655,54.43776389],[18.55614961,54.43776976],[18.55617449,54.43777423],[18.5563877,54.4378232],[18.55667768,54.43788467],[18.55668146,54.43787872],[18.55675338,54.43788575],[18.55674104,54.43792004],[18.55673454,54.43795179],[18.55663905,54.43794576],[18.55654476,54.43809633],[18.55671429,54.43813357],[18.5567618,54.4382008],[18.55675504,54.43821765],[18.55652864,54.43816864],[18.5565012,54.4383843],[18.55643607,54.43838999],[18.55631338,54.43840125],[18.55612263,54.4384182],[18.55574069,54.43845222],[18.55572766,54.43832788],[18.55556841,54.4383213],[18.55521556,54.43813858]]]}},{"type":"Feature","properties":{"postcode":"81-846","address_count":17,"both_agree_count":17,"source_conflict_count":0,"unresolved_count":0,"area_m2":23867,"support100_pct":98,"streets":"Mikołaja Kopernika","label":[18.555366,54.436321],"label_r_km":0.038,"sea_km":1.48,"parts":2,"samples":[[18.55544,54.43649]]},"geometry":{"type":"MultiPolygon","coordinates":[[[[18.55603058,54.43667465],[18.55597439,54.43675936],[18.55596344,54.43675824],[18.55597586,54.43674211],[18.55599586,54.43671632],[18.55597186,54.43670976],[18.55591805,54.43675359],[18.55589136,54.43675085],[18.55560306,54.43672171],[18.55552203,54.43671338],[18.55522416,54.43668294],[18.55503953,54.43665081],[18.55488768,54.43662447],[18.55461524,54.43658332],[18.55460288,54.43658148],[18.55425295,54.43651984],[18.55378917,54.43645009],[18.55364691,54.43642657],[18.55370476,54.43637446],[18.55377256,54.43633786],[18.55383996,54.43631976],[18.55392635,54.43631344],[18.55403386,54.43632004],[18.5540905,54.43623416],[18.55360777,54.43619926],[18.55353727,54.43630848],[18.55313169,54.4362222],[18.55320511,54.43610174],[18.55323075,54.43605994],[18.55321639,54.43605748],[18.55320855,54.43607045],[18.5531611,54.43606061],[18.55316895,54.43604772],[18.55311641,54.43603584],[18.55289336,54.43551876],[18.55295986,54.43500513],[18.55360904,54.43546619],[18.55422202,54.43580392],[18.55441333,54.43584905],[18.55437435,54.43593376],[18.55502129,54.43596205],[18.55577762,54.43598913],[18.55595649,54.4359831],[18.55651363,54.43597082],[18.55693101,54.43596001],[18.55696569,54.43593711],[18.55711798,54.43583588],[18.55721766,54.4359011],[18.55741634,54.43602794],[18.55745265,54.43601088],[18.55717371,54.43583104],[18.55767039,54.43566874],[18.55792988,54.43591353],[18.55796492,54.43590946],[18.55821967,54.43614416],[18.55771175,54.43620962],[18.55769551,54.43622122],[18.55770867,54.43622856],[18.55769184,54.43623717],[18.55736747,54.43632241],[18.55705938,54.43637989],[18.55673034,54.43641402],[18.55645364,54.4364233],[18.55650083,54.43644787],[18.55650261,54.43646479],[18.55626697,54.43645129],[18.55624458,54.43645581],[18.55611868,54.43651428],[18.5560769,54.43658294],[18.55607399,54.43662476],[18.55605178,54.43662423],[18.55602714,54.43666474],[18.55601541,54.43667429],[18.55603058,54.43667465]]],[[[18.55738008,54.4363308],[18.55738563,54.43633068],[18.5574317,54.43633037],[18.55747809,54.43633016],[18.55752649,54.43632985],[18.5575266,54.43633856],[18.55752667,54.43634178],[18.55747892,54.43637587],[18.5574793,54.43639574],[18.5574329,54.43639596],[18.55738682,54.43639626],[18.55733936,54.43639657],[18.55733923,54.43638731],[18.55733106,54.43638744],[18.55732988,54.43633444],[18.55737996,54.43633412],[18.55738008,54.4363308]]]]}},{"type":"Feature","properties":{"postcode":"81-847","address_count":27,"both_agree_count":27,"source_conflict_count":0,"unresolved_count":0,"area_m2":38610,"support100_pct":92,"streets":"Józefa Conrada; Władysława Reymonta","label":[18.555476,54.435393],"label_r_km":0.065,"sea_km":1.48,"parts":1,"samples":[[18.55346,54.43491],[18.55516,54.43491],[18.55516,54.4359],[18.55686,54.43491],[18.55686,54.4359]]},"geometry":{"type":"Polygon","coordinates":[[[18.55422202,54.43580392],[18.55360904,54.43546619],[18.55295986,54.43500513],[18.55292602,54.43495024],[18.5528674,54.43487993],[18.55261429,54.43462263],[18.5540321,54.43467755],[18.55498777,54.43455756],[18.55492007,54.43471054],[18.55521122,54.43474621],[18.55521216,54.4347365],[18.55523878,54.43467645],[18.55526499,54.43459637],[18.55526827,54.43458935],[18.55554367,54.43462186],[18.55548153,54.43477911],[18.55589617,54.43482994],[18.55592973,54.43473581],[18.55600206,54.43472721],[18.55605609,54.43456318],[18.55645329,54.43461184],[18.55652809,54.43443288],[18.55650515,54.43441205],[18.55653555,54.43441542],[18.55671832,54.43443632],[18.55666094,54.43445608],[18.55657443,54.43465674],[18.55707662,54.43478668],[18.55709909,54.43475082],[18.55716803,54.43476551],[18.55749581,54.43483182],[18.55746098,54.43488841],[18.55741371,54.43498224],[18.55745371,54.43498808],[18.55746129,54.43499011],[18.55795528,54.43506123],[18.55794313,54.43509777],[18.55791717,54.43517156],[18.55791278,54.43518865],[18.55790286,54.43521853],[18.55788465,54.43527333],[18.55786277,54.4353312],[18.55785745,54.43534749],[18.55782843,54.43536675],[18.55779207,54.43539064],[18.55756662,54.43553974],[18.5575411,54.43555658],[18.55767039,54.43566874],[18.55717371,54.43583104],[18.55745265,54.43601088],[18.55741634,54.43602794],[18.55721766,54.4359011],[18.55711798,54.43583588],[18.55696569,54.43593711],[18.55693101,54.43596001],[18.55651363,54.43597082],[18.55595649,54.4359831],[18.55577762,54.43598913],[18.55502129,54.43596205],[18.55437435,54.43593376],[18.55441333,54.43584905],[18.55422202,54.43580392]]]}},{"type":"Feature","properties":{"postcode":"81-848","address_count":5,"both_agree_count":5,"source_conflict_count":0,"unresolved_count":0,"area_m2":3609,"support100_pct":100,"streets":"Jana Długosza","label":[18.559074,54.43277],"label_r_km":0.015,"sea_km":1.17,"parts":1,"samples":[[18.559074,54.43277]]},"geometry":{"type":"Polygon","coordinates":[[[18.5597387,54.43325771],[18.55976511,54.43302479],[18.55958625,54.43301834],[18.5595545,54.43301876],[18.55955097,54.43298616],[18.55956792,54.43295054],[18.55953253,54.43290828],[18.55935881,54.43299848],[18.55929589,54.4330013],[18.55930856,54.43296321],[18.55928458,54.43294579],[18.55905746,54.43293759],[18.55898775,54.43317187],[18.55874853,54.43314593],[18.55875846,54.433106],[18.55880274,54.43292844],[18.55863609,54.43292244],[18.5586362,54.43291868],[18.55866564,54.43289782],[18.55867197,54.4328788],[18.55876867,54.43288215],[18.55878623,54.43270013],[18.55879613,54.43259057],[18.55907197,54.43263332],[18.55942733,54.43268853],[18.55932697,54.43290157],[18.55958738,54.43290981],[18.55962208,54.43283615],[18.55978313,54.43278695],[18.55978393,54.43278698],[18.55990815,54.43283061],[18.5603878,54.43293615],[18.56032504,54.43301359],[18.56020429,54.43301081],[18.56020117,54.43304155],[18.56020103,54.43304308],[18.56017905,54.43326141],[18.56017428,54.43330752],[18.55994168,54.43328192],[18.55984984,54.43327183],[18.5597387,54.43325771]]]}},{"type":"Feature","properties":{"postcode":"81-849","address_count":21,"both_agree_count":19,"source_conflict_count":2,"unresolved_count":0,"area_m2":20310,"support100_pct":80,"streets":"Armii Krajowej","label":[18.559684,54.432017],"label_r_km":0.041,"sea_km":1.09,"parts":4,"samples":[[18.56009,54.43148]]},"geometry":{"type":"MultiPolygon","coordinates":[[[[18.55840659,54.43224215],[18.55844579,54.43215933],[18.55841232,54.43213846],[18.55839923,54.43202047],[18.55841158,54.43200535],[18.55847222,54.43197149],[18.55862677,54.43194788],[18.55865425,54.43192298],[18.5587644,54.4318539],[18.55880389,54.43186889],[18.55880754,54.431866],[18.55881639,54.43185913],[18.55885315,54.43183066],[18.55899025,54.43172508],[18.55907366,54.43161509],[18.55908678,54.43159301],[18.55929542,54.43162655],[18.55951074,54.43166113],[18.55959701,54.4315009],[18.55970048,54.43132496],[18.55985268,54.43135494],[18.5601588,54.43115518],[18.56026756,54.43102677],[18.56032272,54.4309877],[18.56049777,54.43107994],[18.5603857,54.43118314],[18.56030645,54.43129268],[18.56034691,54.43133346],[18.56065375,54.43139336],[18.56067264,54.43146367],[18.5606544,54.43151311],[18.56073053,54.43152826],[18.56069587,54.43163075],[18.56065751,54.43174413],[18.56051604,54.43172161],[18.56046881,54.43182919],[18.56042098,54.43193831],[18.5603773,54.43204687],[18.56037301,54.43204761],[18.56054799,54.43207572],[18.56054207,54.43209327],[18.56073367,54.43208456],[18.56079833,54.43213483],[18.56076344,54.43215514],[18.56072083,54.43219486],[18.56068485,54.43233636],[18.5606957,54.43236996],[18.5606592,54.43242947],[18.56065957,54.43242641],[18.56058493,54.43242227],[18.56053404,54.43241954],[18.56051917,54.43242698],[18.5600441,54.43236879],[18.55991677,54.43247163],[18.55979602,54.43246707],[18.55964744,54.4327823],[18.55978313,54.43278695],[18.55962208,54.43283615],[18.55958738,54.43290981],[18.55932697,54.43290157],[18.55942733,54.43268853],[18.55907197,54.43263332],[18.55879613,54.43259057],[18.55880448,54.43250149],[18.55880771,54.43246643],[18.55881916,54.43234518],[18.55882252,54.43230923],[18.55840659,54.43224215]]],[[[18.55935881,54.43299848],[18.55953253,54.43290828],[18.55956792,54.43295054],[18.55955097,54.43298616],[18.5595545,54.43301876],[18.55936089,54.43301093],[18.55935881,54.43299848]]],[[[18.55796492,54.43590946],[18.55792988,54.43591353],[18.55767039,54.43566874],[18.5575411,54.43555658],[18.55756662,54.43553974],[18.55834902,54.43565913],[18.55834278,54.43567016],[18.55855623,54.43570834],[18.55850775,54.4354992],[18.55859483,54.43533672],[18.55874935,54.43536012],[18.55874251,54.43537637],[18.55909991,54.43542116],[18.55920415,54.43543613],[18.55913154,54.43564958],[18.55916797,54.43565466],[18.55920378,54.43572946],[18.55919455,54.43574828],[18.55917709,54.43574649],[18.55904232,54.4357313],[18.55898067,54.43573051],[18.5588762,54.4357442],[18.55879174,54.43576669],[18.55853861,54.43586373],[18.55841468,54.43616311],[18.55821967,54.43614416],[18.55796492,54.43590946]]],[[[18.55976511,54.43302479],[18.5597387,54.43325771],[18.55948685,54.43323479],[18.55955028,54.43303656],[18.55958625,54.43301834],[18.55976511,54.43302479]]]]}},{"type":"Feature","properties":{"postcode":"81-850","address_count":41,"both_agree_count":39,"source_conflict_count":0,"unresolved_count":2,"area_m2":114889,"support100_pct":77,"streets":"3 Maja; Jana Kochanowskiego","label":[18.564511,54.43398],"label_r_km":0.068,"sea_km":1.12,"parts":2,"samples":[[18.55323,54.43403],[18.55493,54.43403],[18.56002,54.43502],[18.56172,54.43502],[18.56342,54.43304],[18.56342,54.43403],[18.56342,54.43502],[18.56342,54.43601],[18.56512,54.43403],[18.56512,54.43502]]},"geometry":{"type":"MultiPolygon","coordinates":[[[[18.5540321,54.43467755],[18.55261429,54.43462263],[18.55067823,54.4334999],[18.55198798,54.4330332],[18.55222533,54.43308025],[18.55401383,54.43352882],[18.55508517,54.4339615],[18.55524336,54.43398738],[18.55525156,54.43396832],[18.55578832,54.43401231],[18.55580513,54.43401367],[18.55604922,54.43403366],[18.55596618,54.43429738],[18.55616541,54.43431952],[18.55616563,54.43433225],[18.55668279,54.43437726],[18.55672677,54.43435485],[18.55720041,54.43443725],[18.55723972,54.43442457],[18.55725179,54.4343848],[18.55731631,54.43439197],[18.557364,54.43403416],[18.55749875,54.43404854],[18.55774571,54.43407642],[18.55812496,54.43411897],[18.55825632,54.4340773],[18.5582802,54.43410019],[18.55843916,54.43425246],[18.558478,54.43429788],[18.55871757,54.43442568],[18.55871689,54.43444153],[18.55881658,54.43452082],[18.55880563,54.43455597],[18.55887006,54.43456336],[18.55888689,54.43457676],[18.55940696,54.43462415],[18.55942952,54.4346172],[18.55956385,54.43463206],[18.55962013,54.43446478],[18.55965866,54.43435077],[18.56008941,54.43439522],[18.56017236,54.43440376],[18.5602605,54.43440862],[18.56026343,54.43441062],[18.56070845,54.43446355],[18.56084427,54.43456663],[18.5608249,54.4347705],[18.56105071,54.43479534],[18.56106018,54.43479638],[18.5610567,54.43479798],[18.56094767,54.43490407],[18.560733,54.43487991],[18.56065915,54.43518478],[18.56064034,54.43520308],[18.56035077,54.43524339],[18.56013776,54.43519831],[18.56012871,54.43519823],[18.56011582,54.43524764],[18.56010205,54.43530062],[18.5600729,54.4352986],[18.55989347,54.43528515],[18.55968551,54.43526957],[18.55972157,54.43515674],[18.5596117,54.43513906],[18.55960435,54.43516134],[18.55959517,54.43518878],[18.55958629,54.4352155],[18.55957681,54.4352442],[18.55966897,54.43525456],[18.55966482,54.43526734],[18.55945785,54.43524557],[18.55946741,54.4352121],[18.55948023,54.43516882],[18.55954372,54.43497617],[18.55931096,54.43495038],[18.55930564,54.43496658],[18.55893164,54.43492492],[18.55894286,54.43489793],[18.5587784,54.43486852],[18.5587716,54.43486099],[18.55869162,54.43485556],[18.55868657,54.43486774],[18.55854253,54.43484545],[18.55816243,54.43481968],[18.55811277,54.43485545],[18.55805227,54.43497036],[18.55797496,54.43500786],[18.5579698,54.43500708],[18.55795528,54.43506123],[18.55746129,54.43499011],[18.55745371,54.43498808],[18.55741371,54.43498224],[18.55746098,54.43488841],[18.55749581,54.43483182],[18.55716803,54.43476551],[18.55709909,54.43475082],[18.55707662,54.43478668],[18.55657443,54.43465674],[18.55666094,54.43445608],[18.55671832,54.43443632],[18.55653555,54.43441542],[18.55650515,54.43441205],[18.55652809,54.43443288],[18.55645329,54.43461184],[18.55605609,54.43456318],[18.55600206,54.43472721],[18.55592973,54.43473581],[18.55589617,54.43482994],[18.55548153,54.43477911],[18.55554367,54.43462186],[18.55526827,54.43458935],[18.55526499,54.43459637],[18.55523878,54.43467645],[18.55521216,54.4347365],[18.55521122,54.43474621],[18.55492007,54.43471054],[18.55498777,54.43455756],[18.5540321,54.43467755]]],[[[18.56204383,54.43572833],[18.56199101,54.43571603],[18.5619086,54.43554228],[18.56192456,54.43545864],[18.56186825,54.43545477],[18.56191385,54.43521719],[18.56188731,54.43521474],[18.56187299,54.43512899],[18.56194557,54.43513645],[18.56198709,54.43514066],[18.56199991,54.43507519],[18.56193077,54.43506733],[18.56167874,54.43507624],[18.56164755,54.43509453],[18.56167225,54.43498426],[18.56170717,54.43487799],[18.56204301,54.43491246],[18.56204833,54.43489653],[18.56206734,54.43479968],[18.56207766,54.43475436],[18.56201418,54.43474462],[18.56200779,54.4347152],[18.56201694,54.43470723],[18.56208668,54.43471451],[18.56213424,54.43446255],[18.56216548,54.43428999],[18.56250435,54.4343212],[18.56246409,54.43446801],[18.56272088,54.43438962],[18.56298268,54.43437893],[18.56298317,54.4343787],[18.56299369,54.43435575],[18.56300127,54.43433587],[18.56302949,54.43431435],[18.56307848,54.43418969],[18.56341765,54.4341297],[18.56349401,54.43414164],[18.56309036,54.43396913],[18.56300453,54.433902],[18.56304161,54.43380406],[18.56313103,54.43357041],[18.5630493,54.43355669],[18.56260283,54.43354493],[18.56250428,54.43349426],[18.56283668,54.4334929],[18.5628375,54.43348616],[18.56287239,54.433163],[18.56309235,54.43318884],[18.56310139,54.43316292],[18.56326326,54.43317744],[18.56336414,54.43297086],[18.56343037,54.43297928],[18.56371596,54.43254309],[18.56365139,54.43266804],[18.56433949,54.43274444],[18.56468304,54.43295255],[18.56474953,54.43301607],[18.56464119,54.43334522],[18.5648011,54.43316218],[18.5648461,54.43310835],[18.56510436,54.43335509],[18.56546211,54.43338617],[18.56584027,54.43377808],[18.56632404,54.43417591],[18.56636358,54.434389],[18.56630608,54.43441711],[18.56625171,54.43440944],[18.56596794,54.43452946],[18.5659406,54.43460245],[18.56592325,54.43464715],[18.56546234,54.43463349],[18.56534073,54.4346626],[18.56529936,54.43470112],[18.56530437,54.43482542],[18.56517206,54.43493132],[18.56515975,54.43517148],[18.56511699,54.43525274],[18.5649944,54.43523669],[18.56497933,54.43527243],[18.56489705,54.43526374],[18.56485096,54.43525854],[18.56483792,54.43525707],[18.5645756,54.43525478],[18.56448748,54.43522012],[18.56387139,54.43515608],[18.5636972,54.43524464],[18.56362699,54.43542092],[18.56368405,54.43551307],[18.56373195,54.43609728],[18.56366682,54.43616062],[18.56360575,54.43619969],[18.56323583,54.43610254],[18.56319601,54.43607747],[18.56323716,54.43594901],[18.56295008,54.43592265],[18.56292744,54.4359084],[18.56281908,54.43589705],[18.56284742,54.43579396],[18.56204123,54.43574093],[18.56204383,54.43572833]]]]}},{"type":"Feature","properties":{"postcode":"81-851","address_count":1,"both_agree_count":1,"source_conflict_count":0,"unresolved_count":0,"area_m2":978,"support100_pct":100,"streets":"Aleja Niepodległości","label":[18.561119,54.435492],"label_r_km":0.013,"sea_km":1.21,"parts":1,"samples":[[18.561119,54.435492]]},"geometry":{"type":"Polygon","coordinates":[[[18.56095995,54.4353598],[18.56113365,54.43537194],[18.56119013,54.43537733],[18.56120322,54.43532172],[18.56134036,54.4353306],[18.56142913,54.43541012],[18.5612439,54.43563872],[18.56102576,54.43562319],[18.56103372,54.43559377],[18.5609232,54.43558648],[18.56090391,54.4355237],[18.56081692,54.4355176],[18.56081606,54.43552192],[18.56080772,54.43552142],[18.56078459,54.43553159],[18.56076715,54.43551819],[18.56076205,54.43551741],[18.56078454,54.43541506],[18.56079842,54.43541607],[18.56082048,54.43540582],[18.560839,54.43541885],[18.56086676,54.43542088],[18.56087165,54.43541858],[18.56085129,54.43535231],[18.56095995,54.4353598]]]}},{"type":"Feature","properties":{"postcode":"81-852","address_count":23,"both_agree_count":23,"source_conflict_count":0,"unresolved_count":0,"area_m2":59772,"support100_pct":67,"streets":"Jana Kasprowicza","label":[18.555736,54.433144],"label_r_km":0.089,"sea_km":1.23,"parts":1,"samples":[[18.55284,54.43314],[18.55454,54.43215],[18.55454,54.43314],[18.55624,54.43314],[18.55624,54.43412]]},"geometry":{"type":"Polygon","coordinates":[[[18.55524336,54.43398738],[18.55508517,54.4339615],[18.55401383,54.43352882],[18.55222533,54.43308025],[18.55198798,54.4330332],[18.55259459,54.43265385],[18.5537809,54.43165173],[18.5559721,54.43235122],[18.55598938,54.43231179],[18.55634995,54.43236475],[18.55648769,54.43238505],[18.55655038,54.43239428],[18.5566378,54.43243108],[18.55668011,54.43244885],[18.55685334,54.43252811],[18.55705311,54.43261119],[18.55719859,54.43266731],[18.55722264,54.43268022],[18.55738877,54.43274738],[18.55749016,54.43300818],[18.55746567,54.43301128],[18.55745506,54.433041],[18.55748025,54.43303778],[18.557487,54.43314988],[18.55748741,54.43315697],[18.55749571,54.43329161],[18.55749679,54.43330284],[18.55751155,54.43353888],[18.55750951,54.43357043],[18.55746475,54.43356561],[18.55746691,54.43359883],[18.55748049,54.43379365],[18.55748161,54.43380748],[18.5574862,54.43386307],[18.55749244,54.433936],[18.55749361,54.43395431],[18.55749875,54.43404854],[18.557364,54.43403416],[18.55731631,54.43439197],[18.55725179,54.4343848],[18.55723972,54.43442457],[18.55720041,54.43443725],[18.55672677,54.43435485],[18.55668279,54.43437726],[18.55616563,54.43433225],[18.55616541,54.43431952],[18.55596618,54.43429738],[18.55604922,54.43403366],[18.55580513,54.43401367],[18.55578832,54.43401231],[18.55525156,54.43396832],[18.55524336,54.43398738]]]}},{"type":"Feature","properties":{"postcode":"81-853","address_count":37,"both_agree_count":34,"source_conflict_count":0,"unresolved_count":3,"area_m2":65631,"support100_pct":100,"streets":"Aleja Niepodległości","label":[18.561386,54.433709],"label_r_km":0.076,"sea_km":1.28,"parts":3,"samples":[[18.56041,54.43246],[18.56041,54.43345],[18.56211,54.43246],[18.56211,54.43345],[18.56211,54.43444]]},"geometry":{"type":"MultiPolygon","coordinates":[[[[18.5600441,54.43236879],[18.56051917,54.43242698],[18.56053404,54.43241954],[18.56058493,54.43242227],[18.56065957,54.43242641],[18.5606592,54.43242947],[18.5606957,54.43236996],[18.56068485,54.43233636],[18.56072083,54.43219486],[18.56076344,54.43215514],[18.56079832,54.43213483],[18.56079833,54.43213483],[18.56083468,54.43211366],[18.56086955,54.43210495],[18.5610073,54.43211216],[18.56111309,54.4320861],[18.56118973,54.43208883],[18.56130102,54.43209278],[18.56156288,54.43220343],[18.56156085,54.43222645],[18.56163471,54.43222925],[18.56163209,54.43225429],[18.561944,54.43223842],[18.56197174,54.43196938],[18.56198392,54.43196995],[18.56196303,54.43217741],[18.56198831,54.43217819],[18.56198386,54.43221371],[18.5619812,54.43223652],[18.56223181,54.43222377],[18.56241007,54.43223104],[18.56241009,54.4322147],[18.56275922,54.43219693],[18.56271444,54.43225442],[18.56281102,54.43234076],[18.56290141,54.43249334],[18.56303371,54.43249784],[18.56313664,54.43248479],[18.56302533,54.43261729],[18.56288377,54.43307266],[18.56287239,54.433163],[18.5628375,54.43348616],[18.56283668,54.4334929],[18.56250428,54.43349426],[18.56260283,54.43354493],[18.5630493,54.43355669],[18.56313103,54.43357041],[18.56304161,54.43380406],[18.56300453,54.433902],[18.56309036,54.43396913],[18.56349401,54.43414164],[18.56341765,54.4341297],[18.56307848,54.43418969],[18.56302949,54.43431435],[18.56300127,54.43433587],[18.56299369,54.43435575],[18.56298317,54.4343787],[18.56298268,54.43437893],[18.56272088,54.43438962],[18.56246409,54.43446801],[18.56250435,54.4343212],[18.56216548,54.43428999],[18.56213424,54.43446255],[18.56208668,54.43471451],[18.56201694,54.43470723],[18.56200779,54.4347152],[18.56201418,54.43474462],[18.56207766,54.43475436],[18.56206734,54.43479968],[18.56204833,54.43489653],[18.56204301,54.43491246],[18.56170717,54.43487799],[18.56167225,54.43498426],[18.56164755,54.43509453],[18.56167874,54.43507624],[18.56193077,54.43506733],[18.56199991,54.43507519],[18.56198709,54.43514066],[18.56194557,54.43513645],[18.56187299,54.43512899],[18.56188731,54.43521474],[18.56191385,54.43521719],[18.56186825,54.43545477],[18.56192456,54.43545864],[18.5619086,54.43554228],[18.56199101,54.43571603],[18.56204383,54.43572833],[18.56204123,54.43574093],[18.56284742,54.43579396],[18.56281908,54.43589705],[18.56292744,54.4359084],[18.56295008,54.43592265],[18.56281541,54.43591028],[18.56269272,54.43634741],[18.56268401,54.43637674],[18.56252352,54.43639626],[18.56240269,54.43638487],[18.56229637,54.43637477],[18.56233538,54.43624218],[18.56220647,54.43613933],[18.56211252,54.4361476],[18.56211001,54.43615946],[18.56190315,54.43614642],[18.56189732,54.43616654],[18.56178635,54.43617631],[18.56173538,54.43613742],[18.56162124,54.43613319],[18.56162238,54.43612769],[18.56145686,54.43611722],[18.56134363,54.43610967],[18.56134096,54.43612279],[18.5612144,54.4361181],[18.56115918,54.43617959],[18.56106515,54.4361723],[18.56106607,54.43616728],[18.56104864,54.43616601],[18.56096872,54.43616055],[18.56096781,54.43616475],[18.56077757,54.43615001],[18.56063364,54.4361825],[18.56059353,54.43617954],[18.56042983,54.4361661],[18.56040091,54.43616394],[18.56022414,54.43610589],[18.56017896,54.43610258],[18.56011016,54.4360975],[18.56006773,54.43609438],[18.56000648,54.4360899],[18.5598286,54.43607689],[18.55990199,54.43592049],[18.56003669,54.43593163],[18.56009854,54.43594573],[18.56009194,54.43588044],[18.56014664,54.4358907],[18.56014179,54.43591911],[18.5601799,54.4359219],[18.56019478,54.43586101],[18.56024008,54.43584804],[18.56023397,54.43584079],[18.5602768,54.43582854],[18.5602888,54.43584349],[18.5604007,54.43588976],[18.56039912,54.43593777],[18.56072264,54.43596116],[18.56072323,54.43595936],[18.56075232,54.43583191],[18.560798,54.43583628],[18.56081856,54.43576342],[18.560797,54.43567325],[18.56083103,54.43565899],[18.56084769,54.43566022],[18.56101259,54.43567177],[18.56103372,54.43559377],[18.56102576,54.43562319],[18.5612439,54.43563872],[18.56142913,54.43541012],[18.56134036,54.4353306],[18.56120322,54.43532172],[18.56119013,54.43537733],[18.56113365,54.43537194],[18.56095995,54.4353598],[18.56085129,54.43535231],[18.56079997,54.43534878],[18.5606224,54.43533648],[18.5606532,54.43520935],[18.56064034,54.43520308],[18.56065915,54.43518478],[18.560733,54.43487991],[18.56094767,54.43490407],[18.5610567,54.43479798],[18.56106018,54.43479638],[18.56105071,54.43479534],[18.5608249,54.4347705],[18.56084427,54.43456663],[18.56070845,54.43446355],[18.56026343,54.43441062],[18.5602605,54.43440862],[18.56017236,54.43440376],[18.56008941,54.43439522],[18.55965866,54.43435077],[18.55968827,54.43426249],[18.55955916,54.43424896],[18.55958638,54.43419698],[18.55965326,54.43420398],[18.55969092,54.43408342],[18.55972799,54.43396537],[18.55976536,54.43384589],[18.55980154,54.4337308],[18.55984566,54.43373515],[18.55994108,54.43362597],[18.56005569,54.43352479],[18.56009099,54.43350505],[18.56004351,54.43341234],[18.56004169,54.43340653],[18.56016301,54.43341863],[18.56017428,54.43330752],[18.56017905,54.43326141],[18.56020103,54.43304308],[18.56020117,54.43304155],[18.56020429,54.43301081],[18.56032504,54.43301359],[18.5603878,54.43293615],[18.55990815,54.43283061],[18.55978393,54.43278698],[18.55978313,54.43278695],[18.55964744,54.4327823],[18.55979602,54.43246707],[18.55991677,54.43247163],[18.5600441,54.43236879]],[[18.56102493,54.4352098],[18.56099033,54.43505711],[18.56098804,54.43505441],[18.56099888,54.43505013],[18.56099371,54.435044],[18.56098226,54.43504702],[18.56098028,54.43504458],[18.5609712,54.43504338],[18.56096053,54.43504559],[18.56095183,54.43505149],[18.56095026,54.43506848],[18.56094183,54.43512158],[18.56091783,54.43518838],[18.56089346,54.4352318],[18.56089214,54.43524015],[18.56090191,54.43524963],[18.56093218,54.43525927],[18.56097522,54.43527291],[18.56097908,54.43527239],[18.56104297,54.43523917],[18.56104237,54.43523827],[18.56102493,54.4352098]]],[[[18.55998049,54.4361598],[18.55999103,54.43609824],[18.56000445,54.43609944],[18.55999164,54.43615614],[18.55998049,54.4361598]]],[[[18.56318466,54.43611288],[18.56319601,54.43607747],[18.56323583,54.43610254],[18.56318466,54.43611288]]]]}},{"type":"Feature","properties":{"postcode":"81-854","address_count":29,"both_agree_count":23,"source_conflict_count":6,"unresolved_count":0,"area_m2":50732,"support100_pct":98,"streets":"Aleja Niepodległości","label":[18.562282,54.431651],"label_r_km":0.04,"sea_km":1.06,"parts":1,"samples":[[18.56116,54.43107],[18.56116,54.43206]]},"geometry":{"type":"MultiPolygon","coordinates":[[[[18.56142372,54.43021025],[18.56141754,54.43014091],[18.56156619,54.42990088],[18.56145355,54.42987424],[18.56145565,54.42983232],[18.56131514,54.42984151],[18.56125096,54.42982634],[18.56091444,54.42975018],[18.56087427,54.4297411],[18.56084518,54.42971642],[18.56086554,54.42968222],[18.56088583,54.42968679],[18.56100422,54.42950826],[18.56100743,54.42950645],[18.56114043,54.42922606],[18.56114674,54.429213],[18.56126096,54.42902433],[18.56130134,54.42895712],[18.56135395,54.42887152],[18.56114341,54.4288459],[18.56104507,54.42876478],[18.56106292,54.42868357],[18.56111557,54.42855574],[18.56112957,54.42852082],[18.5616001,54.4285826],[18.56171155,54.42859718],[18.56182713,54.42857553],[18.56191771,54.42858427],[18.56195622,54.42841419],[18.56166887,54.42838247],[18.56147773,54.42836799],[18.56151975,54.42818308],[18.56158808,54.42796291],[18.56153528,54.42795578],[18.56154163,54.42792439],[18.56157682,54.42776997],[18.56128131,54.42772822],[18.56129177,54.42768172],[18.56188478,54.42776548],[18.56129351,54.42767452],[18.56130615,54.4276184],[18.56155643,54.42748544],[18.56177734,54.42736806],[18.56203374,54.42723192],[18.56244216,54.4272833],[18.56246019,54.42718142],[18.5624449,54.42717961],[18.56193775,54.42712105],[18.56206901,54.4266227],[18.56257637,54.42666427],[18.56276403,54.42668478],[18.56274938,54.42674445],[18.56284211,54.42688698],[18.56266696,54.4271731],[18.56264116,54.42718433],[18.56261093,54.42730055],[18.56261482,54.42744965],[18.56266197,54.42760124],[18.56266413,54.42760319],[18.56265957,54.42765741],[18.56241695,54.42788804],[18.56241632,54.42789054],[18.56240983,54.42799931],[18.56233217,54.4281158],[18.56247939,54.42831714],[18.56236909,54.4285171],[18.56236736,54.42851809],[18.56231539,54.42879173],[18.56236861,54.42889495],[18.56220005,54.42906534],[18.56204155,54.42913092],[18.56203736,54.42915199],[18.56201696,54.42924787],[18.56224008,54.42941981],[18.56225625,54.42947851],[18.56200884,54.42973843],[18.56230545,54.42973917],[18.56235712,54.42953512],[18.56233418,54.42977331],[18.56280812,54.42983526],[18.56278427,54.42996151],[18.56268331,54.43000484],[18.56266609,54.43000293],[18.56261995,54.43004565],[18.56262326,54.43005383],[18.5627594,54.43006936],[18.56273351,54.43020424],[18.56268011,54.43019458],[18.56269184,54.43022364],[18.56261786,54.43025378],[18.5626109,54.43025279],[18.56258202,54.43024862],[18.56256305,54.43029219],[18.56250313,54.43028312],[18.56240065,54.43035018],[18.56236857,54.43033837],[18.56236024,54.43035943],[18.56232318,54.43044849],[18.56233019,54.4304557],[18.56233745,54.43045145],[18.56258498,54.43057689],[18.56257459,54.43058368],[18.56245851,54.43065915],[18.5625372,54.43070047],[18.56244904,54.43075596],[18.56235547,54.43075343],[18.56235114,54.43079801],[18.56246729,54.43080149],[18.56253017,54.43086292],[18.56253007,54.43086363],[18.56255158,54.43090949],[18.56255038,54.43091973],[18.56255645,54.4309199],[18.56263852,54.43109488],[18.56263985,54.43109572],[18.56264078,54.43108525],[18.56285213,54.43110115],[18.56280409,54.43116094],[18.56270683,54.43113811],[18.56273434,54.43115552],[18.56275135,54.43117894],[18.56278379,54.43118637],[18.5627641,54.43121091],[18.56274152,54.43123904],[18.56270986,54.43127863],[18.56285041,54.43131089],[18.56285863,54.43131965],[18.56291279,54.4315695],[18.56294007,54.43159837],[18.56283031,54.43183563],[18.56280923,54.43202378],[18.56282768,54.43210905],[18.56275922,54.43219693],[18.56241009,54.4322147],[18.56241007,54.43223104],[18.56223181,54.43222377],[18.5619812,54.43223652],[18.56198386,54.43221371],[18.56198831,54.43217819],[18.56196303,54.43217741],[18.56198392,54.43196995],[18.56197174,54.43196938],[18.561944,54.43223842],[18.56163209,54.43225429],[18.56163471,54.43222925],[18.56156085,54.43222645],[18.56156288,54.43220343],[18.56130102,54.43209278],[18.56118973,54.43208883],[18.56111309,54.4320861],[18.5610073,54.43211216],[18.56086955,54.43210495],[18.56083468,54.43211366],[18.56079833,54.43213483],[18.56079832,54.43213483],[18.56073367,54.43208456],[18.56054207,54.43209327],[18.56054799,54.43207572],[18.56037301,54.43204761],[18.5603773,54.43204687],[18.56042098,54.43193831],[18.56046881,54.43182919],[18.56051604,54.43172161],[18.56065751,54.43174413],[18.56106185,54.43180982],[18.5611093,54.43181885],[18.56111811,54.43182106],[18.56112247,54.43177926],[18.56121312,54.43162395],[18.56122471,54.43162623],[18.56116971,54.43171821],[18.56118533,54.43172147],[18.56115776,54.43177901],[18.56120581,54.43178777],[18.56123416,54.43173175],[18.56125858,54.43173694],[18.5613171,54.43164413],[18.56133078,54.43164679],[18.561312,54.43161696],[18.561325,54.43152437],[18.56122506,54.43150521],[18.56132445,54.43133557],[18.56110038,54.43129088],[18.56093854,54.43129917],[18.56085977,54.43143359],[18.56065375,54.43139337],[18.56065375,54.43139336],[18.56034691,54.43133346],[18.56030645,54.43129268],[18.5603857,54.43118314],[18.56049777,54.43107994],[18.56032272,54.4309877],[18.56033361,54.43097998],[18.56047567,54.43088723],[18.56069491,54.43077067],[18.56069906,54.43076833],[18.56120679,54.43064471],[18.5612682,54.43065983],[18.5614999,54.4305416],[18.56164941,54.43050991],[18.56139674,54.43032223],[18.56148628,54.43026913],[18.56144719,54.43021607],[18.56142372,54.43021025]]]]}},{"type":"Feature","properties":{"postcode":"81-855","address_count":76,"both_agree_count":75,"source_conflict_count":0,"unresolved_count":1,"area_m2":367813,"support100_pct":62,"streets":"Aleja Niepodległości; Platanowa; Rzemieślnicza","label":[18.556145,54.421648],"label_r_km":0.128,"sea_km":0.18,"parts":2,"samples":[[18.55342,54.42122],[18.55512,54.42122],[18.55512,54.42221],[18.55682,54.42023],[18.55682,54.42122],[18.55682,54.42221],[18.55682,54.4232],[18.55682,54.42418],[18.55852,54.42221],[18.55852,54.4232],[18.55852,54.42418],[18.55852,54.42517],[18.56022,54.4232],[18.56022,54.42418],[18.56022,54.42517],[18.56022,54.42616],[18.56191,54.4232],[18.56191,54.42418],[18.56191,54.42517],[18.56191,54.42616],[18.56361,54.42418],[18.56361,54.42517],[18.56361,54.42616],[18.56361,54.42715],[18.56361,54.42814],[18.56361,54.42913],[18.56361,54.43012],[18.56531,54.42616],[18.56531,54.42715]]},"geometry":{"type":"MultiPolygon","coordinates":[[[[18.56061334,54.42628809],[18.56002762,54.42616933],[18.55997384,54.42619293],[18.55957649,54.42621578],[18.55894241,54.42616199],[18.55844404,54.42594294],[18.5581316,54.4259681],[18.55814346,54.42592178],[18.55815008,54.42592121],[18.55835672,54.42590456],[18.55828314,54.42587222],[18.55508814,54.42262566],[18.55256832,54.42146761],[18.55269645,54.4214418],[18.55270526,54.42144003],[18.55270577,54.42143992],[18.55286532,54.42140779],[18.55296351,54.42137341],[18.55346981,54.42119613],[18.5540209,54.42092075],[18.55464189,54.42066561],[18.55543054,54.42039039],[18.55594927,54.42016213],[18.55610186,54.42011792],[18.55611137,54.42011517],[18.55715349,54.41981324],[18.55743094,54.41973285],[18.5576508,54.4201082],[18.55778928,54.42033383],[18.55779827,54.42034848],[18.55779831,54.42034855],[18.55782884,54.42039753],[18.55819564,54.42098607],[18.55843523,54.42143814],[18.55855427,54.42166275],[18.55860489,54.42175309],[18.55861806,54.4217766],[18.55888049,54.42224496],[18.55917322,54.42276261],[18.5592178,54.42285168],[18.55924978,54.42291559],[18.55925999,54.422936],[18.55927456,54.42296486],[18.55930829,54.42303227],[18.5593083,54.42303227],[18.55947209,54.42301888],[18.55955423,54.42301217],[18.55957808,54.42301019],[18.55966606,54.42300287],[18.55970291,54.42299981],[18.55970259,54.42295444],[18.56035094,54.42272835],[18.5606627,54.42262052],[18.5607726,54.42258258],[18.5608389,54.42255969],[18.56090857,54.42253623],[18.56090919,54.42253602],[18.5609639,54.4225176],[18.56097662,54.42251399],[18.56100731,54.42250527],[18.56109343,54.42248079],[18.5612019,54.42245582],[18.56122767,54.42244989],[18.56128456,54.42243945],[18.56136537,54.42242463],[18.56150578,54.42240511],[18.56165383,54.42239193],[18.56168215,54.42238915],[18.56185954,54.42237175],[18.56243586,54.42295243],[18.56244032,54.42295691],[18.56246758,54.42298427],[18.56247796,54.42299467],[18.5624804,54.42299712],[18.56248882,54.42300555],[18.56255134,54.42306812],[18.56262527,54.42314209],[18.56270578,54.42322265],[18.56274424,54.42326114],[18.56281798,54.42333528],[18.56289288,54.4234111],[18.56300547,54.42352506],[18.5630156,54.42353523],[18.56301844,54.42353809],[18.56303344,54.42355314],[18.5631153,54.42363551],[18.56319637,54.42371698],[18.56327059,54.42379156],[18.56353228,54.42380741],[18.56356736,54.42380962],[18.56356793,54.42380966],[18.56361849,54.42381285],[18.56361892,54.42381288],[18.56361952,54.42381292],[18.56375353,54.42382249],[18.56376536,54.42382333],[18.56386078,54.42383014],[18.56393883,54.42383597],[18.56407947,54.42384484],[18.56411355,54.4238472],[18.5643036,54.42385153],[18.56445417,54.42385495],[18.56491444,54.42386532],[18.56489967,54.42390457],[18.56495099,54.42390491],[18.56493504,54.42397704],[18.56492661,54.42401437],[18.56490514,54.42411141],[18.56488181,54.42421823],[18.56507611,54.42434234],[18.56480263,54.42484455],[18.5649065,54.42485946],[18.5648997,54.42487536],[18.56506458,54.42490898],[18.56504592,54.42491352],[18.56498162,54.42493224],[18.56490799,54.42522575],[18.56544365,54.42527517],[18.56554603,54.42523516],[18.56565188,54.42524536],[18.56598699,54.42527739],[18.56598512,54.42528443],[18.56684573,54.42542137],[18.56687491,54.4254885],[18.56648282,54.42617789],[18.56663765,54.4265055],[18.56673759,54.42658861],[18.56662071,54.42699414],[18.56568855,54.42753491],[18.5655626,54.4279412],[18.56539189,54.42798614],[18.56528631,54.42815096],[18.56523772,54.4282253],[18.56512854,54.42839859],[18.56494474,54.4286927],[18.5648627,54.42882327],[18.56479719,54.42902339],[18.5647688,54.42911032],[18.56470742,54.42929748],[18.56467489,54.42939682],[18.564639,54.42951029],[18.56461368,54.42958524],[18.56456696,54.42972351],[18.56455232,54.42985526],[18.5645215,54.42986603],[18.56444416,54.43011172],[18.56439936,54.4301485],[18.56413772,54.43012689],[18.56402326,54.43011751],[18.56395326,54.43021637],[18.56395417,54.43033924],[18.56337405,54.43045495],[18.5629562,54.43031328],[18.56296159,54.43030551],[18.56290762,54.43028159],[18.5627842,54.43022674],[18.56276941,54.43024995],[18.56269184,54.43022364],[18.56268011,54.43019458],[18.56273351,54.43020424],[18.5627594,54.43006936],[18.56262326,54.43005383],[18.56261995,54.43004565],[18.56266609,54.43000293],[18.56268331,54.43000484],[18.56278427,54.42996151],[18.56280812,54.42983526],[18.56233418,54.42977331],[18.56235712,54.42953512],[18.56230545,54.42973917],[18.56200884,54.42973843],[18.56225625,54.42947851],[18.56224008,54.42941981],[18.56201696,54.42924787],[18.56203736,54.42915199],[18.56204155,54.42913092],[18.56220005,54.42906534],[18.56236861,54.42889495],[18.56231539,54.42879173],[18.56236736,54.42851809],[18.56236909,54.4285171],[18.56247939,54.42831714],[18.56233217,54.4281158],[18.56240983,54.42799931],[18.56241632,54.42789054],[18.56241695,54.42788804],[18.56265957,54.42765741],[18.56266413,54.42760319],[18.56266197,54.42760124],[18.56261482,54.42744965],[18.56261093,54.42730055],[18.56264116,54.42718433],[18.56266696,54.4271731],[18.56284211,54.42688698],[18.56274938,54.42674445],[18.56276403,54.42668478],[18.56257637,54.42666427],[18.56206901,54.4266227],[18.56187322,54.42660546],[18.56174197,54.42659393],[18.56158956,54.42662799],[18.56156209,54.42662559],[18.56155803,54.42663503],[18.56155381,54.42663597],[18.5615276,54.42662155],[18.56154586,54.4265767],[18.56150775,54.42657328],[18.56148859,54.42660007],[18.56146284,54.42658589],[18.5614695,54.42657005],[18.5610832,54.42653707],[18.56089037,54.42652072],[18.56089725,54.42648304],[18.56093169,54.42629726],[18.56077079,54.42628354],[18.56071731,54.426497],[18.56071313,54.42650663],[18.56056086,54.42649359],[18.56061334,54.42628809]],[[18.56294151,54.42399788],[18.56287638,54.42400457],[18.56281738,54.42400022],[18.56277776,54.4239856],[18.56269271,54.42393702],[18.56265742,54.42392035],[18.56261377,54.42390778],[18.56257008,54.42389935],[18.56253226,54.42390398],[18.56250835,54.42391909],[18.56250582,54.42393976],[18.5625269,54.42395772],[18.56256796,54.42398205],[18.56261737,54.42401873],[18.56266185,54.42405476],[18.5626934,54.4240894],[18.56270723,54.42412253],[18.562714,54.42415285],[18.56271378,54.4241729],[18.56271478,54.42419493],[18.56272523,54.42421322],[18.56276614,54.42425094],[18.56280045,54.42425799],[18.56284526,54.42426301],[18.56290599,54.42427869],[18.5629437,54.42429923],[18.56297179,54.4243255],[18.56299029,54.42435451],[18.56300429,54.42437254],[18.56302792,54.42438297],[18.5630438,54.42438267],[18.56305631,54.424381],[18.56306813,54.42437134],[18.56307915,54.42434935],[18.5630921,54.42429213],[18.56309524,54.42421429],[18.56307795,54.42417215],[18.5630512,54.42413618],[18.56302211,54.42408852],[18.5630249,54.42405815],[18.56306298,54.42402934],[18.56309156,54.42400948],[18.5631,54.42399845],[18.56308235,54.42399084],[18.56304213,54.42398862],[18.56294151,54.42399788]],[[18.56097134,54.42441444],[18.5609204,54.42441974],[18.56086096,54.42444164],[18.56083944,54.4244643],[18.560825,54.42448906],[18.56083075,54.42451318],[18.56084918,54.42454911],[18.56087043,54.42466642],[18.56088748,54.42473058],[18.56092022,54.42476864],[18.56096722,54.42479983],[18.56102386,54.42480902],[18.56109591,54.42480443],[18.56117785,54.4247827],[18.56119823,54.42475104],[18.5611926,54.42473034],[18.56115736,54.42470954],[18.56110548,54.42468795],[18.56104921,54.42464361],[18.56100377,54.42458213],[18.56100048,54.42455794],[18.56102102,54.4245118],[18.56103329,54.42447463],[18.56102778,54.42444152],[18.56100315,54.42442417],[18.56097134,54.42441444]],[[18.56046951,54.42389407],[18.56042981,54.42387253],[18.56038705,54.42386275],[18.56032643,54.42386595],[18.56023714,54.42388225],[18.56016558,54.42389862],[18.56009733,54.42393793],[18.55998959,54.42399238],[18.55998229,54.42401159],[18.56003146,54.42405591],[18.56011395,54.42408453],[18.56028664,54.42408309],[18.56039096,54.42406001],[18.56047818,54.4240205],[18.56049675,54.42399971],[18.56050539,54.42397007],[18.56049711,54.42392275],[18.56046951,54.42389407]],[[18.56063596,54.42577306],[18.56070725,54.42578248],[18.56080877,54.42578996],[18.56091822,54.42579233],[18.56100088,54.42579002],[18.56107468,54.42578049],[18.56112168,54.42576898],[18.56114211,54.42574694],[18.5611503,54.42570202],[18.56115816,54.42565925],[18.56114833,54.42562685],[18.56112434,54.42557759],[18.56111115,54.42554248],[18.56106716,54.42550312],[18.5610165,54.42549772],[18.56094917,54.42550764],[18.560851,54.42553173],[18.56080883,54.42555433],[18.56074796,54.42558018],[18.56069546,54.42558691],[18.56054533,54.42559814],[18.56044825,54.42560669],[18.56040772,54.42560528],[18.56037253,54.42560866],[18.56033553,54.42562291],[18.56031184,54.42564691],[18.56031709,54.42567426],[18.56033577,54.42570103],[18.56038805,54.42571462],[18.56053806,54.42574411],[18.56063596,54.42577306]],[[18.56136752,54.42564617],[18.56160252,54.42560018],[18.56162514,54.42557509],[18.56163419,54.42556506],[18.56163471,54.42551687],[18.56161271,54.42548299],[18.56157267,54.42546459],[18.56148342,54.42546301],[18.56141407,54.42547445],[18.561387,54.42549646],[18.56137106,54.42553156],[18.56135932,54.42557709],[18.56130105,54.42560421],[18.56126051,54.42563274],[18.56126037,54.42564578],[18.56129605,54.42565373],[18.56136752,54.42564617]]],[[[18.56665059,54.42697681],[18.56676177,54.42660871],[18.56697684,54.42678754],[18.56665059,54.42697681]]]]}},{"type":"Feature","properties":{"postcode":"81-856","address_count":6,"both_agree_count":6,"source_conflict_count":0,"unresolved_count":0,"area_m2":22911,"support100_pct":100,"streets":"Kasztanowa","label":[18.566144,54.424545],"label_r_km":0.071,"sea_km":0.33,"parts":1,"samples":[[18.56565,54.42428]]},"geometry":{"type":"Polygon","coordinates":[[[18.56489967,54.42390457],[18.56491444,54.42386532],[18.56544872,54.42387734],[18.56546201,54.42387764],[18.5657243,54.42387913],[18.56599116,54.42388064],[18.56612568,54.42388154],[18.56713513,54.42378705],[18.56714896,54.42378629],[18.56730619,54.42469078],[18.56697124,54.42497133],[18.56688914,54.42512218],[18.56684573,54.42542137],[18.56598512,54.42528443],[18.56598699,54.42527739],[18.56565188,54.42524536],[18.56554603,54.42523516],[18.56544365,54.42527517],[18.56490799,54.42522575],[18.56498162,54.42493224],[18.56504592,54.42491352],[18.56506458,54.42490898],[18.5648997,54.42487536],[18.5649065,54.42485946],[18.56480263,54.42484455],[18.56507611,54.42434234],[18.56488181,54.42421823],[18.56490514,54.42411141],[18.56492661,54.42401437],[18.56493504,54.42397704],[18.56495099,54.42390491],[18.56489967,54.42390457]]]}},{"type":"Feature","properties":{"postcode":"81-857","address_count":5,"both_agree_count":5,"source_conflict_count":0,"unresolved_count":0,"area_m2":5856,"support100_pct":100,"streets":"Boczna","label":[18.560311,54.435552],"label_r_km":0.029,"sea_km":1.25,"parts":1,"samples":[[18.56004,54.43569]]},"geometry":{"type":"Polygon","coordinates":[[[18.56078454,54.43541506],[18.56076205,54.43551741],[18.56076715,54.43551819],[18.56078459,54.43553159],[18.56080772,54.43552142],[18.56081606,54.43552192],[18.56081692,54.4355176],[18.56090391,54.4355237],[18.5609232,54.43558648],[18.56103372,54.43559377],[18.56101259,54.43567177],[18.56084769,54.43566022],[18.56083103,54.43565899],[18.560797,54.43567325],[18.56081856,54.43576342],[18.560798,54.43583628],[18.56075232,54.43583191],[18.56072323,54.43595936],[18.56072264,54.43596116],[18.56039912,54.43593777],[18.5604007,54.43588976],[18.5602888,54.43584349],[18.5602768,54.43582854],[18.56023397,54.43584079],[18.56024008,54.43584804],[18.56019478,54.43586101],[18.5601799,54.4359219],[18.56014179,54.43591911],[18.56014664,54.4358907],[18.56009194,54.43588044],[18.55971357,54.43580124],[18.5595725,54.43578689],[18.55919455,54.43574828],[18.55920378,54.43572946],[18.55929612,54.43567249],[18.55939945,54.43568688],[18.55940124,54.43568239],[18.55939335,54.43568134],[18.55933329,54.43567318],[18.55936131,54.43560306],[18.55942308,54.43561149],[18.55943095,54.43561253],[18.55945843,54.43554789],[18.55951835,54.43555687],[18.55953999,54.43550519],[18.55947868,54.43549568],[18.55948823,54.435473],[18.55963907,54.43549252],[18.55968551,54.43526957],[18.55989347,54.43528515],[18.5600729,54.4352986],[18.56010205,54.43530062],[18.56011582,54.43524764],[18.56012871,54.43519823],[18.56013776,54.43519831],[18.56035077,54.43524339],[18.56064034,54.43520308],[18.5606532,54.43520935],[18.5606224,54.43533648],[18.56079997,54.43534878],[18.56085129,54.43535231],[18.56087165,54.43541858],[18.56086676,54.43542088],[18.560839,54.43541885],[18.56082048,54.43540582],[18.56079842,54.43541607],[18.56078454,54.43541506]]]}},{"type":"Feature","properties":{"postcode":"81-859","address_count":13,"both_agree_count":10,"source_conflict_count":0,"unresolved_count":3,"area_m2":44858,"support100_pct":81,"streets":"Jana z Kolna","label":[18.563703,54.431931],"label_r_km":0.054,"sea_km":1.04,"parts":3,"samples":[[18.5632,54.4314],[18.5632,54.43239],[18.5649,54.42943],[18.5649,54.43041],[18.5649,54.4314]]},"geometry":{"type":"MultiPolygon","coordinates":[[[[18.56275135,54.43117894],[18.56273434,54.43115552],[18.56270683,54.43113811],[18.56280409,54.43116094],[18.56285213,54.43110115],[18.56264078,54.43108525],[18.56263985,54.43109572],[18.56263852,54.43109488],[18.56255645,54.4309199],[18.56255038,54.43091973],[18.56255158,54.43090949],[18.56253007,54.43086363],[18.56253017,54.43086292],[18.56246729,54.43080149],[18.56235114,54.43079801],[18.56235547,54.43075343],[18.56244904,54.43075596],[18.5625372,54.43070047],[18.56245851,54.43065915],[18.56257459,54.43058368],[18.56258498,54.43057689],[18.56251533,54.4305416],[18.56293423,54.43059203],[18.56333797,54.43048052],[18.56323819,54.43075148],[18.56325308,54.43076992],[18.56325228,54.43077045],[18.56325426,54.43077139],[18.56347056,54.43103939],[18.56348671,54.43104767],[18.56363723,54.43103604],[18.5638429,54.43118752],[18.56429415,54.43119694],[18.56512918,54.43106135],[18.56526364,54.43128768],[18.56475163,54.43177297],[18.56469307,54.43181138],[18.56449627,54.43209435],[18.56433949,54.43274444],[18.56365139,54.43266804],[18.56371596,54.43254309],[18.56343037,54.43297928],[18.56336414,54.43297086],[18.56326326,54.43317744],[18.56310139,54.43316292],[18.56309235,54.43318884],[18.56287239,54.433163],[18.56288377,54.43307266],[18.56302533,54.43261729],[18.56313664,54.43248479],[18.56303371,54.43249784],[18.56290141,54.43249334],[18.56281102,54.43234076],[18.56271444,54.43225442],[18.56282768,54.43210905],[18.56280923,54.43202378],[18.56283031,54.43183563],[18.56294007,54.43159837],[18.56291279,54.4315695],[18.56285863,54.43131965],[18.56285041,54.43131089],[18.56270986,54.43127863],[18.56274152,54.43123904],[18.5627641,54.43121091],[18.56278379,54.43118637],[18.56275135,54.43117894]]],[[[18.56479719,54.42902339],[18.5648627,54.42882327],[18.56494474,54.4286927],[18.56512854,54.42839859],[18.56523772,54.4282253],[18.56528631,54.42815096],[18.56539189,54.42798614],[18.5655626,54.4279412],[18.56623746,54.42832323],[18.56618904,54.42848747],[18.56580497,54.42885903],[18.56534009,54.42903091],[18.56526956,54.42922036],[18.56563819,54.42954446],[18.56571646,54.42977607],[18.56571141,54.4297925],[18.56569898,54.42985141],[18.56574349,54.42985606],[18.56575187,54.42988085],[18.56578939,54.42991122],[18.56577673,54.42996176],[18.56499282,54.43074669],[18.56421062,54.43048707],[18.56407542,54.43040913],[18.56408416,54.43039039],[18.56406645,54.43040397],[18.56395417,54.43033924],[18.56395326,54.43021637],[18.56402326,54.43011751],[18.56413772,54.43012689],[18.56439936,54.4301485],[18.56444416,54.43011172],[18.5645215,54.42986603],[18.56455232,54.42985526],[18.56456696,54.42972351],[18.56461368,54.42958524],[18.564639,54.42951029],[18.56467489,54.42939682],[18.56470742,54.42929748],[18.5647688,54.42911032],[18.56479719,54.42902339]]],[[[18.56631402,54.42836656],[18.56620215,54.42847479],[18.56624827,54.42832934],[18.56631402,54.42836656]]]]}},{"type":"Feature","properties":{"postcode":"81-860","address_count":7,"both_agree_count":7,"source_conflict_count":0,"unresolved_count":0,"area_m2":13794,"support100_pct":100,"streets":"Tomasza Pokorniewskiego","label":[18.557898,54.44927],"label_r_km":0.043,"sea_km":0.67,"parts":1,"samples":[[18.5579,54.44898],[18.5579,54.44997]]},"geometry":{"type":"Polygon","coordinates":[[[18.55708405,54.44918425],[18.55717391,54.44903492],[18.55737629,54.44890071],[18.55719111,54.44877598],[18.55725263,54.44874291],[18.55751956,54.44891651],[18.55766549,54.44879797],[18.55778869,54.44869786],[18.55776203,54.44868495],[18.55792771,54.44860648],[18.55803249,54.44865648],[18.55813552,54.44856858],[18.55812698,54.44856466],[18.5581896,54.44848684],[18.55841113,54.44855401],[18.55858529,54.44860558],[18.55849444,54.44876175],[18.5586486,54.44885811],[18.5588722,54.44891015],[18.55866293,54.44920225],[18.55856903,54.44933709],[18.55848559,54.4494594],[18.55811575,54.45000592],[18.55828534,54.45000522],[18.55856513,54.45005204],[18.55844997,54.45010933],[18.55760192,54.45017292],[18.55705827,54.44977243],[18.55707386,54.44970956],[18.55705416,54.44970445],[18.55709399,54.44965171],[18.55708854,54.4496503],[18.55711961,54.44952505],[18.5571491,54.4495086],[18.55712704,54.44949503],[18.55713598,54.449459],[18.55712007,54.44944917],[18.55712436,54.44944663],[18.55715833,54.44942751],[18.55714572,54.44941972],[18.55715496,54.44938244],[18.55712991,54.449367],[18.55713428,54.44936436],[18.55711113,54.44934808],[18.55707843,54.44927755],[18.55708405,54.44918425]]]}},{"type":"Feature","properties":{"postcode":"81-861","address_count":52,"both_agree_count":51,"source_conflict_count":0,"unresolved_count":1,"area_m2":203256,"support100_pct":88,"streets":"Aleja Niepodległości","label":[18.553816,54.461134],"label_r_km":0.095,"sea_km":0.55,"parts":3,"samples":[[18.5531,54.45953],[18.5531,54.46052],[18.5531,54.46151],[18.5548,54.45063],[18.5548,54.45162],[18.5548,54.45261],[18.5548,54.45558],[18.5548,54.45657],[18.5548,54.45755],[18.5548,54.45854],[18.5548,54.45953],[18.5548,54.46052],[18.5548,54.46151],[18.55649,54.44964],[18.55649,54.45063],[18.55649,54.45162],[18.55649,54.45261],[18.55649,54.45657]]},"geometry":{"type":"MultiPolygon","coordinates":[[[[18.55459598,54.45215774],[18.55404284,54.45215803],[18.55399456,54.45191622],[18.55399988,54.45166503],[18.55330371,54.45158451],[18.55319253,54.45096199],[18.55317033,54.45089494],[18.55318036,54.45089382],[18.55317181,54.45084594],[18.5535371,54.45080171],[18.55352745,54.45077265],[18.5535149,54.45073254],[18.55350363,54.45069753],[18.5536117,54.45070636],[18.5539136,54.45060963],[18.55397891,54.45056973],[18.55399939,54.45056876],[18.55396437,54.45049616],[18.554039,54.45048558],[18.55402869,54.45046352],[18.55412933,54.45044896],[18.55411324,54.4504113],[18.55410242,54.4503861],[18.55400179,54.45040076],[18.55399253,54.450377],[18.55415203,54.45034976],[18.55414249,54.45030515],[18.55411596,54.45016717],[18.55415786,54.45011847],[18.55433415,54.45005459],[18.5543464,54.45005974],[18.55444947,54.45000784],[18.55447314,54.45001541],[18.55448239,54.45020916],[18.55449281,54.45007928],[18.55453676,54.44997738],[18.55454471,54.44996516],[18.55477097,54.4499541],[18.55490009,54.44997098],[18.55538348,54.44963468],[18.55545865,54.44962356],[18.55562245,54.44949465],[18.55595117,54.44938016],[18.55601336,54.44934722],[18.55602723,54.44934898],[18.55626422,54.44921995],[18.55639982,54.44914611],[18.5564506,54.44917238],[18.55617551,54.44936777],[18.55629792,54.44938327],[18.55666577,54.44936735],[18.55671017,54.44939562],[18.55677906,54.44943995],[18.55691635,54.44936556],[18.55690291,54.44935709],[18.55711113,54.44934808],[18.55713428,54.44936436],[18.55712991,54.449367],[18.55715496,54.44938244],[18.55714572,54.44941972],[18.55715833,54.44942751],[18.55712436,54.44944663],[18.55712007,54.44944917],[18.55713598,54.449459],[18.55712704,54.44949503],[18.5571491,54.4495086],[18.55711961,54.44952505],[18.55708854,54.4496503],[18.55709399,54.44965171],[18.55705416,54.44970445],[18.55707386,54.44970956],[18.55705827,54.44977243],[18.55760192,54.45017292],[18.55738198,54.45030504],[18.55716316,54.45099614],[18.55729882,54.45121133],[18.55734556,54.4512637],[18.55730041,54.45133013],[18.55699401,54.45178085],[18.55686134,54.45196943],[18.55674437,54.45215514],[18.55669042,54.45215601],[18.55635892,54.45271376],[18.55629441,54.45273158],[18.55621642,54.45288162],[18.55612327,54.45288044],[18.55606709,54.45296694],[18.55611558,54.45301802],[18.55606409,54.453086],[18.55561649,54.45291696],[18.55560975,54.45291963],[18.55550988,54.452958],[18.55549426,54.45289708],[18.5551793,54.45284827],[18.5551791,54.45280589],[18.55515255,54.45270162],[18.55513176,54.45270351],[18.55512009,54.45279772],[18.5548803,54.45279594],[18.55486515,54.45272423],[18.55451157,54.45275675],[18.55455288,54.45247032],[18.55456551,54.45238967],[18.55458355,54.45225285],[18.55457892,54.45225269],[18.55458367,54.45221592],[18.5545883,54.45221617],[18.55459598,54.45215774]]],[[[18.55700344,54.45344074],[18.55612232,54.45310799],[18.55615613,54.45305198],[18.55624962,54.45289674],[18.55674437,54.45215514],[18.55695826,54.45215783],[18.55787812,54.45215727],[18.55807498,54.45215714],[18.55812444,54.4523278],[18.55779202,54.45254492],[18.55766473,54.45264003],[18.55723052,54.45334654],[18.55700344,54.45344074]]],[[[18.55303951,54.45951305],[18.55329942,54.45926286],[18.55334893,54.45901644],[18.55335371,54.45899684],[18.55336124,54.45856031],[18.55331998,54.45847128],[18.55332977,54.45844336],[18.55355657,54.4583158],[18.55388911,54.45788121],[18.55371515,54.45784912],[18.55388784,54.45776792],[18.55343517,54.45744759],[18.55387533,54.45682901],[18.55392904,54.4567921],[18.55419286,54.45671073],[18.55419943,54.45670384],[18.55438835,54.45618966],[18.55439937,54.45616074],[18.55446052,54.45584411],[18.55453965,54.45580753],[18.55468805,54.45545488],[18.55497835,54.45485788],[18.55511684,54.45466588],[18.55519514,54.45470989],[18.55550772,54.45474538],[18.55553057,54.45491796],[18.55555334,54.45509078],[18.55555513,54.45510437],[18.55555342,54.45543339],[18.55553429,54.45563685],[18.5563479,54.45607314],[18.55634649,54.45608381],[18.5570004,54.45647755],[18.55711654,54.45654745],[18.5566185,54.45674871],[18.55649516,54.45696215],[18.55651349,54.45701692],[18.55675834,54.45691145],[18.55710777,54.4567641],[18.5571316,54.45678214],[18.55664954,54.4569619],[18.55651558,54.45702317],[18.55656733,54.45717786],[18.55636388,54.45750889],[18.55669615,54.45752213],[18.55572323,54.45753029],[18.55559781,54.45784524],[18.55543025,54.4582602],[18.55541962,54.45831772],[18.55509402,54.45852873],[18.55486866,54.45888127],[18.55486086,54.4589743],[18.55488232,54.45898499],[18.55490227,54.45895703],[18.55492553,54.45893302],[18.55496709,54.4589048],[18.55501753,54.45888328],[18.55505977,54.45887104],[18.55512119,54.45886231],[18.5551984,54.45885818],[18.55522923,54.45885814],[18.55525885,54.45885899],[18.55522395,54.45891135],[18.55545721,54.45890758],[18.55541704,54.45894676],[18.55550506,54.45903575],[18.55547248,54.45906735],[18.5555984,54.45912983],[18.55567736,54.4592097],[18.55566961,54.4593446],[18.55561996,54.45934447],[18.5556058,54.45936924],[18.55564926,54.45939025],[18.55550073,54.45963889],[18.55534308,54.45979487],[18.5550953,54.45970707],[18.55504928,54.45975921],[18.55486774,54.46003029],[18.55486503,54.46003524],[18.55486525,54.46004037],[18.55488213,54.46006814],[18.55498329,54.46015941],[18.55500629,54.46018401],[18.55499886,54.46019213],[18.55511658,54.46024523],[18.55492589,54.46039532],[18.55541492,54.46111648],[18.55554671,54.46168573],[18.55550074,54.4617644],[18.55556599,54.46253966],[18.55554139,54.46253844],[18.55547923,54.4625039],[18.55543572,54.46247972],[18.55532939,54.46233808],[18.55532322,54.46223496],[18.55527599,54.46222035],[18.55519887,54.46222032],[18.55513178,54.4622203],[18.55500431,54.46221379],[18.55500403,54.46221373],[18.55493254,54.46219848],[18.55489736,54.46219975],[18.5548707,54.46220071],[18.55483496,54.46220199],[18.55479197,54.4622165],[18.55475453,54.46222913],[18.5546557,54.46222024],[18.5546518,54.46222097],[18.55459016,54.46223249],[18.55453864,54.46222749],[18.55452469,54.46222614],[18.5545125,54.46223924],[18.55449261,54.46226061],[18.55440282,54.46225797],[18.55436171,54.46223786],[18.55435314,54.46223367],[18.55430321,54.46223623],[18.55427152,54.46222173],[18.55424237,54.46220839],[18.55415146,54.46220288],[18.55411025,54.46220019],[18.55403617,54.46223063],[18.55403534,54.46223071],[18.55402324,54.46223191],[18.55399285,54.46223491],[18.55397333,54.46223684],[18.55395169,54.46224463],[18.5539461,54.46224665],[18.5539233,54.46225486],[18.55381953,54.46226819],[18.5537285,54.46226481],[18.55369901,54.46226371],[18.55346056,54.46223848],[18.55317775,54.46226376],[18.55295596,54.46230817],[18.55266901,54.46234704],[18.55266203,54.46233296],[18.55265451,54.46232062],[18.55263365,54.46228637],[18.5526293,54.46227369],[18.55262305,54.46225542],[18.55263133,54.46224038],[18.5526363,54.46223156],[18.55249376,54.46219447],[18.55247281,54.46218839],[18.55246899,54.46218728],[18.55245346,54.46218277],[18.55242918,54.46217572],[18.55242814,54.46216512],[18.552359,54.46147508],[18.55234178,54.46105522],[18.55224606,54.46064678],[18.55225095,54.46054368],[18.55265996,54.4602781],[18.55293512,54.45993377],[18.55299711,54.45989872],[18.55303951,54.45951305]]]]}},{"type":"Feature","properties":{"postcode":"81-862","address_count":149,"both_agree_count":149,"source_conflict_count":0,"unresolved_count":0,"area_m2":243149,"support100_pct":92,"streets":"Kujawska; Mazowiecka","label":[18.550139,54.459819],"label_r_km":0.159,"sea_km":0.81,"parts":2,"samples":[[18.54419,54.45667],[18.54419,54.45766],[18.54419,54.45865],[18.54419,54.45964],[18.54589,54.45667],[18.54589,54.45766],[18.54589,54.45865],[18.54589,54.45964],[18.54589,54.46063],[18.54759,54.45865],[18.54759,54.45964],[18.54759,54.46063],[18.54928,54.45865],[18.54928,54.45964],[18.54928,54.46063],[18.55098,54.45865],[18.55098,54.45964],[18.55098,54.46063],[18.55098,54.46162],[18.55268,54.45865],[18.55268,54.45964]]},"geometry":{"type":"MultiPolygon","coordinates":[[[[18.54358761,54.46042943],[18.54358741,54.46042701],[18.54358186,54.46032465],[18.54356844,54.46007724],[18.54355772,54.45995465],[18.54355179,54.45968182],[18.54354312,54.45962868],[18.54353988,54.4596088],[18.54351788,54.45947389],[18.5434513,54.4586973],[18.54344147,54.4585828],[18.54342748,54.45838688],[18.54341344,54.45819003],[18.54340597,54.45808585],[18.54340563,54.45808119],[18.54339737,54.45796585],[18.54335977,54.45751582],[18.54333691,54.45724223],[18.54393011,54.45709595],[18.54392764,54.45706799],[18.5438078,54.45691507],[18.54346941,54.4564087],[18.54349272,54.45623582],[18.54351104,54.45617564],[18.54362632,54.45625247],[18.54359181,54.45627859],[18.5437466,54.45634537],[18.54377894,54.45631989],[18.54393327,54.45638693],[18.54390137,54.45641224],[18.54405475,54.45647839],[18.54408771,54.45645147],[18.54424137,54.45651574],[18.54420751,54.45654419],[18.54435826,54.45660937],[18.54451351,54.45667641],[18.54454871,54.45664409],[18.54478942,54.45642476],[18.54480847,54.45640725],[18.54503606,54.45648691],[18.54489639,54.45662985],[18.54506289,54.45668463],[18.54498192,54.45676495],[18.54569013,54.45680812],[18.54574082,54.45670142],[18.54577023,54.45663921],[18.5460236,54.45669798],[18.54597512,54.45676415],[18.54615866,54.45681328],[18.54614216,54.4568359],[18.54641457,54.45684275],[18.54660375,54.45688682],[18.54660117,54.45690947],[18.54666615,54.45691347],[18.54666978,54.45692435],[18.54727467,54.45685144],[18.54727643,54.45683532],[18.54728011,54.45683435],[18.54734426,54.4568436],[18.54747827,54.45691965],[18.54747867,54.45691979],[18.54751184,54.45717515],[18.54735005,54.45725388],[18.54716591,54.45726361],[18.54715707,54.45723714],[18.54695229,54.45726026],[18.54690124,54.45723704],[18.5468563,54.45724344],[18.54673513,54.4572572],[18.54658568,54.45727917],[18.54652304,54.45728835],[18.54659773,54.45740475],[18.54658946,54.45742694],[18.54660222,54.45745545],[18.54660889,54.45747025],[18.54660617,54.45755463],[18.54654457,54.45754762],[18.54650373,54.45765735],[18.54683495,54.45773727],[18.54685055,54.4577446],[18.54708755,54.45774976],[18.54708939,54.45775023],[18.54762019,54.45782127],[18.54774978,54.45781143],[18.54784908,54.4578104],[18.54791639,54.45782367],[18.54817882,54.45791188],[18.54818496,54.45792556],[18.54822108,54.45795669],[18.5482269,54.45798608],[18.54824281,54.45798619],[18.54824182,54.45806159],[18.54830328,54.45837233],[18.54833068,54.4583423],[18.54842792,54.45834824],[18.54841703,54.45838701],[18.54838491,54.458431],[18.54833301,54.45846969],[18.54832359,54.45847502],[18.5483388,54.45855197],[18.5485153,54.45854544],[18.54857764,54.45849679],[18.54864879,54.45840931],[18.54878014,54.4584063],[18.54891394,54.45840317],[18.54905592,54.45839983],[18.549162,54.45839782],[18.54918589,54.45839736],[18.54931601,54.45839487],[18.54941499,54.45839353],[18.54968279,54.45838881],[18.54990476,54.45838277],[18.54995909,54.45837461],[18.54997564,54.45823378],[18.55001836,54.4582255],[18.55022581,54.45822397],[18.55024334,54.45822654],[18.55023033,54.45833807],[18.55026948,54.45833717],[18.55051227,54.45833103],[18.55055066,54.45833005],[18.55080591,54.45830966],[18.55081471,54.45823512],[18.55098695,54.45822395],[18.55103175,54.45817985],[18.55118623,54.45817109],[18.55118418,54.45818314],[18.5512824,54.45818188],[18.55147836,54.45818027],[18.5516508,54.45818263],[18.55167069,54.45818173],[18.55166989,54.45815729],[18.55166895,54.45813394],[18.55197758,54.45813747],[18.55232429,54.45814155],[18.55235992,54.45813016],[18.55237574,54.45812578],[18.55238771,54.45809885],[18.55284958,54.45816897],[18.55285943,54.45814711],[18.55286492,54.45814827],[18.55305706,54.45830431],[18.55332977,54.45844336],[18.55331998,54.45847128],[18.55336124,54.45856031],[18.55335371,54.45899684],[18.55334893,54.45901644],[18.55329942,54.45926286],[18.55303951,54.45951305],[18.55299711,54.45989872],[18.55293512,54.45993377],[18.55265996,54.4602781],[18.55225095,54.46054368],[18.55224606,54.46064678],[18.55234178,54.46105522],[18.552359,54.46147508],[18.55242814,54.46216512],[18.55242918,54.46217572],[18.55242796,54.46217537],[18.55203552,54.46205335],[18.55151433,54.46198125],[18.55150404,54.46197983],[18.55149515,54.4619786],[18.55148917,54.46197777],[18.55136916,54.46196475],[18.55136698,54.46196563],[18.55135876,54.46196894],[18.55135875,54.46196894],[18.55133711,54.46197766],[18.55130121,54.46195839],[18.55130076,54.46195815],[18.55129556,54.46194879],[18.55128053,54.46192176],[18.55122812,54.4619201],[18.55121128,54.46191956],[18.551204,54.46191933],[18.55117491,54.46189984],[18.5511733,54.46189877],[18.55117015,54.46189665],[18.55116976,54.46189639],[18.55085796,54.46185379],[18.55076096,54.46184422],[18.55073049,54.46184122],[18.55070741,54.46183894],[18.55054974,54.46183012],[18.55046679,54.46182548],[18.5503665,54.46181003],[18.55030616,54.46161211],[18.54939498,54.46146796],[18.54871264,54.46136],[18.54871247,54.46135997],[18.54869244,54.46130418],[18.5485768,54.46123044],[18.54854794,54.46121203],[18.54800789,54.46138698],[18.54797153,54.46141117],[18.54789951,54.46145908],[18.54787507,54.46145895],[18.54746288,54.46145674],[18.54746284,54.46143825],[18.54746282,54.46143051],[18.54746268,54.4613722],[18.5458931,54.46079818],[18.54568876,54.4607514],[18.54558493,54.46073495],[18.54556461,54.46073173],[18.54557948,54.46068035],[18.54561559,54.46054132],[18.54560871,54.46041022],[18.5456586,54.46030801],[18.54551131,54.46028786],[18.54547835,54.46026814],[18.54549208,54.46021218],[18.54546329,54.46019292],[18.54527185,54.46017341],[18.54514908,54.46018176],[18.54508844,54.46020913],[18.54496732,54.46026388],[18.54482021,54.46032347],[18.54473616,54.46033286],[18.54460362,54.46033236],[18.54450988,54.46033884],[18.54444726,54.46036359],[18.54440143,54.46040505],[18.54438357,54.46044871],[18.5440873,54.46044397],[18.54358815,54.46043599],[18.54358805,54.46043482],[18.54358761,54.46042943]],[[18.55178893,54.45819098],[18.55182137,54.45818365],[18.55178359,54.45818346],[18.55176083,54.4581901],[18.55177005,54.45819531],[18.55178893,54.45819098]]],[[[18.54542229,54.46048385],[18.54542256,54.46048396],[18.54556446,54.4607317],[18.54556423,54.46073167],[18.5455642,54.46073166],[18.54542229,54.46048385]]]]}},{"type":"Feature","properties":{"postcode":"81-864","address_count":9,"both_agree_count":9,"source_conflict_count":0,"unresolved_count":0,"area_m2":33111,"support100_pct":80,"streets":"Piaskowa","label":[18.551943,54.44528],"label_r_km":0.069,"sea_km":1.21,"parts":1,"samples":[[18.55085,54.44498],[18.55255,54.44498],[18.55255,54.44597]]},"geometry":{"type":"Polygon","coordinates":[[[18.55266614,54.44466517],[18.55388175,54.44473965],[18.55397393,54.44450006],[18.55405244,54.44450302],[18.55416191,54.44433006],[18.55417951,54.44435003],[18.55417121,54.44460828],[18.55315016,54.4453983],[18.55298388,54.44540654],[18.55298517,54.44550632],[18.5531246,54.44547733],[18.5533067,54.44562897],[18.55325721,54.44567483],[18.55307353,54.44565761],[18.55294404,54.44564554],[18.55294343,54.44596647],[18.55273882,54.4460453],[18.55252979,54.44612577],[18.55263775,54.44623147],[18.5524139,54.44631228],[18.55216328,54.44631575],[18.55216206,54.44641944],[18.55216302,54.44643443],[18.55215421,54.4464363],[18.55207062,54.44637484],[18.55204223,54.44616279],[18.55202444,54.44616155],[18.55202503,54.44613535],[18.55154299,54.44613666],[18.55154783,54.44593412],[18.55139712,54.44596489],[18.5513513,54.44592906],[18.55136287,54.44588823],[18.55124206,54.44577237],[18.55095526,54.44562605],[18.55090393,54.4454481],[18.5500041,54.44458513],[18.55078168,54.44431027],[18.55127071,54.44436173],[18.55219563,54.4442291],[18.55207411,54.44388128],[18.55205629,54.44355298],[18.55225541,54.44349286],[18.55221311,54.44392332],[18.55232127,54.4439771],[18.55238568,54.44400914],[18.55236807,54.44464776],[18.55250522,54.44465539],[18.55266614,54.44466517]]]}},{"type":"Feature","properties":{"postcode":"81-865","address_count":6,"both_agree_count":6,"source_conflict_count":0,"unresolved_count":0,"area_m2":4351,"support100_pct":100,"streets":"Słoneczna","label":[18.552711,54.448729],"label_r_km":0.02,"sea_km":0.99,"parts":1,"samples":[[18.55305,54.44873]]},"geometry":{"type":"Polygon","coordinates":[[[18.55226271,54.44880497],[18.55225627,54.44876504],[18.55240395,54.44868845],[18.55224238,54.44867911],[18.55220131,54.44842492],[18.55224766,54.4482378],[18.5525107,54.44831113],[18.55269084,54.44833449],[18.55305118,54.44865485],[18.55372739,54.44882766],[18.55377884,54.44876651],[18.55378427,54.44878364],[18.55378632,54.44880949],[18.55375441,54.4489125],[18.553752,54.44891592],[18.55370064,54.44893008],[18.55369189,54.44896143],[18.55357033,54.44895579],[18.55356893,54.44896658],[18.55350799,54.44896371],[18.55349432,54.44904751],[18.55327019,54.44901574],[18.55323574,54.44901086],[18.55316655,54.44900112],[18.55308343,54.44898937],[18.55306151,54.44898633],[18.55303323,54.44898233],[18.55287367,54.44895978],[18.55274743,54.44893889],[18.5527102,54.44893367],[18.55254585,54.44891044],[18.55240664,54.44881925],[18.55235498,54.44884621],[18.55231449,54.44883006],[18.55226271,54.44880497]]]}},{"type":"Feature","properties":{"postcode":"81-866","address_count":31,"both_agree_count":30,"source_conflict_count":0,"unresolved_count":1,"area_m2":684081,"support100_pct":15,"streets":"Adama Mickiewicza","label":[18.536946,54.436659],"label_r_km":0.281,"sea_km":2.14,"parts":1,"samples":[[18.52889,54.43489],[18.52889,54.43588],[18.52889,54.43687],[18.52889,54.43786],[18.53059,54.4339],[18.53059,54.43489],[18.53059,54.43588],[18.53059,54.43687],[18.53059,54.43786],[18.53229,54.4339],[18.53229,54.43489],[18.53229,54.43588],[18.53229,54.43687],[18.53229,54.43786],[18.53399,54.4339],[18.53399,54.43489],[18.53399,54.43588],[18.53399,54.43687],[18.53399,54.43786],[18.53399,54.43885],[18.53569,54.43489],[18.53569,54.43588],[18.53569,54.43687],[18.53569,54.43786],[18.53569,54.43885],[18.53739,54.43489],[18.53739,54.43588],[18.53739,54.43687],[18.53739,54.43786],[18.53739,54.43885],[18.53909,54.43489],[18.53909,54.43588],[18.53909,54.43687],[18.53909,54.43786],[18.53909,54.43885],[18.54079,54.43489],[18.54079,54.43588],[18.54079,54.43687],[18.54079,54.43786],[18.54079,54.43885],[18.54249,54.43489],[18.54249,54.43588],[18.54249,54.43687],[18.54249,54.43786],[18.54249,54.43885],[18.54419,54.43588],[18.54419,54.43687],[18.54419,54.43786],[18.54419,54.43885],[18.54589,54.43687],[18.54589,54.43786],[18.54589,54.43885],[18.54589,54.43984],[18.54758,54.43885],[18.54928,54.43885]]},"geometry":{"type":"Polygon","coordinates":[[[18.548436,54.43944522],[18.54813499,54.43946905],[18.54812571,54.43943307],[18.54806476,54.43919651],[18.5476263,54.43923534],[18.5476256,54.43921691],[18.54742677,54.43929946],[18.5472123,54.43929595],[18.54698997,54.43944155],[18.54698221,54.43947407],[18.54698878,54.43947721],[18.54698038,54.43948175],[18.54695812,54.4395751],[18.5469446,54.43957535],[18.54684706,54.43957705],[18.54699251,54.43968851],[18.54703557,54.4397389],[18.54706173,54.43978218],[18.54708049,54.43983609],[18.54709296,54.43991608],[18.54709622,54.43998696],[18.54670013,54.43999135],[18.54630498,54.43999575],[18.54612189,54.43999774],[18.5458656,54.44000061],[18.54571818,54.43994944],[18.54561446,54.43986976],[18.54565827,54.4398259],[18.54566665,54.43980744],[18.54566656,54.43978794],[18.54565722,54.4397587],[18.54564682,54.43975264],[18.54549074,54.4397351],[18.54550624,54.43969475],[18.54533377,54.43962555],[18.54505044,54.43969964],[18.54484061,54.43966751],[18.54464923,54.43966239],[18.5445829,54.43965234],[18.54456556,54.43966015],[18.54449292,54.4396582],[18.54448521,54.43965797],[18.5441042,54.43964774],[18.54399614,54.43964768],[18.54362805,54.43972886],[18.54368865,54.43983558],[18.54369273,54.43998058],[18.54369745,54.44015019],[18.54367986,54.440149],[18.54354179,54.44013983],[18.54302737,54.44006631],[18.5429373,54.44041209],[18.54259995,54.44038188],[18.5427192,54.43988792],[18.54274823,54.43980109],[18.53344853,54.43887401],[18.52804193,54.43854907],[18.52805459,54.43845176],[18.5285433,54.43522788],[18.52905467,54.43340557],[18.53677836,54.43400454],[18.53736749,54.43409299],[18.54411847,54.43494263],[18.54438992,54.43497073],[18.54621822,54.43705576],[18.54657502,54.43755674],[18.54724252,54.43779197],[18.54776687,54.43794611],[18.54820628,54.4380502],[18.54848443,54.43825074],[18.54864057,54.43828311],[18.54899387,54.43842103],[18.54925249,54.43842262],[18.5492556,54.43838852],[18.54948876,54.43839743],[18.54967345,54.43837728],[18.5497718,54.43836649],[18.54975089,54.43846192],[18.54975002,54.43846633],[18.54978817,54.43861054],[18.5498185,54.43860824],[18.54984883,54.43860594],[18.54992536,54.43860021],[18.55023303,54.43860069],[18.55030418,54.43887277],[18.55059778,54.43884736],[18.55063808,54.43883002],[18.5506435,54.43884338],[18.55067196,54.43897841],[18.55070787,54.43898775],[18.55043007,54.43919337],[18.55042916,54.43919349],[18.55042931,54.43919393],[18.55031499,54.43927853],[18.55031858,54.43929201],[18.55027071,54.439297],[18.55028424,54.43935174],[18.5502809,54.43935207],[18.55028934,54.43937323],[18.55027276,54.43939714],[18.55020437,54.43940726],[18.55023298,54.43948315],[18.55015854,54.43949517],[18.55003601,54.439634],[18.54970321,54.43956417],[18.54968838,54.43950368],[18.54949719,54.4395219],[18.54925079,54.43946955],[18.54923906,54.43941121],[18.54921027,54.4394135],[18.54918148,54.43941633],[18.54891295,54.43943704],[18.5489502,54.43962896],[18.54875747,54.43970503],[18.54849111,54.43972844],[18.54848358,54.43969514],[18.548436,54.43944522]]]}},{"type":"Feature","properties":{"postcode":"81-867","address_count":6,"both_agree_count":5,"source_conflict_count":1,"unresolved_count":0,"area_m2":5750,"support100_pct":100,"streets":"Ignacego Krasickiego","label":[18.558145,54.439054],"label_r_km":0.019,"sea_km":1.18,"parts":1,"samples":[[18.55855,54.43928]]},"geometry":{"type":"Polygon","coordinates":[[[18.5591862,54.43899551],[18.55919062,54.43899587],[18.559289,54.43896224],[18.55961201,54.4390204],[18.55990233,54.43878677],[18.55992335,54.43879538],[18.56017253,54.4389904],[18.56010418,54.43906881],[18.55999397,54.43906015],[18.55994856,54.43922289],[18.55994501,54.43923242],[18.55989422,54.4392279],[18.55986306,54.43922535],[18.55972991,54.43921671],[18.55965138,54.43921061],[18.5595591,54.43920259],[18.55949842,54.43919732],[18.55936899,54.43926519],[18.5593341,54.43926185],[18.55932746,54.43928696],[18.55928715,54.4393081],[18.55923144,54.43928723],[18.55923206,54.43928514],[18.55922395,54.43928444],[18.55915649,54.43925916],[18.55914923,54.43926119],[18.55914519,54.43927755],[18.5591411,54.43929455],[18.55907351,54.43928911],[18.55900238,54.43928342],[18.55898681,54.4393622],[18.55885658,54.43935174],[18.55859564,54.43933085],[18.55857361,54.43932956],[18.55844739,54.43923368],[18.55842681,54.43923356],[18.5584243,54.43924396],[18.55837091,54.43924025],[18.55836442,54.4392728],[18.5583155,54.43926952],[18.55832185,54.43923706],[18.55826878,54.43923309],[18.55826888,54.43923261],[18.55814192,54.43923186],[18.55793047,54.43929195],[18.55786786,54.43928828],[18.55776476,54.43913897],[18.55776586,54.43913316],[18.55777176,54.43910214],[18.55773797,54.43910017],[18.55770402,54.43905099],[18.55771134,54.43901221],[18.55773201,54.43901355],[18.55773951,54.43897498],[18.55771884,54.43897364],[18.55772474,54.4389427],[18.5577414,54.43894361],[18.55774584,54.43891952],[18.55772406,54.43891827],[18.55773009,54.43888832],[18.55827247,54.4388795],[18.55827299,54.43887932],[18.55856436,54.43894484],[18.55868898,54.43889194],[18.55893861,54.43892026],[18.55904393,54.4389708],[18.55905867,54.43898522],[18.55909778,54.43898847],[18.55914361,54.43899212],[18.5591862,54.43899551]]]}},{"type":"Feature","properties":{"postcode":"81-868","address_count":13,"both_agree_count":12,"source_conflict_count":1,"unresolved_count":0,"area_m2":12643,"support100_pct":100,"streets":"Aleja Niepodległości","label":[18.559741,54.440541],"label_r_km":0.022,"sea_km":1.03,"parts":1,"samples":[[18.56005,54.43949],[18.56005,54.44047]]},"geometry":{"type":"Polygon","coordinates":[[[18.55975399,54.4397731],[18.55979629,54.43977649],[18.55991351,54.43968038],[18.55990447,54.4396189],[18.55988428,54.43961734],[18.55989646,54.43956442],[18.55989584,54.43956027],[18.55988209,54.43955913],[18.55988636,54.43954063],[18.55978537,54.43950304],[18.55980294,54.4394285],[18.55959358,54.43934573],[18.55952273,54.43933941],[18.55950273,54.43941039],[18.5593444,54.43939501],[18.55928715,54.4393081],[18.55932746,54.43928696],[18.5593341,54.43926185],[18.55936899,54.43926519],[18.55949842,54.43919732],[18.5595591,54.43920259],[18.55965138,54.43921061],[18.55972991,54.43921671],[18.55986306,54.43922535],[18.55989422,54.4392279],[18.55994501,54.43923242],[18.55994856,54.43922289],[18.55999397,54.43906015],[18.56010418,54.43906881],[18.56017253,54.4389904],[18.56027202,54.43900428],[18.56027234,54.43900315],[18.56047,54.43901903],[18.5604673,54.43903152],[18.56053907,54.43904153],[18.56048636,54.4392545],[18.56052178,54.43930329],[18.56049503,54.43951017],[18.56054663,54.43954429],[18.56050292,54.4397756],[18.56057118,54.43984951],[18.5605515,54.43990471],[18.5604433,54.43996402],[18.56033283,54.44019636],[18.56037932,54.44023396],[18.56034854,54.44040736],[18.56013908,54.44052902],[18.56012018,54.44061702],[18.56010598,54.44061597],[18.56010524,54.44063104],[18.56007828,54.44065324],[18.56007728,54.44065828],[18.56006467,54.44070632],[18.56004827,54.44075742],[18.56003414,54.44078462],[18.56002662,54.44081423],[18.56002661,54.44088775],[18.56001734,54.44090724],[18.56025967,54.44110035],[18.56004896,54.44133316],[18.56001545,54.4413485],[18.55997425,54.44149306],[18.5595936,54.4415447],[18.55942911,54.44143091],[18.5594236,54.44143047],[18.55920453,54.4414163],[18.55924691,54.44121162],[18.5595094,54.44123304],[18.55956363,54.44101699],[18.55996317,54.44105126],[18.55998335,54.44098189],[18.55938104,54.44093104],[18.55930435,54.44092466],[18.55939445,54.44056953],[18.55939525,54.44056018],[18.55939552,54.44055659],[18.55925957,54.4405459],[18.55931306,54.44030828],[18.55937494,54.44031366],[18.55947634,54.44032253],[18.55979974,54.44034681],[18.55981276,54.44034812],[18.5598322,54.44034707],[18.5599496,54.44017061],[18.55990382,54.4401074],[18.55984604,54.44010259],[18.55984706,54.44009818],[18.5597966,54.44009419],[18.55982358,54.43998185],[18.55986621,54.43998524],[18.55976199,54.43991003],[18.55972269,54.4399073],[18.55972786,54.4398854],[18.55970025,54.43986546],[18.55970828,54.43984865],[18.55972118,54.43983808],[18.55971958,54.43983794],[18.55972265,54.43982499],[18.55973584,54.43982605],[18.55974328,54.43981995],[18.55975399,54.4397731]],[[18.55954069,54.44113164],[18.55952615,54.44118937],[18.55958744,54.44116554],[18.55959487,54.44113634],[18.55954069,54.44113164]]]}},{"type":"Feature","properties":{"postcode":"81-869","address_count":6,"both_agree_count":6,"source_conflict_count":0,"unresolved_count":0,"area_m2":5097,"support100_pct":100,"streets":"Dr Ludwika Zamenhofa","label":[18.559103,54.439624],"label_r_km":0.028,"sea_km":1.1,"parts":1,"samples":[[18.55925,54.43975]]},"geometry":{"type":"Polygon","coordinates":[[[18.55885658,54.43935174],[18.55898681,54.4393622],[18.55900238,54.43928342],[18.55907351,54.43928911],[18.5591411,54.43929455],[18.55914519,54.43927755],[18.55914923,54.43926119],[18.55915649,54.43925916],[18.55922395,54.43928444],[18.55923206,54.43928514],[18.55923144,54.43928723],[18.55928715,54.4393081],[18.5593444,54.43939501],[18.55950273,54.43941039],[18.55952273,54.43933941],[18.55959358,54.43934573],[18.55980294,54.4394285],[18.55978537,54.43950304],[18.55988636,54.43954063],[18.55988209,54.43955913],[18.55989584,54.43956027],[18.55989646,54.43956442],[18.55988428,54.43961734],[18.55990447,54.4396189],[18.55991351,54.43968038],[18.55979629,54.43977649],[18.55975399,54.4397731],[18.55974328,54.43981995],[18.55973584,54.43982605],[18.55972265,54.43982499],[18.55971958,54.43983794],[18.55972118,54.43983808],[18.55970828,54.43984865],[18.55970025,54.43986546],[18.55969237,54.43986704],[18.5596793,54.43992402],[18.55920649,54.43988551],[18.55919242,54.4399402],[18.55916502,54.43993279],[18.55910706,54.43988643],[18.55910942,54.4398776],[18.55899599,54.43986664],[18.55890355,54.43985888],[18.5585059,54.43982659],[18.55849498,54.43988538],[18.55840005,54.43986358],[18.55840958,54.43981669],[18.55844022,54.4396675],[18.5584548,54.43959457],[18.55849166,54.43959683],[18.55854689,54.43960007],[18.55859564,54.43933085],[18.55885658,54.43935174]]]}},{"type":"Feature","properties":{"postcode":"81-870","address_count":25,"both_agree_count":25,"source_conflict_count":0,"unresolved_count":0,"area_m2":19889,"support100_pct":100,"streets":"Armii Krajowej","label":[18.559203,54.433724],"label_r_km":0.038,"sea_km":1.28,"parts":2,"samples":[[18.55842,54.43541]]},"geometry":{"type":"MultiPolygon","coordinates":[[[[18.55888689,54.43457676],[18.55887006,54.43456336],[18.55880563,54.43455597],[18.55881658,54.43452082],[18.55871689,54.43444153],[18.55871757,54.43442568],[18.55882393,54.43434985],[18.55879068,54.43424679],[18.55879233,54.4342466],[18.55871544,54.43402208],[18.5586994,54.43397561],[18.55866762,54.43388286],[18.55857517,54.43387278],[18.5586137,54.43371348],[18.55863178,54.43363811],[18.55864679,54.43357541],[18.55867437,54.43346128],[18.55868137,54.43343204],[18.55871595,54.43328885],[18.55874853,54.43314593],[18.55898775,54.43317187],[18.55905746,54.43293759],[18.55928458,54.43294579],[18.55930856,54.43296321],[18.55929589,54.4330013],[18.55935881,54.43299848],[18.55936089,54.43301093],[18.5595545,54.43301876],[18.55958625,54.43301834],[18.55955028,54.43303656],[18.55948685,54.43323479],[18.5597387,54.43325771],[18.55984984,54.43327183],[18.55994168,54.43328192],[18.56017428,54.43330752],[18.56016301,54.43341863],[18.56004169,54.43340653],[18.56004351,54.43341234],[18.56009099,54.43350505],[18.56005569,54.43352479],[18.55994108,54.43362597],[18.55984566,54.43373515],[18.55980154,54.4337308],[18.55976536,54.43384589],[18.55972799,54.43396537],[18.55969092,54.43408342],[18.55965326,54.43420398],[18.55958638,54.43419698],[18.55955916,54.43424896],[18.55968827,54.43426249],[18.55965866,54.43435077],[18.55962013,54.43446478],[18.55956385,54.43463206],[18.55942952,54.4346172],[18.55940696,54.43462415],[18.55888689,54.43457676]]],[[[18.55791278,54.43518865],[18.55791717,54.43517156],[18.55794313,54.43509777],[18.55795528,54.43506123],[18.5579698,54.43500708],[18.55797496,54.43500786],[18.55805227,54.43497036],[18.55811277,54.43485545],[18.55816243,54.43481968],[18.55854253,54.43484545],[18.55868657,54.43486774],[18.55869162,54.43485556],[18.5587716,54.43486099],[18.5587784,54.43486852],[18.55894286,54.43489793],[18.55893164,54.43492492],[18.55930564,54.43496658],[18.55931096,54.43495038],[18.55954372,54.43497617],[18.55948023,54.43516882],[18.55946741,54.4352121],[18.55945785,54.43524557],[18.55966482,54.43526734],[18.55966897,54.43525456],[18.55957681,54.4352442],[18.55958629,54.4352155],[18.55959517,54.43518878],[18.55960435,54.43516134],[18.5596117,54.43513906],[18.55972157,54.43515674],[18.55968551,54.43526957],[18.55963907,54.43549252],[18.55948823,54.435473],[18.55947868,54.43549568],[18.55953999,54.43550519],[18.55951835,54.43555687],[18.55945843,54.43554789],[18.55943095,54.43561253],[18.55942308,54.43561149],[18.55936131,54.43560306],[18.55933329,54.43567318],[18.55939335,54.43568134],[18.55940124,54.43568239],[18.55939945,54.43568688],[18.55929612,54.43567249],[18.55920378,54.43572946],[18.55916797,54.43565466],[18.55913154,54.43564958],[18.55920415,54.43543613],[18.55909991,54.43542116],[18.55874251,54.43537637],[18.55874935,54.43536012],[18.55859483,54.43533672],[18.55850775,54.4354992],[18.55855623,54.43570834],[18.55834278,54.43567016],[18.55834902,54.43565913],[18.55756662,54.43553974],[18.55779207,54.43539064],[18.55782843,54.43536675],[18.55785745,54.43534749],[18.55786277,54.4353312],[18.55788465,54.43527333],[18.55790286,54.43521853],[18.55791278,54.43518865]]]]}},{"type":"Feature","properties":{"postcode":"81-871","address_count":14,"both_agree_count":7,"source_conflict_count":0,"unresolved_count":7,"area_m2":10669,"support100_pct":100,"streets":"Juliusza Słowackiego","label":[18.558091,54.433388],"label_r_km":0.038,"sea_km":1.24,"parts":1,"samples":[[18.5583,54.43339]]},"geometry":{"type":"Polygon","coordinates":[[[18.55866762,54.43388286],[18.5586994,54.43397561],[18.55871544,54.43402208],[18.55879233,54.4342466],[18.55879068,54.43424679],[18.55882393,54.43434985],[18.55871757,54.43442568],[18.558478,54.43429788],[18.55843916,54.43425246],[18.5582802,54.43410019],[18.55825632,54.4340773],[18.55812496,54.43411897],[18.55774571,54.43407642],[18.55749875,54.43404854],[18.55749361,54.43395431],[18.55749244,54.433936],[18.5574862,54.43386307],[18.55748161,54.43380748],[18.55748049,54.43379365],[18.55746691,54.43359883],[18.55746475,54.43356561],[18.55750951,54.43357043],[18.55751155,54.43353888],[18.55749679,54.43330284],[18.55749571,54.43329161],[18.55748741,54.43315697],[18.557487,54.43314988],[18.55748025,54.43303778],[18.55745506,54.433041],[18.55746567,54.43301128],[18.55749016,54.43300818],[18.55765492,54.43298735],[18.55802659,54.43296826],[18.55805393,54.43296478],[18.55805758,54.43296667],[18.55807027,54.43296602],[18.55812616,54.43290482],[18.55815087,54.4328959],[18.5586362,54.43291868],[18.55863609,54.43292244],[18.55880274,54.43292844],[18.55875846,54.433106],[18.55874853,54.43314593],[18.55871595,54.43328885],[18.55868137,54.43343204],[18.55867437,54.43346128],[18.55864679,54.43357541],[18.55863178,54.43363811],[18.5586137,54.43371348],[18.55857517,54.43387278],[18.55866762,54.43388286]]]}},{"type":"Feature","properties":{"postcode":"81-872","address_count":17,"both_agree_count":17,"source_conflict_count":0,"unresolved_count":0,"area_m2":14826,"support100_pct":100,"streets":"Juliusza Słowackiego","label":[18.558007,54.431568],"label_r_km":0.037,"sea_km":1.04,"parts":1,"samples":[[18.55817,54.43158],[18.55817,54.43257]]},"geometry":{"type":"Polygon","coordinates":[[[18.5586362,54.43291868],[18.55815087,54.4328959],[18.55812616,54.43290482],[18.55807027,54.43296602],[18.55805758,54.43296667],[18.55805393,54.43296478],[18.55802659,54.43296826],[18.55765492,54.43298735],[18.55749016,54.43300818],[18.55738877,54.43274738],[18.55740405,54.43274919],[18.55757291,54.43276881],[18.5576215,54.43262474],[18.55764801,54.43254537],[18.55767616,54.43246187],[18.55769683,54.43233922],[18.55764073,54.43221344],[18.55804082,54.43211275],[18.55808132,54.43212218],[18.55806938,54.43210561],[18.55801573,54.43203569],[18.55800363,54.43201913],[18.55798748,54.43204292],[18.5576323,54.4321372],[18.55750814,54.43190318],[18.55737307,54.43184091],[18.55740649,54.43170275],[18.55731693,54.43169014],[18.55740294,54.43149874],[18.55745859,54.43137449],[18.55749105,54.43130237],[18.55757991,54.43110467],[18.55799362,54.43114588],[18.55800983,54.43115847],[18.55801199,54.43114777],[18.55802063,54.4311259],[18.55803559,54.43108824],[18.55817382,54.43115867],[18.55815218,54.43121307],[18.55824288,54.43125263],[18.55836294,54.43131029],[18.55848927,54.43136389],[18.55855421,54.43139135],[18.55857018,54.43139829],[18.55862117,54.43141997],[18.55868876,54.43144859],[18.55880236,54.43149685],[18.5588185,54.4315037],[18.55894579,54.43156114],[18.55906142,54.43160976],[18.55907366,54.43161509],[18.55899025,54.43172508],[18.55885315,54.43183066],[18.55881639,54.43185913],[18.55880754,54.431866],[18.55880389,54.43186889],[18.5587644,54.4318539],[18.55865425,54.43192298],[18.55862677,54.43194788],[18.55847222,54.43197149],[18.55841158,54.43200535],[18.55839923,54.43202047],[18.55841232,54.43213846],[18.55844579,54.43215933],[18.55840659,54.43224215],[18.55882252,54.43230923],[18.55881916,54.43234518],[18.55880771,54.43246643],[18.55880448,54.43250149],[18.55879613,54.43259057],[18.55878623,54.43270013],[18.55876867,54.43288215],[18.55867197,54.4328788],[18.55866564,54.43289782],[18.5586362,54.43291868]]]}},{"type":"Feature","properties":{"postcode":"81-873","address_count":23,"both_agree_count":23,"source_conflict_count":0,"unresolved_count":0,"area_m2":34708,"support100_pct":84,"streets":"Stanisława Wyspiańskiego","label":[18.556085,54.431551],"label_r_km":0.077,"sea_km":1.05,"parts":1,"samples":[[18.55633,54.43099],[18.55633,54.43198]]},"geometry":{"type":"Polygon","coordinates":[[[18.55642686,54.43071682],[18.55643972,54.43068711],[18.55648513,54.43064997],[18.55655664,54.43063832],[18.55672249,54.43064151],[18.55675057,54.43057472],[18.55666882,54.43057219],[18.55688657,54.430505],[18.55718943,54.43049629],[18.55720712,54.43058624],[18.55724948,54.43065566],[18.55729474,54.43065684],[18.55738912,54.43066216],[18.55755743,54.43070927],[18.55745608,54.43095178],[18.55740786,54.43106647],[18.55770523,54.431096],[18.55784549,54.4311091],[18.55802063,54.4311259],[18.55801199,54.43114777],[18.55800983,54.43115847],[18.55799362,54.43114588],[18.55757991,54.43110467],[18.55749105,54.43130237],[18.55745859,54.43137449],[18.55740294,54.43149874],[18.55731693,54.43169014],[18.55740649,54.43170275],[18.55737307,54.43184091],[18.55750814,54.43190318],[18.5576323,54.4321372],[18.55798748,54.43204292],[18.55800363,54.43201913],[18.55801573,54.43203569],[18.55806938,54.43210561],[18.55808132,54.43212218],[18.55804082,54.43211275],[18.55764073,54.43221344],[18.55769683,54.43233922],[18.55767616,54.43246187],[18.55764801,54.43254537],[18.5576215,54.43262474],[18.55757291,54.43276881],[18.55740405,54.43274919],[18.55738877,54.43274738],[18.55722264,54.43268022],[18.55719859,54.43266731],[18.55705311,54.43261119],[18.55685334,54.43252811],[18.55668011,54.43244885],[18.5566378,54.43243108],[18.55655038,54.43239428],[18.55648769,54.43238505],[18.55634995,54.43236475],[18.55598938,54.43231179],[18.5559721,54.43235122],[18.5537809,54.43165173],[18.55388285,54.43153668],[18.553961,54.43143433],[18.55400922,54.43133519],[18.55430366,54.43130198],[18.55605556,54.43076143],[18.55659648,54.43092861],[18.55662742,54.43085803],[18.55656659,54.43083854],[18.55651954,54.4308234],[18.55644761,54.4307806],[18.55642686,54.43071682]]]}},{"type":"Feature","properties":{"postcode":"81-874","address_count":27,"both_agree_count":27,"source_conflict_count":0,"unresolved_count":0,"area_m2":2016729,"support100_pct":9,"streets":"Mikołaja Reja","label":[18.535982,54.42782],"label_r_km":0.568,"sea_km":1.61,"parts":3,"samples":[[18.52501,54.42311],[18.52501,54.4241],[18.52671,54.42311],[18.52671,54.4241],[18.52671,54.42508],[18.52671,54.42607],[18.52671,54.42706],[18.52671,54.42805],[18.52841,54.4241],[18.52841,54.42508],[18.52841,54.42607],[18.52841,54.42706],[18.52841,54.42805],[18.52841,54.42904],[18.52841,54.43003],[18.52841,54.43102],[18.53011,54.42311],[18.53011,54.4241],[18.53011,54.42508],[18.53011,54.42607],[18.53011,54.42706],[18.53011,54.42805],[18.53011,54.42904],[18.53011,54.43003],[18.53011,54.43102],[18.53011,54.43201],[18.53011,54.433],[18.53181,54.42311],[18.53181,54.4241],[18.53181,54.42508],[18.53181,54.42607],[18.53181,54.42706],[18.53181,54.42805],[18.53181,54.42904],[18.53181,54.43003],[18.53181,54.43102],[18.53181,54.43201],[18.53181,54.433],[18.53351,54.42311],[18.53351,54.4241],[18.53351,54.42508],[18.53351,54.42607],[18.53351,54.42706],[18.53351,54.42805],[18.53351,54.42904],[18.53351,54.43003],[18.53351,54.43102],[18.53351,54.43201],[18.53351,54.433],[18.53521,54.42311],[18.53521,54.4241],[18.53521,54.42508],[18.53521,54.42607],[18.53521,54.42706],[18.53521,54.42805],[18.53521,54.42904],[18.53521,54.43003],[18.53521,54.43102],[18.53521,54.43201],[18.53521,54.433],[18.53691,54.42212],[18.53691,54.42311],[18.53691,54.4241],[18.53691,54.42508],[18.53691,54.42607],[18.53691,54.42706],[18.53691,54.42805],[18.53691,54.42904],[18.53691,54.43003],[18.53691,54.43102],[18.53691,54.43201],[18.53691,54.433],[18.53691,54.43399],[18.53861,54.42212],[18.53861,54.42311],[18.53861,54.4241],[18.53861,54.42508],[18.53861,54.42607],[18.53861,54.42706],[18.53861,54.42805],[18.53861,54.42904],[18.53861,54.43003],[18.53861,54.43102],[18.53861,54.43201],[18.53861,54.433],[18.53861,54.43399],[18.54031,54.42212],[18.54031,54.42311],[18.54031,54.4241],[18.54031,54.42508],[18.54031,54.42607],[18.54031,54.42706],[18.54031,54.42805],[18.54031,54.42904],[18.54031,54.43003],[18.54031,54.43102],[18.54031,54.43201],[18.54031,54.433],[18.54031,54.43399],[18.542,54.42212],[18.542,54.42311],[18.542,54.4241],[18.542,54.42508],[18.542,54.42607],[18.542,54.42706],[18.542,54.42805],[18.542,54.42904],[18.542,54.43003],[18.542,54.43102],[18.542,54.43201],[18.542,54.433],[18.542,54.43399],[18.5437,54.42311],[18.5437,54.4241],[18.5437,54.42508],[18.5437,54.42607],[18.5437,54.42706],[18.5437,54.42805],[18.5437,54.42904],[18.5437,54.43003],[18.5437,54.43102],[18.5437,54.43201],[18.5437,54.433],[18.5437,54.43399],[18.5454,54.42508],[18.5454,54.42607],[18.5454,54.42706],[18.5454,54.42805],[18.5454,54.42904],[18.5454,54.43003],[18.5454,54.43102],[18.5454,54.43201],[18.5454,54.433],[18.5454,54.43399],[18.5471,54.42607],[18.5471,54.42706],[18.5471,54.42805],[18.5471,54.42904],[18.5471,54.43003],[18.5471,54.43102],[18.5471,54.43201],[18.5471,54.433],[18.5471,54.43399],[18.5488,54.42805],[18.5488,54.42904],[18.5488,54.43003],[18.5488,54.43102],[18.5488,54.43201],[18.5488,54.433],[18.5488,54.43399],[18.5505,54.42904],[18.5505,54.43003],[18.5505,54.43102],[18.5505,54.43201],[18.5505,54.433],[18.5522,54.42904],[18.5522,54.43003],[18.5522,54.43102],[18.5522,54.43201],[18.5539,54.42904],[18.5539,54.43003],[18.5539,54.43102],[18.5556,54.42904],[18.5556,54.43003],[18.5573,54.43003],[18.559,54.43102]]},"geometry":{"type":"MultiPolygon","coordinates":[[[[18.5383636,54.42199626],[18.53876426,54.42196566],[18.53885299,54.42195888],[18.53896615,54.42185173],[18.53910257,54.42172255],[18.53932823,54.42176712],[18.53944951,54.42179108],[18.53982648,54.42172902],[18.53990713,54.42171507],[18.54002681,54.42169438],[18.54026751,54.42165275],[18.54059114,54.42163615],[18.54086443,54.42162213],[18.54093568,54.42162866],[18.54101664,54.42163607],[18.54125439,54.42165785],[18.54173223,54.42176847],[18.54227249,54.42185553],[18.54235398,54.4218741],[18.54898529,54.42743814],[18.55008251,54.42815653],[18.55300684,54.42893843],[18.55307882,54.42897338],[18.55589705,54.42896104],[18.55608077,54.4290127],[18.55756683,54.42914392],[18.55767104,54.42924388],[18.55831383,54.43014282],[18.55833958,54.43015247],[18.55840732,54.43017125],[18.55861218,54.43027672],[18.55842575,54.4302496],[18.55828964,54.43023112],[18.55815962,54.43023352],[18.55813478,54.43023514],[18.55791686,54.43023866],[18.55789297,54.43023821],[18.55755144,54.43025071],[18.55753755,54.43025174],[18.55743781,54.43024958],[18.55742994,54.43024937],[18.55736312,54.43024023],[18.55730626,54.43022231],[18.55729436,54.43022442],[18.55728799,54.43022943],[18.55728453,54.43023562],[18.55728194,54.43024676],[18.55728145,54.4302491],[18.55728236,54.43025117],[18.55728656,54.43026143],[18.55729098,54.43026684],[18.55730048,54.43027209],[18.55734542,54.43026542],[18.55740961,54.43027564],[18.55741976,54.43027819],[18.55750802,54.43031564],[18.55751802,54.43031838],[18.55764948,54.43035374],[18.55784514,54.43042629],[18.55791811,54.43045227],[18.55797612,54.43046363],[18.55821302,54.43050144],[18.55834373,54.43053491],[18.55846958,54.43057601],[18.55847466,54.43057728],[18.55852602,54.43059006],[18.55860247,54.43060742],[18.55860739,54.43060861],[18.55872831,54.43063476],[18.55876281,54.4306392],[18.55883012,54.43061688],[18.5588975,54.43057424],[18.55891294,54.43057295],[18.55896033,54.43058212],[18.55896925,54.4305844],[18.55910385,54.43047089],[18.55907588,54.43046225],[18.55905856,54.43045266],[18.5590519,54.43044104],[18.55905775,54.43042748],[18.55906044,54.43042506],[18.55930484,54.43045322],[18.55943901,54.4302659],[18.56093577,54.43063487],[18.56069491,54.43077067],[18.56047567,54.43088723],[18.56033361,54.43097998],[18.56026756,54.43102677],[18.5601588,54.43115518],[18.55985268,54.43135494],[18.55970048,54.43132496],[18.55959701,54.4315009],[18.55951074,54.43166113],[18.55929542,54.43162655],[18.55908678,54.43159301],[18.55907366,54.43161509],[18.55906142,54.43160976],[18.55894579,54.43156114],[18.5588185,54.4315037],[18.55880236,54.43149685],[18.55868876,54.43144859],[18.55862117,54.43141997],[18.55857018,54.43139829],[18.55855421,54.43139135],[18.55848927,54.43136389],[18.55836294,54.43131029],[18.55824288,54.43125263],[18.55815218,54.43121307],[18.55817382,54.43115867],[18.55803559,54.43108824],[18.55802063,54.4311259],[18.55784549,54.4311091],[18.55770523,54.431096],[18.55740786,54.43106647],[18.55745608,54.43095178],[18.55755743,54.43070927],[18.55738912,54.43066216],[18.55729474,54.43065684],[18.55724948,54.43065566],[18.55720712,54.43058624],[18.55718943,54.43049629],[18.55688657,54.430505],[18.55666882,54.43057219],[18.55675057,54.43057472],[18.55672249,54.43064151],[18.55655664,54.43063832],[18.55648513,54.43064997],[18.55643972,54.43068711],[18.55642686,54.43071682],[18.55644761,54.4307806],[18.55651954,54.4308234],[18.55656659,54.43083854],[18.55662742,54.43085803],[18.55659648,54.43092861],[18.55605556,54.43076143],[18.55430366,54.43130198],[18.55400922,54.43133519],[18.553961,54.43143433],[18.55388285,54.43153668],[18.5537809,54.43165173],[18.55259459,54.43265385],[18.55198798,54.4330332],[18.55067823,54.4334999],[18.55061907,54.43350215],[18.54896594,54.43419943],[18.54814318,54.43445488],[18.5475792,54.43454508],[18.54438992,54.43497073],[18.54411847,54.43494263],[18.53736749,54.43409299],[18.53677836,54.43400454],[18.52905467,54.43340557],[18.5241615,54.42262827],[18.52425955,54.42264726],[18.52443774,54.42268178],[18.5261419,54.4229546],[18.52721292,54.42313725],[18.52789898,54.42323102],[18.52852398,54.42320652],[18.52865602,54.42320134],[18.52915515,54.42318177],[18.53102285,54.42299029],[18.53107913,54.42298999],[18.5319306,54.42298541],[18.53283811,54.42278015],[18.53317599,54.42270373],[18.53329509,54.42267679],[18.53361392,54.42259611],[18.53436685,54.42240557],[18.53548437,54.42217188],[18.5359057,54.42209089],[18.53628293,54.42201838],[18.53732135,54.42181638],[18.5377711,54.42204151],[18.5383636,54.42199626]],[[18.54095975,54.43205479],[18.54091629,54.4321083],[18.54160962,54.43214725],[18.54161729,54.43209576],[18.54161534,54.4320491],[18.5413802,54.43204704],[18.54127717,54.43204943],[18.54121073,54.43204756],[18.54111891,54.43203957],[18.54098669,54.43201821],[18.54095975,54.43205479]],[[18.54999663,54.42915569],[18.5499881,54.42916042],[18.54997627,54.42917009],[18.5499687,54.42918597],[18.54996355,54.42920519],[18.5499661,54.42921177],[18.54997387,54.42922078],[18.54997953,54.42922422],[18.54998384,54.42922559],[18.5499974,54.42922564],[18.55004476,54.42922357],[18.55005759,54.42922137],[18.55006581,54.42921708],[18.55008308,54.42920222],[18.55008776,54.42919774],[18.5500909,54.42919272],[18.5500891,54.42918822],[18.55007406,54.42918115],[18.55004153,54.42916719],[18.55001802,54.42915919],[18.55000757,54.429156],[18.54999663,54.42915569]],[[18.55071499,54.42920098],[18.55069943,54.42919903],[18.55061069,54.42919259],[18.55055215,54.42918788],[18.55050006,54.42918516],[18.55050077,54.42916215],[18.55046856,54.42916068],[18.55044145,54.42915852],[18.55041236,54.42915301],[18.55040618,54.42915434],[18.55040459,54.42915883],[18.55040462,54.42918418],[18.55035823,54.42918275],[18.55034101,54.42917783],[18.55033486,54.42917655],[18.55031822,54.42917523],[18.55030588,54.42917572],[18.5502436,54.42917405],[18.55019437,54.429178],[18.55014819,54.42918493],[18.55012673,54.42918764],[18.55012235,54.42919284],[18.55012342,54.42920759],[18.55012216,54.4292528],[18.55012283,54.42926206],[18.55012817,54.42926712],[18.55014633,54.42926988],[18.5501716,54.42927195],[18.55020689,54.42927343],[18.55023633,54.42927453],[18.55027673,54.42927468],[18.55029108,54.42927339],[18.55029977,54.42926866],[18.55030526,54.42926005],[18.55031403,54.42923338],[18.55032564,54.42920106],[18.55032881,54.42919361],[18.55033407,54.42919174],[18.55033823,54.42919193],[18.55034085,54.42919275],[18.55034314,54.42919465],[18.55034308,54.42920004],[18.55038036,54.42920306],[18.55043628,54.42920785],[18.55044167,54.42920832],[18.55044396,54.42921076],[18.55044347,54.42921354],[18.55044465,54.42921777],[18.55045357,54.42922014],[18.55048809,54.42922225],[18.55054125,54.42922496],[18.55058346,54.42922872],[18.55058807,54.4292308],[18.5505903,54.42923755],[18.5505854,54.42926334],[18.55058659,54.42926676],[18.55058997,54.42926812],[18.55060352,54.42926979],[18.55068886,54.42927757],[18.55070058,54.42927761],[18.55070245,54.42927537],[18.55070753,54.42924779],[18.55070932,54.42922514],[18.55071499,54.42920098]],[[18.55178243,54.42934627],[18.55168634,54.42930572],[18.55167247,54.42931997],[18.55165624,54.42933726],[18.5519982,54.42948264],[18.55198619,54.42952323],[18.55208259,54.42953518],[18.55210653,54.4294469],[18.55179005,54.42934],[18.55178243,54.42934627]],[[18.54708232,54.43086487],[18.54706253,54.43082758],[18.54680223,54.43088468],[18.54652497,54.43094108],[18.54656537,54.43099769],[18.54681942,54.43091989],[18.54708232,54.43086487]]],[[[18.55815957,54.43042537],[18.55799243,54.43040974],[18.55792658,54.43039602],[18.55788267,54.43037815],[18.55788216,54.43034003],[18.55790809,54.43030821],[18.55794567,54.43029891],[18.55811311,54.43030006],[18.55827708,54.43030956],[18.5583753,54.43032367],[18.55841457,54.4303426],[18.55842147,54.43037526],[18.55835914,54.43042178],[18.55831053,54.4304252],[18.55815957,54.43042537]]],[[[18.56121312,54.43162395],[18.56112247,54.43177926],[18.56111811,54.43182106],[18.5611093,54.43181885],[18.56106185,54.43180982],[18.56065751,54.43174413],[18.56069587,54.43163075],[18.56073053,54.43152826],[18.5606544,54.43151311],[18.56067264,54.43146367],[18.56065375,54.43139337],[18.56085977,54.43143359],[18.56093854,54.43129917],[18.56110038,54.43129088],[18.56132445,54.43133557],[18.56122506,54.43150521],[18.561325,54.43152437],[18.561312,54.43161696],[18.56133078,54.43164679],[18.5613171,54.43164413],[18.56125858,54.43173694],[18.56123416,54.43173175],[18.56120581,54.43178777],[18.56115776,54.43177901],[18.56118533,54.43172147],[18.56116971,54.43171821],[18.56122471,54.43162623],[18.56121312,54.43162395]]]]}},{"type":"Feature","properties":{"postcode":"81-875","address_count":7,"both_agree_count":7,"source_conflict_count":0,"unresolved_count":0,"area_m2":2879656,"support100_pct":3,"streets":"Leśna Polana","label":[18.519402,54.431489],"label_r_km":0.55,"sea_km":2.75,"parts":1,"samples":[[18.50533,54.44441],[18.50703,54.43155],[18.50703,54.44342],[18.50703,54.44441],[18.50703,54.4454],[18.50873,54.42265],[18.50873,54.43155],[18.50873,54.43254],[18.50873,54.43353],[18.50873,54.43452],[18.50873,54.43551],[18.50873,54.4365],[18.50873,54.43749],[18.50873,54.44244],[18.50873,54.44342],[18.50873,54.44441],[18.50873,54.4454],[18.50873,54.44639],[18.51043,54.42265],[18.51043,54.42364],[18.51043,54.42463],[18.51043,54.42958],[18.51043,54.43057],[18.51043,54.43155],[18.51043,54.43254],[18.51043,54.43353],[18.51043,54.43452],[18.51043,54.43551],[18.51043,54.4365],[18.51043,54.43749],[18.51043,54.43848],[18.51043,54.44244],[18.51043,54.44342],[18.51043,54.44441],[18.51043,54.4454],[18.51043,54.44639],[18.51213,54.42265],[18.51213,54.42364],[18.51213,54.42463],[18.51213,54.42562],[18.51213,54.42661],[18.51213,54.4276],[18.51213,54.42859],[18.51213,54.42958],[18.51213,54.43057],[18.51213,54.43155],[18.51213,54.43254],[18.51213,54.43353],[18.51213,54.43452],[18.51213,54.43551],[18.51213,54.4365],[18.51213,54.43749],[18.51213,54.43848],[18.51213,54.43947],[18.51213,54.44145],[18.51213,54.44244],[18.51213,54.44342],[18.51213,54.44441],[18.51213,54.4454],[18.51213,54.44639],[18.51383,54.42265],[18.51383,54.42364],[18.51383,54.42463],[18.51383,54.42562],[18.51383,54.42661],[18.51383,54.4276],[18.51383,54.42859],[18.51383,54.42958],[18.51383,54.43057],[18.51383,54.43155],[18.51383,54.43254],[18.51383,54.43353],[18.51383,54.43452],[18.51383,54.43551],[18.51383,54.4365],[18.51383,54.43749],[18.51383,54.43848],[18.51383,54.43947],[18.51383,54.44046],[18.51383,54.44145],[18.51383,54.44244],[18.51383,54.44342],[18.51383,54.44441],[18.51383,54.4454],[18.51553,54.42166],[18.51553,54.42265],[18.51553,54.42364],[18.51553,54.42463],[18.51553,54.42562],[18.51553,54.42661],[18.51553,54.4276],[18.51553,54.42859],[18.51553,54.42958],[18.51553,54.43057],[18.51553,54.43155],[18.51553,54.43254],[18.51553,54.43353],[18.51553,54.43452],[18.51553,54.43551],[18.51553,54.4365],[18.51553,54.43749],[18.51553,54.43848],[18.51553,54.43947],[18.51553,54.44046],[18.51553,54.44145],[18.51553,54.44244],[18.51553,54.44342],[18.51553,54.44441],[18.51723,54.42166],[18.51723,54.42265],[18.51723,54.42364],[18.51723,54.42463],[18.51723,54.42562],[18.51723,54.42661],[18.51723,54.4276],[18.51723,54.42859],[18.51723,54.42958],[18.51723,54.43057],[18.51723,54.43155],[18.51723,54.43254],[18.51723,54.43353],[18.51723,54.43452],[18.51723,54.43551],[18.51723,54.4365],[18.51723,54.43749],[18.51723,54.43848],[18.51723,54.43947],[18.51723,54.44046],[18.51723,54.44145],[18.51723,54.44244],[18.51723,54.44342],[18.51893,54.42166],[18.51893,54.42265],[18.51893,54.42364],[18.51893,54.42463],[18.51893,54.42562],[18.51893,54.42661],[18.51893,54.4276],[18.51893,54.42859],[18.51893,54.42958],[18.51893,54.43057],[18.51893,54.43155],[18.51893,54.43254],[18.51893,54.43353],[18.51893,54.43452],[18.51893,54.43551],[18.51893,54.4365],[18.51893,54.43749],[18.51893,54.43848],[18.51893,54.43947],[18.51893,54.44046],[18.51893,54.44145],[18.51893,54.44244],[18.51893,54.44342],[18.52063,54.42166],[18.52063,54.42265],[18.52063,54.42364],[18.52063,54.42463],[18.52063,54.42562],[18.52063,54.42661],[18.52063,54.4276],[18.52063,54.42859],[18.52063,54.42958],[18.52063,54.43057],[18.52063,54.43155],[18.52063,54.43254],[18.52063,54.43353],[18.52063,54.43452],[18.52063,54.43551],[18.52063,54.4365],[18.52063,54.43749],[18.52063,54.43848],[18.52063,54.43947],[18.52063,54.44046],[18.52063,54.44145],[18.52063,54.44244],[18.52233,54.42265],[18.52233,54.42364],[18.52233,54.42463],[18.52233,54.42562],[18.52233,54.42661],[18.52233,54.4276],[18.52233,54.42859],[18.52233,54.42958],[18.52233,54.43057],[18.52233,54.43155],[18.52233,54.43254],[18.52233,54.43353],[18.52233,54.43452],[18.52233,54.43551],[18.52233,54.4365],[18.52233,54.43749],[18.52233,54.43848],[18.52233,54.43947],[18.52233,54.44046],[18.52233,54.44145],[18.52403,54.42265],[18.52403,54.42364],[18.52403,54.42463],[18.52403,54.42562],[18.52403,54.42661],[18.52403,54.4276],[18.52403,54.42859],[18.52403,54.42958],[18.52403,54.43057],[18.52403,54.43155],[18.52403,54.43254],[18.52403,54.43353],[18.52403,54.43452],[18.52403,54.43551],[18.52403,54.4365],[18.52403,54.43749],[18.52403,54.43848],[18.52403,54.43947],[18.52403,54.44046],[18.52573,54.42661],[18.52573,54.4276],[18.52573,54.42859],[18.52573,54.42958],[18.52573,54.43057],[18.52573,54.43155],[18.52573,54.43254],[18.52573,54.43353],[18.52573,54.43452],[18.52573,54.43551],[18.52573,54.4365],[18.52573,54.43749],[18.52573,54.43848],[18.52573,54.43947],[18.52573,54.44046],[18.52743,54.43057],[18.52743,54.43155],[18.52743,54.43254],[18.52743,54.43353],[18.52743,54.43452],[18.52743,54.43551],[18.52743,54.4365],[18.52743,54.43749],[18.52743,54.43848],[18.52743,54.43947]]},"geometry":{"type":"Polygon","coordinates":[[[18.51025747,54.42483553],[18.51014851,54.42483481],[18.51008485,54.42483439],[18.51002586,54.424834],[18.5099985,54.42482089],[18.50995685,54.42480092],[18.5098904,54.42476907],[18.50965958,54.4244901],[18.5095012,54.42429867],[18.50944977,54.42387886],[18.50943583,54.42386214],[18.50940225,54.42382185],[18.50937282,54.42378655],[18.50937138,54.42378613],[18.50935558,54.4237815],[18.50921771,54.42374112],[18.50883636,54.42367794],[18.50877719,54.4236525],[18.50875952,54.4236449],[18.50865714,54.42360089],[18.50822971,54.42334562],[18.50815343,54.42330006],[18.50804986,54.42323586],[18.50783808,54.42310456],[18.50781169,54.4230882],[18.5077573,54.42301082],[18.50769564,54.42292311],[18.50754359,54.42275034],[18.50796496,54.42268487],[18.50818362,54.42265089],[18.50837971,54.42263145],[18.50880846,54.42258894],[18.50992097,54.42247862],[18.51201932,54.42227091],[18.51428888,54.42193145],[18.51518462,54.42162438],[18.51556326,54.42149458],[18.51611046,54.42136799],[18.51647116,54.42129051],[18.5170433,54.4211676],[18.51820392,54.42120576],[18.51944881,54.42132889],[18.52018278,54.4214737],[18.52053895,54.42154395],[18.52078028,54.42179143],[18.52234884,54.42219975],[18.52342959,54.42245805],[18.52405762,54.42260814],[18.5241615,54.42262827],[18.52905467,54.43340557],[18.5285433,54.43522788],[18.52805459,54.43845176],[18.52804193,54.43854907],[18.52774855,54.43959833],[18.51015634,54.44727404],[18.5097919,54.44744121],[18.50947726,54.44729615],[18.50720793,54.44624831],[18.50720792,54.44624831],[18.50710435,54.44625046],[18.50710141,54.44619971],[18.507082,54.4461908],[18.50676575,54.44604559],[18.50658078,54.44596094],[18.50592156,54.44565923],[18.50448458,54.44500153],[18.50452475,54.44494989],[18.504591,54.44486473],[18.50468323,54.44474617],[18.50474455,54.44462324],[18.50477917,54.44455384],[18.50497992,54.44415142],[18.50521686,54.44381468],[18.50525395,54.44376801],[18.50532226,54.44368208],[18.5054857,54.44347646],[18.50565802,54.44331369],[18.50569035,54.44328315],[18.50579642,54.44322082],[18.50596353,54.44312263],[18.50608999,54.4430661],[18.50617528,54.44302796],[18.50631491,54.44296554],[18.50674172,54.44283833],[18.5067735,54.44282882],[18.50678869,54.44282428],[18.50679655,54.44282193],[18.50704851,54.44274677],[18.50717784,54.44270818],[18.50753759,54.44260086],[18.5079207,54.44246402],[18.50792299,54.4424632],[18.50819428,54.4423663],[18.5099141,54.44194334],[18.51017376,54.44188393],[18.51081792,54.44173652],[18.51090214,54.44171725],[18.51222058,54.44134941],[18.51261211,54.44123448],[18.51310504,54.44108978],[18.51340656,54.44101645],[18.51355435,54.44099763],[18.51362583,54.44098852],[18.51366927,54.44098299],[18.51365759,54.44092491],[18.51341356,54.44066268],[18.51341325,54.44066235],[18.51336136,54.44060659],[18.51312584,54.44033608],[18.51286154,54.44007249],[18.51285816,54.44006912],[18.51283418,54.44005436],[18.51271152,54.43997882],[18.51245491,54.43985756],[18.51211457,54.43969672],[18.5119277,54.43958134],[18.51183221,54.43948468],[18.51181948,54.43947179],[18.51178876,54.4394407],[18.51172942,54.43936076],[18.51162714,54.43922297],[18.51150808,54.43905672],[18.51135457,54.4389465],[18.51105016,54.43881105],[18.51067965,54.4386401],[18.51064171,54.4386226],[18.51057238,54.43859061],[18.51050629,54.43855488],[18.51018855,54.43838308],[18.50901475,54.43774842],[18.50897517,54.43772693],[18.50874586,54.4376025],[18.50841887,54.43742506],[18.50826019,54.43730615],[18.50817916,54.43717741],[18.50817136,54.43716501],[18.5081647,54.43714116],[18.50813249,54.43702592],[18.50813024,54.43700344],[18.50811941,54.43689541],[18.50810841,54.43678564],[18.50810489,54.43675057],[18.50808902,54.43613914],[18.50808799,54.43609929],[18.50808721,54.43606908],[18.50806556,54.43522877],[18.50806414,54.43517748],[18.50806353,54.43515552],[18.50806332,54.43514783],[18.50801729,54.43396845],[18.50800533,54.43366321],[18.50798464,54.43313545],[18.50795844,54.43301068],[18.50792474,54.43295787],[18.50790411,54.43292556],[18.50788661,54.43289814],[18.50709458,54.43202045],[18.50692481,54.43181934],[18.50677851,54.43164604],[18.50671071,54.43153531],[18.50665035,54.43143674],[18.50663129,54.4314056],[18.50669183,54.43132817],[18.50679011,54.43126298],[18.50702183,54.43122688],[18.50719722,54.43119956],[18.50727908,54.43118681],[18.50733695,54.43117087],[18.50765658,54.4310828],[18.50793953,54.43098139],[18.50821997,54.43088089],[18.50845136,54.43080076],[18.50870155,54.43076979],[18.50911657,54.43072195],[18.50924926,54.43068561],[18.50941007,54.43064156],[18.50952284,54.43057916],[18.50957369,54.43055103],[18.5096741,54.43045959],[18.50967465,54.43045788],[18.50971016,54.43034758],[18.50969406,54.43019621],[18.50968714,54.43013115],[18.50967387,54.43000632],[18.50967118,54.42988678],[18.50967053,54.42985793],[18.50966734,54.42971597],[18.50965271,54.42954981],[18.50964733,54.42948873],[18.50963864,54.42938996],[18.50968757,54.42924762],[18.50978667,54.42908718],[18.51002219,54.42891809],[18.51037227,54.42877915],[18.51037978,54.4287753],[18.51050992,54.42870858],[18.51060701,54.42861032],[18.51064,54.42857693],[18.51072085,54.42849511],[18.51082775,54.42838686],[18.51087479,54.42833924],[18.5108782,54.42833578],[18.51103003,54.42820388],[18.5111468,54.42806439],[18.51115286,54.4279456],[18.51115341,54.42793492],[18.51115361,54.42793095],[18.51115361,54.42793094],[18.51109732,54.42753065],[18.51102535,54.42746816],[18.51088761,54.42716012],[18.51088494,54.42712541],[18.51088245,54.42709309],[18.51086925,54.42692157],[18.51084932,54.42661685],[18.51084564,54.42656058],[18.51084469,54.42655576],[18.51083033,54.42648267],[18.51079711,54.42631363],[18.51064772,54.42564932],[18.51061142,54.42560776],[18.51057205,54.42556267],[18.51054871,54.42548714],[18.51050664,54.42535105],[18.51046481,54.42521569],[18.510434,54.42510092],[18.51038274,54.42491002],[18.51030894,54.42486614],[18.51025747,54.42483553]],[[18.51218882,54.4355317],[18.51225679,54.43553539],[18.51231752,54.43553734],[18.51234792,54.43553575],[18.51238144,54.4355055],[18.51239927,54.43547186],[18.51237778,54.43544984],[18.5123274,54.43543283],[18.51229274,54.43542927],[18.51224944,54.43542658],[18.51221174,54.43543236],[18.51218404,54.43545328],[18.51217212,54.43548362],[18.51217606,54.43551483],[18.51218882,54.4355317]],[[18.5155015,54.44447755],[18.51550683,54.4444043],[18.51547455,54.44435616],[18.51543576,54.44433596],[18.51536098,54.44433305],[18.51524262,54.44433779],[18.51511836,54.44433208],[18.51504516,54.44432567],[18.51500751,54.44434036],[18.5150042,54.44437172],[18.51502022,54.44441287],[18.51507188,54.44446629],[18.51518201,54.44451906],[18.51529402,54.44454306],[18.51538086,54.44454341],[18.51546959,54.444515],[18.5155015,54.44447755]]]}},{"type":"Feature","properties":{"postcode":"81-876","address_count":19,"both_agree_count":16,"source_conflict_count":3,"unresolved_count":0,"area_m2":42026,"support100_pct":79,"streets":"Jana z Kolna; Leśna","label":[18.558879,54.429696],"label_r_km":0.051,"sea_km":0.83,"parts":2,"samples":[[18.55842,54.42895],[18.55842,54.42994],[18.56012,54.42994],[18.56351,54.43093]]},"geometry":{"type":"MultiPolygon","coordinates":[[[[18.55773358,54.42905783],[18.5581967,54.42893017],[18.55891084,54.42853571],[18.55913142,54.42857923],[18.5591654,54.42845957],[18.55978355,54.42851089],[18.55973909,54.42867434],[18.55972456,54.42872778],[18.55975408,54.42873135],[18.55979691,54.42879127],[18.55971003,54.42878068],[18.55966474,54.42893928],[18.56006638,54.42901262],[18.56018951,54.42903523],[18.56026367,54.4290489],[18.56025869,54.42905746],[18.5601885,54.42917656],[18.5601278,54.42927954],[18.56010266,54.42932206],[18.56009813,54.42932998],[18.56002583,54.42931577],[18.55959894,54.4292341],[18.55958766,54.4292319],[18.55953046,54.42944456],[18.56001655,54.42955129],[18.56007436,54.42956396],[18.56042879,54.42964237],[18.56052106,54.42966279],[18.5605038,54.42968459],[18.56060803,54.42969431],[18.56063481,54.42968688],[18.56070931,54.42970375],[18.56084518,54.42971642],[18.56087427,54.4297411],[18.56091444,54.42975018],[18.56125096,54.42982634],[18.56131514,54.42984151],[18.56145565,54.42983232],[18.56145355,54.42987424],[18.56156619,54.42990088],[18.56141754,54.43014091],[18.56142372,54.43021025],[18.56144719,54.43021607],[18.56148628,54.43026913],[18.56139674,54.43032223],[18.56164941,54.43050991],[18.5614999,54.4305416],[18.5612682,54.43065983],[18.56120679,54.43064471],[18.56069906,54.43076833],[18.56093577,54.43063487],[18.55943901,54.4302659],[18.55930484,54.43045322],[18.55906044,54.43042506],[18.55906538,54.43042059],[18.55908121,54.43041085],[18.55910392,54.43040697],[18.55912456,54.43040957],[18.55914715,54.43041603],[18.55916046,54.43039765],[18.55915514,54.43039026],[18.55913002,54.43037417],[18.55908843,54.43035639],[18.55900176,54.43032866],[18.55892566,54.43032119],[18.55872443,54.43029321],[18.55869579,54.43028888],[18.55861218,54.43027672],[18.55840732,54.43017125],[18.55833958,54.43015247],[18.55831383,54.43014282],[18.55767104,54.42924388],[18.55756683,54.42914392],[18.55773358,54.42905783]]],[[[18.56408416,54.43039039],[18.56407542,54.43040913],[18.56421062,54.43048707],[18.56499282,54.43074669],[18.56512202,54.43091062],[18.56512918,54.43106135],[18.56429415,54.43119694],[18.5638429,54.43118752],[18.56363723,54.43103604],[18.56348671,54.43104767],[18.56347056,54.43103939],[18.56325426,54.43077139],[18.56325228,54.43077045],[18.56325308,54.43076992],[18.56323819,54.43075148],[18.56333797,54.43048052],[18.56293423,54.43059203],[18.56251533,54.4305416],[18.56233745,54.43045145],[18.56233019,54.4304557],[18.56232318,54.43044849],[18.56236024,54.43035943],[18.56236857,54.43033837],[18.56240065,54.43035018],[18.56250313,54.43028312],[18.56256305,54.43029219],[18.56258202,54.43024862],[18.5626109,54.43025279],[18.56261786,54.43025378],[18.56269184,54.43022364],[18.56276941,54.43024995],[18.5627842,54.43022674],[18.56290762,54.43028159],[18.56296159,54.43030551],[18.5629562,54.43031328],[18.56337405,54.43045495],[18.56395417,54.43033924],[18.56406645,54.43040397],[18.56408416,54.43039039]]]]}},{"type":"Feature","properties":{"postcode":"81-877","address_count":62,"both_agree_count":62,"source_conflict_count":0,"unresolved_count":0,"area_m2":577695,"support100_pct":28,"streets":"Smolna; Świemirowska","label":[18.551689,54.424693],"label_r_km":0.288,"sea_km":0.54,"parts":1,"samples":[[18.5449,54.42293],[18.5449,54.42391],[18.5466,54.42293],[18.5466,54.42391],[18.5466,54.4249],[18.5483,54.42293],[18.5483,54.42391],[18.5483,54.4249],[18.5483,54.42589],[18.55,54.42293],[18.55,54.42391],[18.55,54.4249],[18.55,54.42589],[18.55,54.42688],[18.55,54.42787],[18.5517,54.42194],[18.5517,54.42293],[18.5517,54.42391],[18.5517,54.4249],[18.5517,54.42589],[18.5517,54.42688],[18.5517,54.42787],[18.5534,54.42194],[18.5534,54.42293],[18.5534,54.42391],[18.5534,54.4249],[18.5534,54.42589],[18.5534,54.42688],[18.5534,54.42787],[18.5534,54.42886],[18.5551,54.42293],[18.5551,54.42391],[18.5551,54.4249],[18.5551,54.42589],[18.5551,54.42688],[18.5551,54.42787],[18.5551,54.42886],[18.5568,54.4249],[18.5568,54.42589],[18.5568,54.42688],[18.5568,54.42787],[18.5568,54.42886],[18.5585,54.42688],[18.5585,54.42787],[18.5602,54.42688],[18.5602,54.42787],[18.5602,54.42886],[18.5619,54.42688]]},"geometry":{"type":"Polygon","coordinates":[[[18.54648553,54.42245475],[18.54649184,54.4224552],[18.54693214,54.4224868],[18.5471552,54.42250681],[18.54720195,54.42250906],[18.5473274,54.4225151],[18.54745444,54.42250914],[18.54775133,54.42249525],[18.54786679,54.42248984],[18.54866643,54.42231658],[18.54942238,54.42213714],[18.55062754,54.42187399],[18.55066626,54.42186553],[18.55204773,54.42157244],[18.55269645,54.4214418],[18.55256832,54.42146761],[18.55508814,54.42262566],[18.55828314,54.42587222],[18.55835672,54.42590456],[18.55815008,54.42592121],[18.55814346,54.42592178],[18.5581316,54.4259681],[18.55844404,54.42594294],[18.55894241,54.42616199],[18.55957649,54.42621578],[18.55997384,54.42619293],[18.56002762,54.42616933],[18.56061334,54.42628809],[18.56056086,54.42649359],[18.56071313,54.42650663],[18.56071731,54.426497],[18.56077079,54.42628354],[18.56093169,54.42629726],[18.56089725,54.42648304],[18.56089037,54.42652072],[18.5610832,54.42653707],[18.5614695,54.42657005],[18.56146284,54.42658589],[18.56148859,54.42660007],[18.56150775,54.42657328],[18.56154586,54.4265767],[18.5615276,54.42662155],[18.56155381,54.42663597],[18.56155803,54.42663503],[18.56156209,54.42662559],[18.56158956,54.42662799],[18.56174197,54.42659393],[18.56187322,54.42660546],[18.56206901,54.4266227],[18.56193775,54.42712105],[18.5624449,54.42717961],[18.56246019,54.42718142],[18.56244216,54.4272833],[18.56203374,54.42723192],[18.56177734,54.42736806],[18.56155643,54.42748544],[18.56130615,54.4276184],[18.56129351,54.42767452],[18.56188478,54.42776548],[18.56129177,54.42768172],[18.56128131,54.42772822],[18.56157682,54.42776997],[18.56154163,54.42792439],[18.56153528,54.42795578],[18.56158808,54.42796291],[18.56151975,54.42818308],[18.56147773,54.42836799],[18.56166887,54.42838247],[18.56195622,54.42841419],[18.56191771,54.42858427],[18.56182713,54.42857553],[18.56171155,54.42859718],[18.5616001,54.4285826],[18.56112957,54.42852082],[18.56111557,54.42855574],[18.56106292,54.42868357],[18.56104507,54.42876478],[18.56114341,54.4288459],[18.56135395,54.42887152],[18.56130134,54.42895712],[18.56126096,54.42902433],[18.56114674,54.429213],[18.56114043,54.42922606],[18.56100743,54.42950645],[18.56100422,54.42950826],[18.56088583,54.42968679],[18.56086554,54.42968222],[18.56084518,54.42971642],[18.56070931,54.42970375],[18.56063481,54.42968688],[18.56060803,54.42969431],[18.5605038,54.42968459],[18.56052106,54.42966279],[18.56042879,54.42964237],[18.56007436,54.42956396],[18.56001655,54.42955129],[18.55953046,54.42944456],[18.55958766,54.4292319],[18.55959894,54.4292341],[18.56002583,54.42931577],[18.56009813,54.42932998],[18.56010266,54.42932206],[18.5601278,54.42927954],[18.5601885,54.42917656],[18.56025869,54.42905746],[18.56026367,54.4290489],[18.56018951,54.42903523],[18.56006638,54.42901262],[18.55966474,54.42893928],[18.55971003,54.42878068],[18.55979691,54.42879127],[18.55975408,54.42873135],[18.55972456,54.42872778],[18.55973909,54.42867434],[18.55978355,54.42851089],[18.5591654,54.42845957],[18.55913142,54.42857923],[18.55891084,54.42853571],[18.5581967,54.42893017],[18.55773358,54.42905783],[18.55756683,54.42914392],[18.55608077,54.4290127],[18.55589705,54.42896104],[18.55307882,54.42897338],[18.55300684,54.42893843],[18.55008251,54.42815653],[18.54898529,54.42743814],[18.54235398,54.4218741],[18.54238928,54.42188215],[18.54277936,54.42197104],[18.54336914,54.42213361],[18.54436617,54.42256595],[18.54490903,54.42254688],[18.54533793,54.42248059],[18.54535344,54.4224782],[18.54552221,54.42245211],[18.5462949,54.42244107],[18.54648553,54.42245475]],[[18.55495533,54.42662538],[18.55481842,54.42659601],[18.55476862,54.42659574],[18.55471336,54.42660192],[18.5546665,54.42661451],[18.55463863,54.42663985],[18.5546271,54.42666462],[18.55462285,54.42668753],[18.55463492,54.4267256],[18.55467833,54.4267611],[18.55476754,54.42680889],[18.55486898,54.42685305],[18.55494967,54.42687681],[18.55503654,54.42688486],[18.55509723,54.42687618],[18.55512835,54.42685068],[18.55515375,54.42679737],[18.55517534,54.42673964],[18.5551717,54.42672048],[18.5550465,54.42666356],[18.55495533,54.42662538]],[[18.56002982,54.42881542],[18.5600092,54.42881148],[18.55998742,54.42881482],[18.55997426,54.42881999],[18.55995936,54.42882901],[18.55993753,54.42883747],[18.5599173,54.42884063],[18.55988814,54.42884161],[18.55983736,54.42884664],[18.55979691,54.42885152],[18.5597774,54.42885954],[18.55975771,54.42886945],[18.55974572,54.42888002],[18.55974357,54.42889358],[18.55974592,54.42890492],[18.55975227,54.428916],[18.5597634,54.42892854],[18.55977887,54.42893767],[18.55980637,54.42894676],[18.55983348,54.4289501],[18.55985602,54.42894739],[18.55988093,54.42893957],[18.55997133,54.42890646],[18.56003137,54.42888627],[18.56004425,54.42887913],[18.56005559,54.42887072],[18.56006064,54.42886058],[18.56005896,54.42884475],[18.56004972,54.42882844],[18.56002982,54.42881542]]]}},{"type":"Feature","properties":{"postcode":"81-881","address_count":66,"both_agree_count":66,"source_conflict_count":0,"unresolved_count":0,"area_m2":798673,"support100_pct":39,"streets":"Oskara Kolberga; Władysława Cieszyńskiego","label":[18.52989,54.455348],"label_r_km":0.301,"sea_km":2.19,"parts":1,"samples":[[18.51962,54.45362],[18.51962,54.45461],[18.52132,54.45362],[18.52132,54.45461],[18.52132,54.4556],[18.52132,54.45659],[18.52132,54.45758],[18.52302,54.45362],[18.52302,54.45461],[18.52302,54.4556],[18.52302,54.45659],[18.52472,54.45362],[18.52472,54.45461],[18.52472,54.4556],[18.52472,54.45659],[18.52642,54.45362],[18.52642,54.45461],[18.52642,54.4556],[18.52642,54.45659],[18.52642,54.45758],[18.52812,54.45264],[18.52812,54.45362],[18.52812,54.45461],[18.52812,54.4556],[18.52812,54.45659],[18.52812,54.45758],[18.52982,54.45264],[18.52982,54.45362],[18.52982,54.45461],[18.52982,54.4556],[18.52982,54.45659],[18.52982,54.45758],[18.53152,54.45264],[18.53152,54.45362],[18.53152,54.45461],[18.53152,54.4556],[18.53152,54.45659],[18.53152,54.45758],[18.53322,54.45264],[18.53322,54.45362],[18.53322,54.45461],[18.53322,54.4556],[18.53322,54.45659],[18.53322,54.45758],[18.53322,54.45857],[18.53492,54.45362],[18.53492,54.45461],[18.53492,54.4556],[18.53492,54.45659],[18.53492,54.45758],[18.53492,54.45857],[18.53662,54.45461],[18.53662,54.4556],[18.53662,54.45659],[18.53662,54.45758],[18.53662,54.45857],[18.53832,54.45461],[18.53832,54.4556],[18.53832,54.45659],[18.53832,54.45758],[18.54002,54.45461],[18.54002,54.4556],[18.54002,54.45659],[18.54002,54.45758],[18.54171,54.45461],[18.54171,54.4556],[18.54171,54.45659]]},"geometry":{"type":"Polygon","coordinates":[[[18.52010577,54.45564818],[18.52009521,54.45564302],[18.52005515,54.45562343],[18.52005151,54.45562165],[18.52002055,54.45560651],[18.5194089,54.45537201],[18.51938182,54.45536163],[18.51936172,54.45535392],[18.51916014,54.45521768],[18.5191196,54.45516662],[18.51910883,54.45515304],[18.51908728,54.4551259],[18.51907904,54.45510526],[18.51897934,54.45485543],[18.51883902,54.45450381],[18.5188235,54.45445351],[18.51881532,54.454427],[18.51877342,54.45429116],[18.51879406,54.45395954],[18.51891065,54.45325457],[18.51891066,54.45325453],[18.51895654,54.45295639],[18.52886816,54.45257817],[18.5295533,54.45253316],[18.53022598,54.45247302],[18.53227353,54.45217814],[18.53229624,54.45217138],[18.53238527,54.45214076],[18.53545059,54.45378473],[18.53626471,54.45414659],[18.53902292,54.45438875],[18.54001023,54.45438666],[18.54041321,54.45435904],[18.54058724,54.45433566],[18.54177094,54.45411299],[18.54181216,54.45441483],[18.54172102,54.45500743],[18.54198468,54.45510651],[18.54168855,54.45515923],[18.54162378,54.45517066],[18.54170886,54.45535563],[18.54174405,54.4554269],[18.54191685,54.45540079],[18.5420173,54.4555794],[18.54213082,54.4557814],[18.54214443,54.45578008],[18.54216874,54.45582626],[18.54201084,54.45595739],[18.54202885,54.45608921],[18.5421968,54.45628422],[18.54219868,54.45628342],[18.54221841,54.45629474],[18.54223088,54.45630438],[18.54224467,54.45632158],[18.54224844,54.45633764],[18.5422471,54.45634263],[18.54226041,54.45635807],[18.54223814,54.45636329],[18.542202,54.4563718],[18.54219033,54.45638614],[18.54217778,54.4564172],[18.54220397,54.45642705],[18.54225724,54.45642016],[18.54230823,54.4564136],[18.54236978,54.45648507],[18.54260511,54.45704626],[18.54271778,54.45724518],[18.54267025,54.45726014],[18.54245028,54.45732933],[18.54202887,54.4574619],[18.54196054,54.45748339],[18.54194904,54.45748701],[18.54184514,54.45751988],[18.5417654,54.45754511],[18.54154431,54.45761505],[18.54128273,54.45769781],[18.54106692,54.45772744],[18.53960272,54.45792463],[18.53960271,54.45792463],[18.53910679,54.4582068],[18.53885409,54.45828106],[18.53880756,54.45829467],[18.53867805,54.45833253],[18.53857392,54.45836298],[18.5379361,54.45854947],[18.53793514,54.45854975],[18.53755158,54.45866376],[18.53705045,54.4588092],[18.53678539,54.45884593],[18.53663576,54.45886666],[18.53611371,54.45893858],[18.53600651,54.45895335],[18.53573511,54.45899074],[18.5353224,54.45904759],[18.53366309,54.4589489],[18.53354013,54.45894158],[18.53281986,54.45889873],[18.53267626,54.45889019],[18.53147318,54.45833675],[18.53144538,54.45833302],[18.53139147,54.45832579],[18.53134091,54.45831908],[18.53129869,54.45831347],[18.53126373,54.45830883],[18.5307911,54.45824573],[18.52985584,54.45812085],[18.52973759,54.45810498],[18.52910156,54.45801964],[18.52815385,54.45789246],[18.52745506,54.45779876],[18.52689367,54.45772348],[18.52632616,54.45764642],[18.52632166,54.4576458],[18.52605007,54.45760892],[18.52501468,54.45747183],[18.52320981,54.45753994],[18.52278451,54.45752978],[18.52257969,54.45752488],[18.52210598,54.45757107],[18.52176295,54.45760451],[18.52110733,54.45766951],[18.52105151,54.4576787],[18.52001398,54.45784951],[18.51999675,54.45786399],[18.51999323,54.45786694],[18.5199798,54.45787822],[18.51994333,54.45785978],[18.52034308,54.45725588],[18.52036381,54.45722457],[18.52036533,54.45722243],[18.52052611,54.45699568],[18.52109521,54.45619306],[18.52115203,54.45611375],[18.52042381,54.45580369],[18.52010577,54.45564818]],[[18.5363526,54.45720581],[18.53639452,54.45719617],[18.53642364,54.45718658],[18.53644195,54.45717748],[18.53645348,54.45716736],[18.53645848,54.45716217],[18.53646363,54.45715625],[18.53646712,54.45714863],[18.53646736,54.45714063],[18.53646218,54.4571344],[18.53645576,54.45712925],[18.53644317,54.45712426],[18.53642069,54.45711932],[18.53639403,54.45711697],[18.53635774,54.45711908],[18.53632065,54.45712442],[18.53628587,54.45713022],[18.53627223,54.45713538],[18.53625685,54.45714467],[18.53624688,54.45715335],[18.53623514,54.45716814],[18.53622478,54.4571833],[18.53622208,54.45719039],[18.53622371,54.45719588],[18.53624356,54.45721447],[18.53626032,54.45721984],[18.53627449,54.45722214],[18.53629348,54.45722141],[18.5363114,54.45721905],[18.5363526,54.45720581]]]}}]}